"DateTime","ABG004 - PwM AC Tri 1 - Voltage L1 - N (GRID) [VAC] ","ABG004 - PwM AC Tri 1 - Voltage L2 - N (GRID) [VAC] ","ABG004 - PwM AC Tri 1 - Voltage L3 - N (GRID) [VAC] ","ABG004 - PWM AC Tri 1 - Curent L1 (GRID) [A] ","ABG004 - PWM AC Tri 1 - Curent L2 (GRID) [A] ","ABG004 - PWM AC Tri 1 - Curent L3 (GRID) [A] "
"2026-08-18 13:50",230.53,235.46,230.152,0.332,0.547,0.472
"2026-08-18 13:55",229.243,234.542,224.376,0.328,0.535,7.713
"2026-08-18 14:00",228.158,233.552,223.367,0.33,0.538,7.645
"2026-08-18 14:05",227.847,233.085,227.573,0.329,0.543,0.484
"2026-08-18 14:10",228.53,233.319,228.263,0.33,0.544,0.47
"2026-08-18 14:15",228.048,232.948,227.575,0.329,0.545,0.473
"2026-08-18 14:20",227.216,232.738,222.138,0.329,0.535,7.888
"2026-08-18 14:25",227.279,232.656,226.958,0.582,0.653,0.926
"2026-08-18 14:30",226.719,231.595,226.23,0.328,0.543,0.47
"2026-08-18 14:35",226.632,232.093,226.371,0.329,0.54,0.471
"2026-08-18 14:40",225.234,230.552,220.106,0.326,0.529,8.028
"2026-08-18 14:45",226.09,231.57,223.09,,,
"2026-08-18 14:50",226.942,232.58,226.071,0.331,0.544,0.529
"2026-08-18 14:55",225.976,231.218,224.729,0.328,0.538,0.466
"2026-08-18 15:00",225.928,231.41,224.777,0.327,0.54,0.468
"2026-08-18 15:05",226.228,232.635,225.551,1.393,1.384,1.292
"2026-08-18 15:10",224.486,231.492,219.634,1.292,1.032,8.597
"2026-08-18 15:15",224.106,230.659,223.751,1.393,1.144,1.284
"2026-08-18 15:20",225.156,231.244,224.859,0.341,0.706,0.487
"2026-08-18 15:25",223.201,230.577,218.869,0.325,0.552,7.775
"2026-08-18 15:30",224.774,231.626,224.276,0.324,0.539,0.465
"2026-08-18 15:35",226.694,233.444,226.747,0.323,0.539,0.462
"2026-08-18 15:40",226.57,232.978,225.809,0.322,0.537,0.463
"2026-08-18 15:45",227.374,234.278,222.321,0.329,0.539,7.926
"2026-08-18 15:50",226.495,233.926,221.977,1.251,1.147,8.561
"2026-08-18 15:55",226.601,233.708,226.767,1.472,1.189,1.391
"2026-08-18 16:00",227.443,234.123,226.866,0.35,0.566,0.642
"2026-08-18 16:05",227.816,234.485,227.344,0.33,0.545,0.471
"2026-08-18 16:10",227.456,234.504,227.422,1.415,1.005,1.022
"2026-08-18 16:15",226.716,234.463,222.892,1.298,0.988,8.37
"2026-08-18 16:20",227.513,235.13,227.841,1.379,1.118,1.329
"2026-08-18 16:25",227.519,234.62,227.593,1.404,1.209,1.449
"2026-08-18 16:30",229.538,236.894,225.007,1.594,1.179,8.842
"2026-08-18 16:35",226.343,233.092,227.399,1.609,1.244,1.419
"2026-08-18 16:40",225.663,232.035,226.199,1.501,1.28,1.445
"2026-08-18 16:45",226.566,232.988,226.943,1.497,1.272,1.436
"2026-08-18 16:50",226.759,233.974,222.648,1.46,1.213,8.549
"2026-08-18 16:55",226.351,232.628,226.358,1.484,1.191,1.485
"2026-08-18 17:00",228.33,234.558,228.7,1.416,1.245,1.411
"2026-08-18 17:05",228.531,235.157,228.831,1.477,1.263,1.437
"2026-08-18 17:10",229.437,236.325,230.165,1.436,1.215,1.403
"2026-08-18 17:15",228.344,235.628,224.075,1.45,1.211,8.575
"2026-08-18 17:20",229.303,236.004,229.381,1.285,1.242,1.321
"2026-08-18 17:25",230.055,237.122,230.642,1.289,1.046,1.328
"2026-08-18 17:30",229.897,236.33,225.749,1.479,1.036,8.29
"2026-08-18 17:35",230.5,236.332,230.606,1.542,1.274,1.381
"2026-08-18 17:40",231.649,237.049,231.442,1.554,1.416,1.372
"2026-08-18 17:45",231.576,236.5,226.629,1.572,1.48,8.714
"2026-08-18 17:50",231.429,235.919,231.202,1.638,1.46,1.56
"2026-08-18 17:55",231.913,236.372,231.323,1.647,1.389,1.652
"2026-08-18 18:00",231.79,236.71,231.99,,,
"2026-08-18 18:05",231.663,237.052,232.654,1.646,1.407,1.659
"2026-08-18 18:10",224.333,231.454,218.301,1.695,1.426,8.282
"2026-08-18 18:15",226.229,232.917,224.341,1.69,1.478,1.602
"2026-08-18 18:20",227.73,235.04,226.097,1.65,1.445,1.656
"2026-08-18 18:25",227.592,234.964,221.506,1.667,1.521,8.352
"2026-08-18 18:30",228.334,235.693,226.384,1.633,1.522,1.591
"2026-08-18 18:35",229.408,236.866,227.211,1.601,1.438,1.702
"2026-08-18 18:40",227.688,236.935,227.716,1.681,1.481,1.566
"2026-08-18 18:45",225.361,234.425,225.739,1.715,1.429,1.666
"2026-08-18 18:50",223.264,231.992,223.209,1.701,1.516,1.583
"2026-08-18 18:55",225.711,235.279,220.865,1.625,1.449,8.185
"2026-08-18 19:00",225.465,234.41,224.434,1.661,1.439,1.684
"2026-08-18 19:05",224.832,233.707,223.697,1.654,1.416,1.742
"2026-08-18 19:10",223.794,232.356,222.387,1.666,1.42,1.728
"2026-08-18 19:15",223.149,231.988,217.496,1.692,1.512,8.463
"2026-08-18 19:20",223.252,232.084,221.878,1.638,1.536,1.644
"2026-08-18 19:25",231.988,238.143,230.967,1.588,1.449,1.711
"2026-08-18 19:30",225.031,231.56,224.373,1.654,1.552,1.536
"2026-08-18 19:35",223.772,231.889,223.066,1.681,1.517,1.594
"2026-08-18 19:40",222.313,230.464,221.96,1.697,1.501,1.587
"2026-08-18 19:45",223.076,231.265,222.282,1.731,1.477,1.613
"2026-08-18 19:50",0,0,0,0,0,0
"2026-08-18 19:55",0,0,0,0,0,0
"2026-08-18 20:00",0,0,0,0,0,0
"2026-08-18 20:05",0,0,0,0,0,0
"2026-08-18 20:10",0,0,0,0,0,0
"2026-08-18 20:15",0,0,0,0,0,0
"2026-08-18 20:20",0,0,0,0,0,0
"2026-08-18 20:25",0,0,0,0,0,0
"2026-08-18 20:30",0,0,0,0,0,0
"2026-08-18 20:35",0,0,0,0,0,0
"2026-08-18 20:40",228.583,237.678,228.42,1.717,1.486,1.586
"2026-08-18 20:45",222.364,231.241,221.869,1.707,1.417,1.678
"2026-08-18 20:50",221.687,231.358,217.597,1.73,1.489,8.628
"2026-08-18 20:55",219.825,230.54,220.602,1.734,1.534,1.595
"2026-08-18 21:00",221.991,232.844,222.929,1.716,1.495,1.576
"2026-08-18 21:05",222.171,233.092,222.993,1.713,1.424,1.667
"2026-08-18 21:10",222.203,233.657,219.134,1.691,1.538,8.549
"2026-08-18 21:15",223.492,234.183,224.145,1.655,1.489,1.618
"2026-08-18 21:20",223.544,234.173,224.288,1.681,1.499,1.572
"2026-08-18 21:25",223.146,233.72,223.78,1.678,1.479,1.61
"2026-08-18 21:30",223.738,234.614,224.554,1.693,1.461,1.614
"2026-08-18 21:35",221.24,229.918,221.24,1.707,1.466,1.642
"2026-08-18 21:40",221.914,231.002,221.154,1.75,1.413,1.647
"2026-08-18 21:45",221.768,231.316,217.011,1.744,1.515,8.553
"2026-08-18 21:50",222.323,231.185,221.365,1.679,1.463,1.685
"2026-08-18 21:55",221.971,230.709,221.063,1.693,1.478,1.644
"2026-08-18 22:00",222.199,230.714,221.039,1.688,1.45,1.68
"2026-08-18 22:05",221.254,230.682,216.303,1.646,1.526,8.624
"2026-08-18 22:10",221.375,231.517,220.587,1.764,1.455,1.56
"2026-08-18 22:15",221.641,231.526,221.023,1.722,1.511,1.563
"2026-08-18 22:20",221.47,231.642,220.895,1.706,1.488,1.625
"2026-08-18 22:25",221.686,231.771,221.156,1.671,1.434,1.704
"2026-08-18 22:30",220.919,230.776,220.472,1.727,1.47,1.607
"2026-08-18 22:35",221.748,231.621,221.019,1.756,1.443,1.59
"2026-08-18 22:40",221.191,231.656,216.539,1.74,1.434,8.667
"2026-08-18 22:45",221.956,231.988,221.409,1.686,1.467,1.675
"2026-08-18 22:50",221.743,231.117,219.15,1.68,1.51,1.641
"2026-08-18 22:55",221.888,231.393,219.306,1.689,1.586,1.535
"2026-08-18 23:00",221.104,230.855,214.369,1.669,1.497,8.454
"2026-08-18 23:05",221.495,230.647,218.637,1.68,1.476,1.658
"2026-08-18 23:10",221.219,230.624,218.483,1.69,1.495,1.68
"2026-08-18 23:15",221,230.529,218.312,1.701,1.468,1.68
"2026-08-18 23:20",220.35,229.59,217.776,1.675,1.447,1.713
"2026-08-18 23:25",221.265,230.761,218.579,1.717,1.464,1.652
"2026-08-18 23:30",222.474,232.353,220.248,1.708,1.409,1.699
"2026-08-18 23:35",222.225,232.552,215.881,1.703,1.413,8.545
"2026-08-18 23:40",222.442,232.154,220.114,1.704,1.503,1.612
"2026-08-18 23:45",223.276,233.087,220.833,1.591,1.506,1.704
"2026-08-18 23:50",222.678,232.488,220.044,1.722,1.355,1.711
"2026-08-18 23:55",222.539,232.311,220.234,1.754,1.391,1.64
"2026-08-19 00:00",222.53,232.17,220.15,,,
"2026-08-19 00:05",222.512,232.032,220.061,1.669,1.443,1.691
"2026-08-19 00:10",220.751,231.133,214.69,1.65,1.452,8.585
"2026-08-19 00:15",222.173,231.921,220.181,1.738,1.539,1.548
"2026-08-19 00:20",222.518,232.189,220.164,1.742,1.46,1.581
"2026-08-19 00:25",222.629,232.539,220.321,1.729,1.493,1.587
"2026-08-19 00:30",222.381,232.774,216.006,1.743,1.471,8.537
"2026-08-19 00:35",222.813,232.737,220.625,1.703,1.506,1.63
"2026-08-19 00:40",222.365,232.177,220.269,1.671,1.505,1.608
"2026-08-19 00:45",222.951,232.32,220.442,1.669,1.438,1.695
"2026-08-19 00:50",222.948,232.638,220.328,1.778,1.421,1.597
"2026-08-19 00:55",223.383,233.034,220.824,1.803,1.352,1.648
"2026-08-19 01:00",224.098,234.024,221.99,1.628,1.506,1.606
"2026-08-19 01:05",223.612,233.789,216.766,1.675,1.45,8.618
"2026-08-19 01:10",224.081,233.72,221.612,1.695,1.492,1.594
"2026-08-19 01:15",223.697,233.316,221.296,1.751,1.478,1.553
"2026-08-19 01:20",223.474,232.974,221.035,1.719,1.533,1.512
"2026-08-19 01:25",223.621,233.44,216.534,1.661,1.494,8.558
"2026-08-19 01:30",224.301,233.777,221.635,1.682,1.473,1.61
"2026-08-19 01:35",224.026,233.713,221.531,1.651,1.475,1.641
"2026-08-19 01:40",224.497,234.345,221.78,1.604,1.435,1.738
"2026-08-19 01:45",225.097,234.691,222.41,1.582,1.421,1.756
"2026-08-19 01:50",224.934,234.544,222.338,1.658,1.483,1.619
"2026-08-19 01:55",225.162,234.757,222.434,1.693,1.432,1.666
"2026-08-19 02:00",224.984,235.136,218.106,1.631,1.401,8.58
"2026-08-19 02:05",225.945,235.619,223.51,1.728,1.443,1.601
"2026-08-19 02:10",226.134,236.035,223.994,1.713,1.437,1.614
"2026-08-19 02:15",225.608,235.362,223.282,1.746,1.498,1.52
"2026-08-19 02:20",225.341,235.564,219.014,1.687,1.485,8.297
"2026-08-19 02:25",225.214,235.581,223.928,1.733,1.4,1.613
"2026-08-19 02:30",225.527,235.945,224.234,1.705,1.465,1.572
"2026-08-19 02:35",226.04,236.68,224.64,1.683,1.419,1.644
"2026-08-19 02:40",225.68,236.161,224.416,1.692,1.447,1.609
"2026-08-19 02:45",225.657,236.422,224.377,1.707,1.368,1.701
"2026-08-19 02:50",226.135,236.728,224.905,1.622,1.459,1.674
"2026-08-19 02:55",224.45,236.41,220.214,1.694,1.436,8.332
"2026-08-19 03:00",224.627,236.066,224.806,1.664,1.504,1.594
"2026-08-19 03:05",225.066,236.638,225.138,1.648,1.545,1.632
"2026-08-19 03:10",225.242,236.759,225.273,1.645,1.477,1.635
"2026-08-19 03:15",225.963,237.325,225.856,1.651,1.527,1.578
"2026-08-19 03:20",224.844,237.493,221.856,1.657,1.473,8.243
"2026-08-19 03:25",224.729,236.323,225.909,1.66,1.433,1.657
"2026-08-19 03:30",225.108,236.627,226.173,1.679,1.43,1.608
"2026-08-19 03:35",224.749,235.971,225.65,1.7,1.445,1.546
"2026-08-19 03:40",224.991,236.417,226.012,1.711,1.427,1.595
"2026-08-19 03:45",225.269,236.649,226.117,1.777,1.307,1.659
"2026-08-19 03:50",223.9,234.24,224.313,1.561,1.45,1.711
"2026-08-19 03:55",222.386,233.05,218.857,1.628,1.477,8.469
"2026-08-19 04:00",222.978,233.121,223.295,1.581,1.559,1.627
"2026-08-19 04:05",225.534,235.424,225.877,1.671,1.482,1.583
"2026-08-19 04:10",224.93,235.266,225.408,1.652,1.403,1.672
"2026-08-19 04:15",224.841,235.19,225.462,1.664,1.442,1.625
"2026-08-19 04:20",224.358,234.329,224.737,1.669,1.431,1.641
"2026-08-19 04:25",223.914,234.489,220.133,1.724,1.452,8.374
"2026-08-19 04:30",224.722,234.744,225.094,1.683,1.416,1.639
"2026-08-19 04:35",224.417,234.745,225.053,1.785,1.373,1.571
"2026-08-19 04:40",224.731,234.838,225.15,1.654,1.403,1.686
"2026-08-19 04:45",224.361,235.185,220.672,1.752,1.359,8.637
"2026-08-19 04:50",224.912,235.036,225.43,1.624,1.448,1.674
"2026-08-19 04:55",224.694,234.84,225.264,1.616,1.552,1.547
"2026-08-19 05:00",224.441,234.517,224.881,1.608,1.499,1.624
"2026-08-19 05:05",224.464,234.583,224.875,1.647,1.461,1.647
"2026-08-19 05:10",224.595,234.587,225.043,1.627,1.461,1.657
"2026-08-19 05:15",224.681,234.724,224.743,1.657,1.448,1.647
"2026-08-19 05:20",223.899,234.621,220.006,1.678,1.446,8.628
"2026-08-19 05:25",224.087,234.046,224.295,1.578,1.401,1.803
"2026-08-19 05:30",224.355,234.304,224.824,1.744,1.445,1.581
"2026-08-19 05:35",224.572,234.512,225.036,1.711,1.492,1.553
"2026-08-19 05:40",223.887,234.095,220.259,1.676,1.539,8.507
"2026-08-19 05:45",224.556,234.223,224.925,1.645,1.476,1.641
"2026-08-19 05:50",225.155,234.963,225.813,1.651,1.459,1.619
"2026-08-19 05:55",226.098,236.043,226.83,1.677,1.425,1.606
"2026-08-19 06:00",226.38,236.01,227.21,,,
"2026-08-19 06:05",226.672,235.978,227.582,1.667,1.487,1.567
"2026-08-19 06:10",226.517,235.548,227.32,1.641,1.429,1.66
"2026-08-19 06:15",225.75,235.202,222.165,1.662,1.477,8.682
"2026-08-19 06:20",225.443,234.619,226.597,1.64,1.503,1.644
"2026-08-19 06:25",232.982,237.055,233.33,1.433,0.903,1.235
"2026-08-19 06:30",231.982,236.22,232.472,1.616,1.445,1.616
"2026-08-19 06:35",233.291,237.35,233.794,1.51,1.497,1.604
"2026-08-19 06:40",229.243,232.261,229.279,1.635,1.395,1.617
"2026-08-19 06:45",229.07,232.496,224.659,1.674,1.398,8.504
"2026-08-19 06:50",229.973,233.035,229.955,1.614,1.346,1.708
"2026-08-19 06:55",229.84,232.742,229.683,1.586,1.487,1.583
"2026-08-19 07:00",229.754,232.715,229.454,1.602,1.473,1.6
"2026-08-19 07:05",229.98,232.91,229.792,1.619,1.447,1.59
"2026-08-19 07:10",228.722,232.391,224.755,1.615,1.379,8.281
"2026-08-19 07:15",229.47,232.498,229.634,1.582,1.464,1.522
"2026-08-19 07:20",229.874,232.779,229.633,1.515,1.457,1.572
"2026-08-19 07:25",228.878,231.719,228.841,1.493,1.452,1.531
"2026-08-19 07:30",229.038,233.821,229.825,1.587,1.4,1.546
"2026-08-19 07:35",227.986,232.996,224.395,1.541,1.426,8.212
"2026-08-19 07:40",231.717,236.055,232.209,1.435,1.336,1.401
"2026-08-19 07:45",230.896,234.948,231.218,1.39,1.426,1.407
"2026-08-19 07:50",231.686,236.003,232.104,1.453,1.287,1.46
"2026-08-19 07:55",231.231,235.519,231.629,1.41,1.224,1.358
"2026-08-19 08:00",230.35,235.427,226.574,1.41,1.308,8.2
"2026-08-19 08:05",230.311,234.752,230.682,1.417,1.228,1.395
"2026-08-19 08:10",230.73,235.012,231.131,1.302,1.177,1.364
"2026-08-19 08:15",229.674,234.374,230.715,1.431,1.046,1.163
"2026-08-19 08:20",230.855,236.109,227.482,1.513,1.041,8.096
"2026-08-19 08:25",230.866,235.386,231.45,1.438,1.159,1.226
"2026-08-19 08:30",230.462,234.815,231.139,1.446,1.042,1.313
"2026-08-19 08:35",231.514,236.04,231.967,1.492,1.05,1.224
"2026-08-19 08:40",230.623,235.026,231.232,1.556,1.224,1.282
"2026-08-19 08:45",229.199,234.037,225.304,1.354,1.033,7.946
"2026-08-19 08:50",228.688,233.105,229.422,1.437,1.02,1.02
"2026-08-19 08:55",228.866,233.084,229.443,0.87,0.847,0.643
"2026-08-19 09:00",228.709,233.205,229.616,1.101,0.861,1.045
"2026-08-19 09:05",228.188,232.545,228.784,1.536,1.051,1.25
"2026-08-19 09:10",228.694,232.806,229.307,1.506,1.065,1.167
"2026-08-19 09:15",227.611,232.319,223.521,1.539,1.043,8.326
"2026-08-19 09:20",227.618,231.792,228.175,1.589,1.137,1.29
"2026-08-19 09:25",227.415,231.502,228.015,1.594,1.307,1.389
"2026-08-19 09:30",226.724,232.138,222.288,1.618,1.303,8.473
"2026-08-19 09:35",228.524,233.211,228.048,1.403,0.878,1.159
"2026-08-19 09:40",228.83,233.574,228.182,1.478,0.96,1.1
"2026-08-19 09:45",229.733,234.898,229.275,1.42,0.921,1.156
"2026-08-19 09:50",228.761,233.937,223.673,1.526,1.076,7.996
"2026-08-19 09:55",228.79,233.641,228.367,1.581,1.141,1.312
"2026-08-19 10:00",228.624,233.564,228.354,1.576,1.1,1.309
"2026-08-19 10:05",229.485,234.301,224.62,1.437,1.259,7.755
"2026-08-19 10:10",228.116,232.602,227.264,1.508,1.359,1.39
"2026-08-19 10:15",228.02,232.554,227.6,1.587,1.47,1.473
"2026-08-19 10:20",228.917,233.159,228.18,1.299,1.178,1.313
"2026-08-19 10:25",229.102,233.578,228.225,1.143,0.906,1.078
"2026-08-19 10:30",228.251,233.111,223.24,0.389,0.538,7.394
"2026-08-19 10:35",230.538,234.88,229.416,0.902,0.832,0.911
"2026-08-19 10:40",229.141,233.888,228.713,1.38,0.964,1.145
"2026-08-19 10:45",229.545,234.178,229.287,1.41,1.041,1.202
"2026-08-19 10:50",229.155,234.541,224.598,1.435,0.999,8.21
"2026-08-19 10:55",230.188,234.531,229.788,1.463,1.237,1.286
"2026-08-19 11:00",230.228,234.855,229.604,1.468,1.272,1.368
"2026-08-19 11:05",229.613,233.9,228.769,1.386,1.251,1.442
"2026-08-19 11:10",229.263,234.024,224.573,1.458,1.14,8.285
"2026-08-19 11:15",230.323,235.099,229.941,1.285,1.164,1.235
"2026-08-19 11:20",230.202,235.06,230.109,1.417,0.905,1.088
"2026-08-19 11:25",230.107,234.961,229.785,1.218,0.862,0.982
"2026-08-19 11:30",229.076,234.153,229.284,1.042,0.797,0.869
"2026-08-19 11:35",228.718,234.143,224.155,0.913,0.777,7.734
"2026-08-19 11:40",229.793,234.566,229.791,0.334,0.547,0.477
"2026-08-19 11:45",228.963,233.966,228.908,1.124,0.909,0.918
"2026-08-19 11:50",227.991,233.834,223.785,0.35,0.54,7.648
"2026-08-19 11:55",228.484,233.275,228.834,1.128,0.931,0.957
"2026-08-19 12:00",229.17,233.89,229.27,,,
"2026-08-19 12:05",229.863,234.496,229.709,1.488,1.157,1.295
"2026-08-19 12:10",229.538,234.655,229.793,1.375,1.316,1.456
"2026-08-19 12:15",229.309,233.938,225.077,1.512,1.32,8.64
"2026-08-19 12:20",230.215,235.194,230.405,1.469,1.34,1.295
"2026-08-19 12:25",230.664,235.602,230.816,1.344,1.328,1.405
"2026-08-19 12:30",230.579,235.293,225.964,1.404,1.272,8.375
"2026-08-19 12:35",231.99,236.404,232.09,1.437,1.294,1.347
"2026-08-19 12:40",232.078,235.923,232.296,1.4,1.261,1.453
"2026-08-19 12:45",231.288,235.775,232.117,1.488,1.271,1.432
"2026-08-19 12:50",230.032,233.243,230.362,1.34,1.113,1.416
"2026-08-19 12:55",229.368,233.068,225.38,1.302,0.997,7.983
"2026-08-19 13:00",230.268,233.14,230.158,1.322,0.915,0.985
"2026-08-19 13:05",230.288,233.283,230.958,1.322,0.931,1.038
"2026-08-19 13:10",229.285,232.662,225.448,1.29,1.048,8.194
"2026-08-19 13:15",230.812,233.437,231.508,1.296,1.075,1.121
"2026-08-19 13:20",231.158,234.198,232.143,1.299,0.975,1.03
"2026-08-19 13:25",230.904,233.812,231.675,1.282,1.001,1.136
"2026-08-19 13:30",229.898,233.174,225.553,1.337,1.151,8.179
"2026-08-19 13:35",230.202,233.426,231.062,1.326,0.859,0.901
"2026-08-19 13:40",230.703,233.41,231.023,0.335,0.543,0.477
"2026-08-19 13:45",230.821,233.771,231.452,0.572,0.634,0.481
"2026-08-19 13:50",230.879,233.737,231.215,0.356,0.545,0.479
"2026-08-19 13:55",229.024,232.873,225.377,1.113,0.889,7.97
"2026-08-19 14:00",229.861,232.833,230.353,0.839,0.6,0.94
"2026-08-19 14:05",229.089,232.141,229.94,0.999,0.659,0.897
"2026-08-19 14:10",229.317,231.931,224.31,1.237,0.85,8.027
"2026-08-19 14:15",228.346,231.593,228.298,1.336,1.013,1.069
"2026-08-19 14:20",228.619,232.591,229.159,1.27,0.852,1.12
"2026-08-19 14:25",228.119,232.05,228.374,1.299,0.92,1.107
"2026-08-19 14:30",229.462,234.912,226.076,1.336,0.976,8.033
"2026-08-19 14:35",230.242,234.935,230.873,1.296,0.903,1.165
"2026-08-19 14:40",229.83,234.736,230.399,1.322,0.953,1.206
"2026-08-19 14:45",229.271,234.307,225.24,1.33,0.938,8.438
"2026-08-19 14:50",229.564,234.665,230.366,1.365,1.05,1.165
"2026-08-19 14:55",229.532,234.492,230.325,1.316,0.938,1.224
"2026-08-19 15:00",229.774,234.875,230.655,1.398,1.135,1.225
"2026-08-19 15:05",229.143,234.844,225.426,1.505,1.25,8.25
"2026-08-19 15:10",230.352,235.937,231.309,1.478,1.249,1.291
"2026-08-19 15:15",230.387,235.739,231.28,1.364,1.06,1.171
"2026-08-19 15:20",229.451,235.192,225.993,1.345,1.01,8.397
"2026-08-19 15:25",230.299,235.877,231.163,1.245,0.798,1.015
"2026-08-19 15:30",231.152,236.237,231.653,0.786,0.687,0.795
"2026-08-19 15:35",230.721,235.644,230.807,1.069,0.896,0.967
"2026-08-19 15:40",230.426,235.717,230.734,1.394,1.065,1.234
"2026-08-19 15:45",229.724,235.559,225.509,1.385,1.032,8.451
"2026-08-19 15:50",229.851,234.551,229.816,1.49,1.18,1.315
"2026-08-19 15:55",230.01,234.696,229.806,1.527,1.278,1.405
"2026-08-19 16:00",229.482,235.008,225.417,1.455,1.268,8.429
"2026-08-19 16:05",229.931,234.586,229.781,1.431,1.377,1.538
"2026-08-19 16:10",230.334,235.303,230.481,1.384,1.375,1.462
"2026-08-19 16:15",229.817,235.18,225.494,1.407,1.415,8.477
"2026-08-19 16:20",229.931,234.591,230.471,1.382,1.446,1.532
"2026-08-19 16:25",231.813,236.574,231.848,1.384,1.395,1.522
"2026-08-19 16:30",231.424,236.248,231.614,1.383,1.336,1.552
"2026-08-19 16:35",231.684,236.411,232.096,1.506,1.332,1.464
"2026-08-19 16:40",232.671,237.251,232.622,1.448,1.237,1.583
"2026-08-19 16:45",232.985,237.206,227.879,1.468,1.243,8.674
"2026-08-19 16:50",233.5,236.43,233.369,1.364,1.22,1.443
"2026-08-19 16:55",233.124,235.735,233.094,1.467,1.321,1.499
"2026-08-19 17:00",233.063,236.464,228.719,1.478,1.323,8.676
"2026-08-19 17:05",231.136,232.79,231.314,1.553,1.437,1.493
"2026-08-19 17:10",230.578,232.638,230.582,1.554,1.435,1.601
"2026-08-19 17:15",229.261,231.23,229.122,1.553,1.405,1.625
"2026-08-19 17:20",229.818,231.812,229.936,1.572,1.404,1.638
"2026-08-19 17:25",229.935,231.719,229.772,1.614,1.442,1.581
"2026-08-19 17:30",228.945,231.449,224.565,1.636,1.381,8.724
"2026-08-19 17:35",229.828,231.94,229.946,1.651,1.381,1.623
"2026-08-19 17:40",229.144,231.286,229.244,1.634,1.416,1.616
"2026-08-19 17:45",228.3,230.722,223.718,1.54,1.516,8.576
"2026-08-19 17:50",228.983,230.892,228.906,1.559,1.438,1.662
"2026-08-19 17:55",229.391,231.415,229.67,1.561,1.444,1.637
"2026-08-19 18:00",230.29,232.34,230.13,,,
"2026-08-19 18:05",231.189,233.265,230.589,1.538,1.429,1.652
"2026-08-19 18:10",228.752,234.857,225.695,1.615,1.411,1.621
"2026-08-19 18:15",228.149,236.143,222.781,1.606,1.37,8.433
"2026-08-19 18:20",227.96,236.131,228.042,1.613,1.389,1.641
"2026-08-19 18:25",227.387,235.549,227.413,1.638,1.37,1.664
"2026-08-19 18:30",225.018,232.895,225.745,1.72,1.444,1.511
"2026-08-19 18:35",223.599,231.639,219.92,1.703,1.49,8.486
"2026-08-19 18:40",224.266,231.424,223.781,1.626,1.506,1.583
"2026-08-19 18:45",222.955,230.791,222.36,1.647,1.476,1.589
"2026-08-19 18:50",224.298,233.431,224.316,1.647,1.404,1.645
"2026-08-19 18:55",223.439,232.384,223.439,1.647,1.405,1.648
"2026-08-19 19:00",224.337,233.221,224.12,1.685,1.426,1.583
"2026-08-19 19:05",224.522,234.181,220.614,1.694,1.407,8.492
"2026-08-19 19:10",224.15,233.146,224.273,1.661,1.363,1.688
"2026-08-19 19:15",223.444,232.254,223.474,1.596,1.502,1.619
"2026-08-19 19:20",223.222,231.95,223.119,1.603,1.516,1.607
"2026-08-19 19:25",223.126,232.266,218.791,1.541,1.522,8.555
"2026-08-19 19:30",223.141,231.875,222.832,1.632,1.408,1.665
"2026-08-19 19:35",222.382,230.815,221.665,1.672,1.476,1.54
"2026-08-19 19:40",221.725,231.596,221.698,1.683,1.459,1.574
"2026-08-19 19:45",222.096,232.389,222.115,1.649,1.411,1.645
"2026-08-19 19:50",222.324,232.211,222.054,1.707,1.411,1.595
"2026-08-19 19:55",221.61,232.317,217.731,1.75,1.379,8.523
"2026-08-19 20:00",221.921,231.936,221.814,1.708,1.36,1.63
"2026-08-19 20:05",221.886,231.76,221.625,1.594,1.492,1.661
"2026-08-19 20:10",222.007,231.809,221.972,1.575,1.477,1.677
"2026-08-19 20:15",221.871,232.275,217.937,1.675,1.432,8.38
"2026-08-19 20:20",221.391,230.962,221.256,1.653,1.47,1.658
"2026-08-19 20:25",224.518,234.408,223.8,1.658,1.497,1.549
"2026-08-19 20:30",224.839,234.669,223.989,1.635,1.455,1.594
"2026-08-19 20:35",224.65,234.49,223.783,1.635,1.449,1.585
"2026-08-19 20:40",224.826,234.736,223.928,1.712,1.452,1.54
"2026-08-19 20:45",224.676,234.541,223.515,1.671,1.429,1.566
"2026-08-19 20:50",222.849,233.441,217.582,1.72,1.403,8.541
"2026-08-19 20:55",223.465,233.515,222.404,1.651,1.37,1.694
"2026-08-19 21:00",222.899,232.902,221.841,1.725,1.391,1.612
"2026-08-19 21:05",222.395,232.568,221.414,1.718,1.361,1.656
"2026-08-19 21:10",222.307,232.503,217.103,1.667,1.448,8.495
"2026-08-19 21:15",222.902,233.085,221.963,1.647,1.534,1.543
"2026-08-19 21:20",220.944,230.784,219.731,1.587,1.529,1.607
"2026-08-19 21:25",221.845,231.815,220.669,1.61,1.504,1.597
"2026-08-19 21:30",222.176,232.232,221.173,1.576,1.471,1.679
"2026-08-19 21:35",223.127,233.344,222.1,1.603,1.483,1.614
"2026-08-19 21:40",223.574,233.552,222.296,1.605,1.462,1.634
"2026-08-19 21:45",223.004,233.454,217.557,1.611,1.417,8.516
"2026-08-19 21:50",223.149,233.046,222.076,1.633,1.419,1.683
"2026-08-19 21:55",223.418,233.4,222.329,1.648,1.398,1.648
"2026-08-19 22:00",223.562,233.503,222.789,1.676,1.369,1.675
"2026-08-19 22:05",222.134,232.477,217.59,1.644,1.424,8.316
"2026-08-19 22:10",222.457,232.001,221.66,1.652,1.537,1.53
"2026-08-19 22:15",222.368,231.777,221.612,1.594,1.5,1.615
"2026-08-19 22:20",222.476,231.922,221.749,1.561,1.472,1.666
"2026-08-19 22:25",222.17,231.705,221.681,1.566,1.538,1.606
"2026-08-19 22:30",222.657,232.136,222.02,1.601,1.491,1.61
"2026-08-19 22:35",222.204,231.777,221.431,1.609,1.459,1.663
"2026-08-19 22:40",221.84,231.688,221.529,1.639,1.366,1.723
"2026-08-19 22:45",221.906,232.069,217.181,1.646,1.394,8.321
"2026-08-19 22:50",223.022,232.75,222.664,1.642,1.407,1.651
"2026-08-19 22:55",222.518,232.289,222.171,1.671,1.445,1.615
"2026-08-19 23:00",222.112,231.529,221.661,1.701,1.473,1.562
"2026-08-19 23:05",221.607,231.713,216.988,1.674,1.493,8.244
"2026-08-19 23:10",222.563,232.395,221.87,1.576,1.453,1.684
"2026-08-19 23:15",222.833,232.558,222.215,1.624,1.469,1.621
"2026-08-19 23:20",222.791,232.787,222.451,1.616,1.469,1.622
"2026-08-19 23:25",222.743,232.426,222.343,1.616,1.467,1.623
"2026-08-19 23:30",221.889,231.224,221.085,1.586,1.436,1.716
"2026-08-19 23:35",221.881,231.784,221.219,1.65,1.446,1.621
"2026-08-19 23:40",221.835,231.963,216.9,1.657,1.398,8.332
"2026-08-19 23:45",222.709,232.333,221.829,1.612,1.393,1.705
"2026-08-19 23:50",223.039,232.635,222.327,1.598,1.42,1.707
"2026-08-19 23:55",223.304,232.765,222.34,1.647,1.474,1.596
"2026-08-20 00:00",223.02,232.75,220.25,,,
"2026-08-20 00:05",222.741,232.732,218.16,1.605,1.494,8.508
"2026-08-20 00:10",223.364,232.738,222.842,1.638,1.548,1.5
"2026-08-20 00:15",223.395,232.922,222.828,1.631,1.517,1.535
"2026-08-20 00:20",223.335,232.653,222.586,1.649,1.496,1.551
"2026-08-20 00:25",222.947,232.101,222.448,1.662,1.475,1.568
"2026-08-20 00:30",224.467,233.771,223.521,1.605,1.435,1.656
"2026-08-20 00:35",225.222,234.525,224.273,1.607,1.418,1.665
"2026-08-20 00:40",224.36,234.283,219.24,1.615,1.39,8.453
"2026-08-20 00:45",224.684,233.93,223.658,1.643,1.368,1.695
"2026-08-20 00:50",225.39,234.78,224.5,,,
"2026-08-20 00:55",226.091,235.637,225.352,1.634,1.476,1.575
"2026-08-20 01:00",225.872,235.754,225.421,1.628,1.499,1.539
"2026-08-20 01:05",225.832,235.861,221.096,1.561,1.522,8.258
"2026-08-20 01:10",225.623,234.796,224.647,1.555,1.543,1.546
"2026-08-20 01:15",226.502,236.172,225.967,1.545,1.474,1.588
"2026-08-20 01:20",224.876,235.282,225.247,1.513,1.437,1.706
"2026-08-20 01:25",225.728,236.049,226.101,1.506,1.447,1.699
"2026-08-20 01:30",225.941,235.79,226.154,1.561,1.447,1.641
"2026-08-20 01:35",226.143,236.32,226.635,1.618,1.474,1.551
"2026-08-20 01:40",226.319,236.205,222.506,1.611,1.457,8.176
"2026-08-20 01:45",226.779,236.295,227.083,1.59,1.454,1.591
"2026-08-20 01:50",226.123,235.839,226.426,1.586,1.455,1.632
"2026-08-20 01:55",226.074,235.585,226.463,1.593,1.497,1.574
"2026-08-20 02:00",226.368,236.075,226.691,1.512,1.483,1.667
"2026-08-20 02:05",226.404,236.197,222.331,1.552,1.527,8.22
"2026-08-20 02:10",224.699,234.17,224.994,1.565,1.548,1.529
"2026-08-20 02:15",224.839,234.738,225.238,1.61,1.509,1.532
"2026-08-20 02:20",224.576,233.803,224.647,1.573,1.45,1.622
"2026-08-20 02:25",223.867,233.233,224.275,1.608,1.48,1.573
"2026-08-20 02:30",225.299,234.702,225.407,1.627,1.414,1.66
"2026-08-20 02:35",224.738,234.103,224.595,1.654,1.392,1.643
"2026-08-20 02:40",224.318,234.283,220.502,1.654,1.395,8.524
"2026-08-20 02:45",225.028,234.18,225.094,1.602,1.467,1.61
"2026-08-20 02:50",226.121,235.444,226.531,1.619,1.508,1.568
"2026-08-20 02:55",226.577,235.951,226.804,1.55,1.48,1.653
"2026-08-20 03:00",226.378,235.997,226.882,1.56,1.467,1.628
"2026-08-20 03:05",226.333,235.933,226.793,1.564,1.458,1.633
"2026-08-20 03:10",225.905,235.867,221.916,1.607,1.474,8.409
"2026-08-20 03:15",226.03,235.42,226.284,1.604,1.452,1.603
"2026-08-20 03:20",226.377,236.036,226.761,1.611,1.438,1.579
"2026-08-20 03:25",225.93,235.332,226.278,1.646,1.428,1.589
"2026-08-20 03:30",225.831,235.705,226.521,1.639,1.43,1.595
"2026-08-20 03:35",226.153,235.766,226.901,1.7,1.406,1.552
"2026-08-20 03:40",225.935,236.081,222.022,1.653,1.396,8.603
"2026-08-20 03:45",226.236,235.788,226.784,1.656,1.499,1.484
"2026-08-20 03:50",226.494,235.787,227.593,1.587,1.498,1.591
"2026-08-20 03:55",226.171,235.018,227.248,1.555,1.484,1.61
"2026-08-20 04:00",225.546,234.702,226.63,1.542,1.463,1.67
"2026-08-20 04:05",224.552,233.437,225.722,1.583,1.415,1.693
"2026-08-20 04:10",224.159,233.702,221.084,1.603,1.421,8.196
"2026-08-20 04:15",224.391,233.468,225.77,1.628,1.42,1.631
"2026-08-20 04:20",224.729,231.573,223.53,1.621,1.421,1.636
"2026-08-20 04:25",227.598,234.623,226.333,1.626,1.433,1.584
"2026-08-20 04:30",227.455,234.636,226.438,1.604,1.369,1.673
"2026-08-20 04:35",224.121,231.559,219.054,1.622,1.368,8.304
"2026-08-20 04:40",226.759,233.909,225.922,1.628,1.471,1.585
"2026-08-20 04:45",226.961,234.002,225.947,1.636,1.51,1.582
"2026-08-20 04:50",225.131,231.936,223.77,1.575,1.513,1.554
"2026-08-20 04:55",225.126,233.054,224.373,1.57,1.457,1.669
"2026-08-20 05:00",224.319,232.161,223.36,1.659,1.516,1.525
"2026-08-20 05:05",226.732,234.672,225.62,1.511,1.425,1.723
"2026-08-20 05:10",226.393,234.717,221.195,1.597,1.416,8.229
"2026-08-20 05:15",227.244,235.518,226.273,1.642,1.423,1.596
"2026-08-20 05:20",224.974,232.793,223.705,1.663,1.435,1.592
"2026-08-20 05:25",226.305,234.107,225.389,1.656,1.411,1.605
"2026-08-20 05:30",225.8,233.222,224.588,1.615,1.519,1.581
"2026-08-20 05:35",226.238,234.256,220.683,1.531,1.557,8.256
"2026-08-20 05:40",226.079,233.375,224.676,1.557,1.454,1.666
"2026-08-20 05:45",226.362,234.085,225.14,1.643,1.482,1.548
"2026-08-20 05:50",228.019,235.893,226.896,1.639,1.47,1.542
"2026-08-20 05:55",228.211,235.955,226.93,1.613,1.407,1.66
"2026-08-20 06:00",227.62,235.18,227.3,,,
"2026-08-20 06:05",227.021,234.415,227.674,1.653,1.368,1.638
"2026-08-20 06:10",227.332,235.129,223.694,1.522,1.493,8.571
"2026-08-20 06:15",226.263,233.372,227.101,1.554,1.512,1.593
"2026-08-20 06:20",226.069,233.177,226.993,1.535,1.478,1.664
"2026-08-20 06:25",233.955,236.605,235.033,1.521,1.535,1.553
"2026-08-20 06:30",232.536,236.068,229.564,1.529,1.55,8.44
"2026-08-20 06:35",232.234,233.937,232.644,1.578,1.486,1.557
"2026-08-20 06:40",230.922,231.685,230.193,1.566,1.461,1.599
"2026-08-20 06:45",231.028,232.009,230.518,1.598,1.428,1.603
"2026-08-20 06:50",231.793,232.83,231.301,1.573,1.491,1.572
"2026-08-20 06:55",230.947,232.03,230.191,1.586,1.445,1.617
"2026-08-20 07:00",231.561,232.546,230.659,1.451,1.369,1.658
"2026-08-20 07:05",232.023,233.415,227.092,1.518,1.382,7.81
"2026-08-20 07:10",230.884,232.159,229.884,1.553,1.353,1.587
"2026-08-20 07:15",231.002,233.448,230.979,1.572,1.334,1.572
"2026-08-20 07:20",231.98,234.299,231.537,1.54,1.395,1.559
"2026-08-20 07:25",231.05,234.135,226.577,1.489,1.331,8.142
"2026-08-20 07:30",232.951,235.577,232.924,1.456,1.299,1.425
"2026-08-20 07:35",232.457,234.959,232.2,1.415,1.294,1.452
"2026-08-20 07:40",232.364,234.683,232.217,1.407,1.305,1.363
"2026-08-20 07:45",232.899,235.682,232.961,1.417,1.249,1.389
"2026-08-20 07:50",230.719,233.55,230.892,1.435,1.224,1.379
"2026-08-20 07:55",230.328,233.018,230.405,1.379,1.152,1.468
"2026-08-20 08:00",230.822,234.741,226.618,1.435,1.333,8.562
"2026-08-20 08:05",228.937,232.303,229.272,1.336,1.281,1.443
"2026-08-20 08:10",233.56,237.273,233.632,1.285,1.294,1.349
"2026-08-20 08:15",232.877,236.577,233.198,1.243,1.309,1.298
"2026-08-20 08:20",232.324,236.578,227.911,1.338,1.155,8.264
"2026-08-20 08:25",232.599,236.385,232.819,1.229,1.152,1.255
"2026-08-20 08:30",232.617,236.283,232.817,1.205,1.123,1.315
"2026-08-20 08:35",230.446,234.655,231.125,1.222,1.086,1.342
"2026-08-20 08:40",232.673,236.411,232.98,1.248,1.086,1.189
"2026-08-20 08:45",231.784,235.468,231.872,1.168,1.045,1.211
"2026-08-20 08:50",230.838,234.875,226.337,1.197,1.027,7.919
"2026-08-20 08:55",231.068,234.99,231.329,1.201,1.046,1.172
"2026-08-20 09:00",230.255,234.038,230.657,1.177,1.092,1.157
"2026-08-20 09:05",229.94,233.777,230.534,1.185,1.096,1.033
"2026-08-20 09:10",229.213,233.608,225.345,1.199,1.031,8.048
"2026-08-20 09:15",229.558,233.283,229.936,1.028,0.857,1.019
"2026-08-20 09:20",229.637,233.499,229.813,1.197,0.838,0.889
"2026-08-20 09:25",230.492,234.122,230.77,1.184,0.838,0.892
"2026-08-20 09:30",228.574,232.718,224.46,0.944,0.754,8.009
"2026-08-20 09:35",229.944,233.073,229.647,0.532,0.592,0.724
"2026-08-20 09:40",230.59,233.957,230.399,0.865,0.698,0.915
"2026-08-20 09:45",230.681,234.146,230.742,0.346,0.553,0.485
"2026-08-20 09:50",231.267,234.629,231.353,0.605,0.621,0.675
"2026-08-20 09:55",230.785,233.919,230.479,0.34,0.551,0.483
"2026-08-20 10:00",229.143,233.03,224.927,0.337,0.543,7.467
"2026-08-20 10:05",229.038,232.3,229.092,0.333,0.546,0.479
"2026-08-20 10:10",228.161,231.838,228.432,0.329,0.543,0.477
"2026-08-20 10:15",228.606,232.266,228.729,0.329,0.577,0.774
"2026-08-20 10:20",228.385,232.076,223.721,0.327,0.54,7.501
"2026-08-20 10:25",229.507,232.963,229.332,0.327,0.547,0.481
"2026-08-20 10:30",229.727,233.366,229.173,0.327,0.548,0.479
"2026-08-20 10:35",229.514,233.1,229.142,0.325,0.546,0.477
"2026-08-20 10:40",228.305,231.734,228.063,0.417,0.59,0.648
"2026-08-20 10:45",226.926,231.022,222.241,1.071,0.866,8.216
"2026-08-20 10:50",228.015,231.531,228.075,1.089,0.779,0.881
"2026-08-20 10:55",227.83,231.859,228.117,0.986,0.752,0.944
"2026-08-20 11:00",227.144,231.201,222.802,1.27,0.897,7.987
"2026-08-20 11:05",229.042,231.705,227.6,1.312,1.03,1.124
"2026-08-20 11:10",229.136,231.802,227.977,1.306,0.898,1.144
"2026-08-20 11:15",227.55,232.084,222.829,1.059,0.706,7.921
"2026-08-20 11:20",230.008,233.849,228.905,0.564,0.604,0.642
"2026-08-20 11:25",230.779,234.881,230.013,0.511,0.643,0.481
"2026-08-20 11:30",228.59,232.708,227.716,0.881,0.626,0.778
"2026-08-20 11:35",228.392,232.943,223.64,0.953,0.748,8.043
"2026-08-20 11:40",229.004,233.365,228.576,1.217,0.864,0.958
"2026-08-20 11:45",228.998,233.148,228.701,1.233,0.873,1.079
"2026-08-20 11:50",229.61,235.262,225.247,1.178,0.802,8.131
"2026-08-20 11:55",230.105,234.844,230.069,0.894,0.72,0.867
"2026-08-20 12:00",230.45,235.35,228.12,,,
"2026-08-20 12:05",230.79,235.859,226.168,1.072,0.801,8.067
"2026-08-20 12:10",230.923,235.575,230.916,0.969,0.813,0.795
"2026-08-20 12:15",231.64,236.198,231.286,0.79,0.661,0.669
"2026-08-20 12:20",230.299,235.227,225.346,0.8,0.628,8.052
"2026-08-20 12:25",231.33,235.663,230.923,0.909,0.789,0.694
"2026-08-20 12:30",230.809,235.228,230.697,1.019,0.758,0.765
"2026-08-20 12:35",230.829,235.504,230.628,1.226,0.876,0.933
"2026-08-20 12:40",230.374,235.351,230.37,1.237,0.778,0.986
"2026-08-20 12:45",230.306,235.041,225.782,1.085,0.757,8.03
"2026-08-20 12:50",231.26,235.891,231.387,1.374,1.05,1.151
"2026-08-20 12:55",229.648,234.72,225.376,1.549,1.099,8.46
"2026-08-20 13:00",231.105,235.62,231.268,1.424,1.074,1.12
"2026-08-20 13:05",230.468,234.906,230.68,1.292,0.859,1.004
"2026-08-20 13:10",227.54,232.15,222.924,0.841,0.738,8.075
"2026-08-20 13:15",229.524,233.979,229.442,0.727,0.619,0.653
"2026-08-20 13:20",229.935,233.643,229.268,0.455,0.597,0.657
"2026-08-20 13:25",229.707,233.894,229.388,0.863,0.773,0.712
"2026-08-20 13:30",228.786,232.904,228.276,0.328,0.541,0.47
"2026-08-20 13:35",230.406,235.391,225.09,0.338,0.545,7.928
"2026-08-20 13:40",230.361,234.842,230.148,0.335,0.547,0.473
"2026-08-20 13:45",228.512,233.215,228.38,0.696,0.582,0.601
"2026-08-20 13:50",228.729,233.374,228.345,1.177,0.864,0.947
"2026-08-20 13:55",228.443,233.555,223.646,1.277,1.043,8.421
"2026-08-20 14:00",228.47,232.756,227.973,1.594,1.099,1.419
"2026-08-20 14:05",227.817,231.889,227.122,1.527,1.173,1.345
"2026-08-20 14:10",226.124,230.865,221.1,1.456,1.126,8.595
"2026-08-20 14:15",228.725,234.239,228.572,1.547,1.119,1.384
"2026-08-20 14:20",228.928,234.395,228.4,1.521,1.085,1.287
"2026-08-20 14:25",228.455,234.511,223.763,1.57,1.141,8.452
"2026-08-20 14:30",229.821,235.557,229.448,1.305,1.218,1.307
"2026-08-20 14:35",229.618,235.194,229.486,1.325,1.124,1.436
"2026-08-20 14:40",230.374,236.242,225.641,1.398,1.116,8.522
"2026-08-20 14:45",231.287,236.581,230.969,1.282,1.133,1.322
"2026-08-20 14:50",231.412,236.735,230.933,1.319,1.254,1.255
"2026-08-20 14:55",230.829,236.615,225.68,1.347,1.122,9.041
"2026-08-20 15:00",231.015,235.746,225.107,1.345,1.146,9.105
"2026-08-20 15:05",230.428,235.434,224.909,1.354,1.179,8.538
"2026-08-20 15:10",231.389,235.434,229.968,1.36,1.189,1.448
"2026-08-20 15:15",230.979,235.247,229.78,1.333,1.172,1.464
"2026-08-20 15:20",230.414,235.029,224.732,1.369,1.239,8.545
"2026-08-20 15:25",231.077,235.748,230.228,1.461,1.065,1.468
"2026-08-20 15:30",230.774,235.42,229.799,1.298,1.218,1.53
"2026-08-20 15:35",231.05,235.63,230.377,1.412,1.161,1.509
"2026-08-20 15:40",231.057,235.693,230.24,1.309,1.161,1.567
"2026-08-20 15:45",231.211,235.518,230.322,1.297,1.303,1.478
"2026-08-20 15:50",229.746,235.005,224.807,1.385,1.261,8.84
"2026-08-20 15:55",231.197,235.75,230.51,1.391,1.319,1.46
"2026-08-20 16:00",231.048,236.283,226.085,1.353,1.298,8.785
"2026-08-20 16:05",231.83,236.278,230.843,1.337,1.307,1.484
"2026-08-20 16:10",231.797,236.347,231.119,1.324,1.283,1.559
"2026-08-20 16:15",229.272,234.502,229.736,1.406,1.404,1.486
"2026-08-20 16:20",228.222,233.759,224.108,1.446,1.354,8.766
"2026-08-20 16:25",228.138,233.396,228.745,1.551,1.419,1.565
"2026-08-20 16:30",229.31,234.56,229.163,1.547,1.447,1.688
"2026-08-20 16:35",229.734,234.926,230.067,1.569,1.44,1.615
"2026-08-20 16:40",229.94,235.105,230.278,1.534,1.41,1.628
"2026-08-20 16:45",229.336,234.533,224.81,1.497,1.332,9.094
"2026-08-20 16:50",230.119,234.609,230.074,1.441,1.35,1.63
"2026-08-20 16:55",230.3,235.098,230.43,1.43,1.35,1.537
"2026-08-20 17:00",230.139,235.379,225.824,1.468,1.323,8.808
"2026-08-20 17:05",231.348,235.942,231.306,1.479,1.34,1.548
"2026-08-20 17:10",231.901,236.808,232.143,1.542,1.227,1.593
"2026-08-20 17:15",232.19,237.268,232.321,1.543,1.32,1.63
"2026-08-20 17:20",232.458,237.466,232.894,1.562,1.355,1.641
"2026-08-20 17:25",231.408,235.477,226.538,1.563,1.367,9.09
"2026-08-20 17:30",232.233,235.884,231.829,1.704,1.192,1.684
"2026-08-20 17:35",232.313,236.616,232.281,1.423,1.585,1.708
"2026-08-20 17:40",232.235,236.629,227.686,1.65,1.391,8.895
"2026-08-20 17:45",233.303,236.261,232.791,1.518,1.541,1.621
"2026-08-20 17:50",231.615,234.366,230.558,1.625,1.377,1.749
"2026-08-20 17:55",231.841,235.022,226.025,1.589,1.406,9.093
"2026-08-20 18:00",232.35,235.34,229.12,,,
"2026-08-20 18:05",232.854,235.651,232.21,1.646,1.441,1.705
"2026-08-20 18:10",226.025,232.396,225.414,1.659,1.534,1.684
"2026-08-20 18:15",227.569,234.474,226.813,1.674,1.453,1.713
"2026-08-20 18:20",225.576,232.605,224.993,1.698,1.453,1.741
"2026-08-20 18:25",224.859,232.607,220.179,1.67,1.501,9.001
"2026-08-20 18:30",225.584,233.857,224.451,1.648,1.519,1.724
"2026-08-20 18:35",225.145,233.266,223.892,1.628,1.633,1.749
"2026-08-20 18:40",224.572,233.689,219.476,1.633,1.584,8.566
"2026-08-20 18:45",225.45,234.917,224.58,1.624,1.4,1.852
"2026-08-20 18:50",224.97,234.326,223.904,1.668,1.49,1.69
"2026-08-20 18:55",222.943,232.237,222.17,1.686,1.5,1.7
"2026-08-20 19:00",223.143,232.236,221.91,1.685,1.432,1.762
"2026-08-20 19:05",223.978,233.132,222.581,1.656,1.354,1.912
"2026-08-20 19:10",224.24,233.997,218.922,1.687,1.43,8.632
"2026-08-20 19:15",225.268,234.206,224.069,1.697,1.416,1.771
"2026-08-20 19:20",222.688,231.387,221.263,1.755,1.446,1.728
"2026-08-20 19:25",222.332,231.209,220.687,1.618,1.496,1.904
"2026-08-20 19:30",222.587,231.866,217.064,1.61,1.464,8.895
"2026-08-20 19:35",222.029,230.916,220.624,1.58,1.576,1.77
"2026-08-20 19:40",221.846,231.313,220.751,1.67,1.528,1.717
"2026-08-20 19:45",226.417,236.313,224.444,1.554,1.419,1.882
"2026-08-20 19:50",224.61,235.629,224.24,1.631,1.522,1.819
"2026-08-20 19:55",223.404,234.542,223.227,1.641,1.409,1.845
"2026-08-20 20:00",222.304,234.459,218.464,1.691,1.41,8.952
"2026-08-20 20:05",224.408,235.708,224.462,1.658,1.354,1.875
"2026-08-20 20:10",223.757,234.959,223.912,1.573,1.477,1.851
"2026-08-20 20:15",222.987,234.087,222.86,1.644,1.455,1.814
"2026-08-20 20:20",221.577,232.998,217.535,1.639,1.556,8.813
"2026-08-20 20:25",222.608,233.442,222.681,1.561,1.523,1.846
"2026-08-20 20:30",222.374,233.123,223.468,1.652,1.445,1.779
"2026-08-20 20:35",220.211,230.722,220.644,1.669,1.422,1.819
"2026-08-20 20:40",220.542,231.569,220.511,1.682,1.402,1.866
"2026-08-20 20:45",220.755,231.548,220.81,1.718,1.46,1.738
"2026-08-20 20:50",219.874,231.451,215.91,1.71,1.511,8.74
"2026-08-20 20:55",220.33,231.237,220.663,1.638,1.521,1.772
"2026-08-20 21:00",219.722,230.667,219.974,1.593,1.506,1.834
"2026-08-20 21:05",220.958,230.633,219.629,1.59,1.491,1.854
"2026-08-20 21:10",221.279,231.729,216.113,1.648,1.566,8.631
"2026-08-20 21:15",222.157,231.926,221.095,1.578,1.543,1.793
"2026-08-20 21:20",221.494,231.401,220.144,1.603,1.466,2.089
"2026-08-20 21:25",221.723,231.583,220.258,1.568,1.457,1.862
"2026-08-20 21:30",221.961,231.968,220.588,1.645,1.503,1.754
"2026-08-20 21:35",221.976,231.706,220.558,1.677,1.489,1.758
"2026-08-20 21:40",221.561,231.286,220.275,1.71,1.486,1.711
"2026-08-20 21:45",220.875,231.113,215.411,1.711,1.444,8.716
"2026-08-20 21:50",221.605,230.936,220.013,1.711,1.425,1.782
"2026-08-20 21:55",220.612,230.6,219.831,1.737,1.386,1.796
"2026-08-20 22:00",219.454,229.538,218.516,1.726,1.39,1.835
"2026-08-20 22:05",219.387,228.875,213.229,1.725,1.455,8.912
"2026-08-20 22:10",220.962,228.39,216.73,1.684,1.493,1.773
"2026-08-20 22:15",222.813,230.11,218.758,1.586,1.497,1.821
"2026-08-20 22:20",222.653,229.741,218.519,1.588,1.477,1.873
"2026-08-20 22:25",221.572,228.695,217.7,1.682,1.526,1.695
"2026-08-20 22:30",221.676,228.969,217.915,1.655,1.567,1.899
"2026-08-20 22:35",223.994,231.137,219.958,1.681,1.449,1.771
"2026-08-20 22:40",222.289,229.814,214.317,1.61,1.444,8.716
"2026-08-20 22:45",221.575,228.414,217.342,1.654,1.475,1.817
"2026-08-20 22:50",222.232,229.498,218.083,1.63,1.468,1.819
"2026-08-20 22:55",221.474,228.592,217.355,1.66,1.472,1.844
"2026-08-20 23:00",221.108,228.805,213.191,1.601,1.5,8.764
"2026-08-20 23:05",221.491,228.296,217.285,1.591,1.604,1.745
"2026-08-20 23:10",221.703,228.84,217.635,1.62,1.439,1.848
"2026-08-20 23:15",221.588,228.695,217.415,1.628,1.437,1.867
"2026-08-20 23:20",221.251,228.547,217.141,1.684,1.442,1.804
"2026-08-20 23:25",221.36,228.477,217.169,1.679,1.442,1.821
"2026-08-20 23:30",221.155,228.539,213.004,1.645,1.468,8.642
"2026-08-20 23:35",222.571,229.61,218.505,1.655,1.455,1.817
"2026-08-20 23:40",224.609,231.797,220.599,1.667,1.472,1.75
"2026-08-20 23:45",223.338,230.158,219.091,1.625,1.422,1.862
"2026-08-20 23:50",224.825,231.714,220.643,1.58,1.583,1.747
"2026-08-20 23:55",224.561,232.243,216.477,1.64,1.498,8.589
"2026-08-21 00:00",225.17,232.58,219.07,,,
"2026-08-21 00:05",225.788,232.921,221.656,1.604,1.469,1.833
"2026-08-21 00:10",225.156,232.323,221.098,1.603,1.493,1.777
"2026-08-21 00:15",225.408,232.313,221.346,1.665,1.518,1.689
"2026-08-21 00:20",224.849,231.864,220.793,1.651,1.448,1.786
"2026-08-21 00:25",224.815,231.838,221.046,1.695,1.47,1.731
"2026-08-21 00:30",224.23,231.344,219.92,1.65,1.469,2.18
"2026-08-21 00:35",223.009,230.735,214.717,1.601,1.455,9.499
"2026-08-21 00:40",224.507,231.53,220.377,1.627,1.494,1.802
"2026-08-21 00:45",224.15,231.656,215.76,1.636,1.563,8.891
"2026-08-21 00:50",224.853,231.784,220.647,1.598,1.581,1.742
"2026-08-21 00:55",224.63,231.58,220.663,1.607,1.495,1.831
"2026-08-21 01:00",225.214,232.42,221.028,1.607,1.473,1.823
"2026-08-21 01:05",225.155,232.151,220.957,1.65,1.462,1.766
"2026-08-21 01:10",225.35,232.526,221.342,1.681,1.431,1.752
"2026-08-21 01:15",225.181,233.385,217.105,1.708,1.399,8.931
"2026-08-21 01:20",226.018,233.227,221.902,1.427,1.547,1.752
"2026-08-21 01:25",225.654,233.001,221.707,1.659,1.409,1.828
"2026-08-21 01:30",226.33,233.751,222.407,1.738,1.414,1.717
"2026-08-21 01:35",225.628,233.539,217.585,1.649,1.433,8.743
"2026-08-21 01:40",226.368,233.608,222.393,1.635,1.539,1.742
"2026-08-21 01:45",226.091,233.463,222.223,1.596,1.512,1.774
"2026-08-21 01:50",226.647,233.92,222.35,1.575,1.511,1.746
"2026-08-21 01:55",226.247,233.796,222.303,1.661,1.531,1.661
"2026-08-21 02:00",226.789,234.167,222.713,1.64,1.449,1.897
"2026-08-21 02:05",225.654,233.819,222.574,1.661,1.492,1.723
"2026-08-21 02:10",225.563,234.133,218.12,1.677,1.442,8.84
"2026-08-21 02:15",226.086,234.31,222.952,1.689,1.431,1.759
"2026-08-21 02:20",226.449,234.661,223.136,1.646,1.479,1.714
"2026-08-21 02:25",224.921,233.157,221.686,1.624,1.434,1.868
"2026-08-21 02:30",224.908,233.63,217.736,1.607,1.527,8.521
"2026-08-21 02:35",225.249,233.355,222.246,1.579,1.557,1.749
"2026-08-21 02:40",225.108,231.807,225.71,1.676,1.498,1.69
"2026-08-21 02:45",224.756,230.576,224.364,1.663,1.413,1.855
"2026-08-21 02:50",224.737,230.854,223.655,1.722,1.454,1.74
"2026-08-21 02:55",224.305,230.416,223.356,1.685,1.511,1.748
"2026-08-21 03:00",224.19,230.48,223.041,1.671,1.496,1.784
"2026-08-21 03:05",224.055,230.861,218.742,1.7,1.476,8.484
"2026-08-21 03:10",224.808,231.045,223.791,1.694,1.494,1.755
"2026-08-21 03:15",225.016,231.571,224.052,1.701,1.509,1.734
"2026-08-21 03:20",225.271,231.682,223.909,1.624,1.517,1.797
"2026-08-21 03:25",224.812,231.381,223.899,1.629,1.524,1.803
"2026-08-21 03:30",224.637,231.449,219.422,1.641,1.577,8.47
"2026-08-21 03:35",225.269,231.578,224.323,1.666,1.544,1.711
"2026-08-21 03:40",225.9,232.288,224.751,1.656,1.535,1.753
"2026-08-21 03:45",224.868,231.231,223.822,1.644,1.5,1.774
"2026-08-21 03:50",224.721,230.851,223.575,1.648,1.441,1.857
"2026-08-21 03:55",225.774,231.831,224.659,1.694,1.431,1.808
"2026-08-21 04:00",225.468,231.748,224.242,1.746,1.49,1.721
"2026-08-21 04:05",224.907,231.754,219.575,1.685,1.46,8.839
"2026-08-21 04:10",225.8,231.944,224.525,1.651,1.466,1.841
"2026-08-21 04:15",225.749,231.85,224.687,1.643,1.565,1.721
"2026-08-21 04:20",225.913,231.988,224.865,1.661,1.573,1.705
"2026-08-21 04:25",225.086,231.725,219.835,1.617,1.528,8.838
"2026-08-21 04:30",226.247,232.451,224.988,1.626,1.557,1.704
"2026-08-21 04:35",226.16,232.103,224.967,1.646,1.538,1.724
"2026-08-21 04:40",226.025,232.015,224.631,1.653,1.512,1.766
"2026-08-21 04:45",226.681,232.878,225.524,1.632,1.471,1.826
"2026-08-21 04:50",226.616,232.787,225.305,1.679,1.457,1.783
"2026-08-21 04:55",226.507,232.602,225.186,1.661,1.427,1.792
"2026-08-21 05:00",226.187,232.855,220.409,1.709,1.482,8.834
"2026-08-21 05:05",226.984,233.194,225.902,1.581,1.554,1.769
"2026-08-21 05:10",227.54,233.568,226.252,1.649,1.43,1.831
"2026-08-21 05:15",225.482,231.711,224.163,1.737,1.449,1.745
"2026-08-21 05:20",225.418,231.714,224.014,1.602,1.428,1.911
"2026-08-21 05:25",225.299,231.589,224.067,1.654,1.478,1.77
"2026-08-21 05:30",225.974,232.582,219.921,1.655,1.448,8.894
"2026-08-21 05:35",226.514,233.035,224.914,1.707,1.345,1.883
"2026-08-21 05:40",226.869,233.193,225.187,1.659,1.484,1.803
"2026-08-21 05:45",226.93,233.17,225.314,1.626,1.492,1.801
"2026-08-21 05:50",227.379,234.112,221.672,1.622,1.508,8.803
"2026-08-21 05:55",228.419,234.876,226.927,1.7,1.497,1.707
"2026-08-21 06:00",227.67,233.94,226.26,,,
"2026-08-21 06:05",226.912,232.999,225.591,1.71,1.445,1.762
"2026-08-21 06:10",226.319,232.692,225.348,1.713,1.431,1.777
"2026-08-21 06:15",227.126,233.807,226.101,1.688,1.407,1.798
"2026-08-21 06:20",227.835,234.276,226.912,1.67,1.441,1.784
"2026-08-21 06:25",234.425,238.118,229.458,0.35,0.549,7.617
"2026-08-21 06:30",232.881,235.938,233.334,1.631,1.43,1.723
"2026-08-21 06:35",232.964,235.828,233.286,1.598,1.419,1.803
"2026-08-21 06:40",233.128,236.11,233.408,1.565,1.448,1.815
"2026-08-21 06:45",232.793,236.174,228.817,1.577,1.489,8.712
"2026-08-21 06:50",232.378,235.382,232.864,1.603,1.472,1.696
"2026-08-21 06:55",232.336,235.338,232.32,1.597,1.449,1.632
"2026-08-21 07:00",232.55,235.594,232.686,1.53,1.397,1.757
"2026-08-21 07:05",232.757,235.686,232.973,1.541,1.421,1.714
"2026-08-21 07:10",232.742,235.704,233.133,1.617,1.442,1.641
"2026-08-21 07:15",232.657,235.664,233.127,1.602,1.362,1.75
"2026-08-21 07:20",232.598,235.632,228.283,1.578,1.373,8.815
"2026-08-21 07:25",232.713,235.554,232.774,1.559,1.449,1.72
"2026-08-21 07:30",233.215,235.996,233.108,1.589,1.345,1.754
"2026-08-21 07:35",232.857,235.522,232.74,1.587,1.457,1.658
"2026-08-21 07:40",231.711,235.049,227.511,1.619,1.385,8.663
"2026-08-21 07:45",232.736,235.584,232.697,1.568,1.388,1.726
"2026-08-21 07:50",233.065,236.018,233.278,1.557,1.411,1.654
"2026-08-21 07:55",232.992,235.704,233.178,1.571,1.375,1.716
"2026-08-21 08:00",232.565,235.51,232.879,1.565,1.364,1.732
"2026-08-21 08:05",231.422,234.308,231.748,1.569,1.411,1.665
"2026-08-21 08:10",230.465,234.046,226.311,1.427,1.274,8.655
"2026-08-21 08:15",230.932,233.326,230.853,1.365,1.26,1.457
"2026-08-21 08:20",231.501,233.882,229.954,1.408,1.303,1.577
"2026-08-21 08:25",232.531,234.81,231.204,1.419,1.29,1.483
"2026-08-21 08:30",232.01,234.588,226.229,1.312,1.223,8.338
"2026-08-21 08:35",232.212,234.916,230.952,1.464,0.959,1.301
"2026-08-21 08:40",231.257,233.907,230.213,1.357,1.052,1.177
"2026-08-21 08:45",231.44,233.849,230.155,1.357,0.957,1.258
"2026-08-21 08:50",231.542,233.978,230.248,1.358,0.936,1.064
"2026-08-21 08:55",230.815,233.452,225.084,1.395,1.109,8.382
"2026-08-21 09:00",230.948,233.274,229.429,1.493,1.063,1.389
"2026-08-21 09:05",232.142,234.27,230.354,1.306,0.86,1.001
"2026-08-21 09:10",231.104,234.034,225.234,1.268,0.898,8.366
"2026-08-21 09:15",231.689,234.165,230.369,1.262,0.931,1.101
"2026-08-21 09:20",232.384,234.626,231.106,1.109,0.627,0.733
"2026-08-21 09:25",230.167,232.523,228.779,1.296,0.898,1.181
"2026-08-21 09:30",228.706,232.199,223.451,1.389,0.886,8.67
"2026-08-21 09:35",229.439,232.202,227.879,1.353,0.913,1.244
"2026-08-21 09:40",229.792,232.986,229.534,0.712,0.643,0.671
"2026-08-21 09:45",228.961,231.994,227.866,1.146,0.884,1.17
"2026-08-21 09:50",231.319,234.637,230.123,0.356,0.553,0.512
"2026-08-21 09:55",230.264,234.206,229.548,1.281,0.996,1.078
"2026-08-21 10:00",228.82,233.253,223.703,1.35,1.018,8.499
"2026-08-21 10:05",228.726,232.589,227.878,1.353,1.041,1.336
"2026-08-21 10:10",228.976,232.693,228.585,1.422,0.955,1.272
"2026-08-21 10:15",228.919,233.531,224.103,1.491,1.199,8.475
"2026-08-21 10:20",229.286,233.115,228.792,1.425,1.154,1.385
"2026-08-21 10:25",229.438,232.801,228.777,1.429,1.016,1.354
"2026-08-21 10:30",227.701,231.956,222.79,1.283,0.925,8.361
"2026-08-21 10:35",227.852,231.72,227.559,1.267,0.866,0.973
"2026-08-21 10:40",228.799,232.542,228.137,0.974,0.878,0.929
"2026-08-21 10:45",227.341,231.552,223.069,1.301,0.925,8.391
"2026-08-21 10:50",227.242,231.154,226.786,1.318,0.985,1.263
"2026-08-21 10:55",229.48,234.129,229.604,1.25,0.861,1.09
"2026-08-21 11:00",228.826,234.397,224.851,0.985,0.678,7.994
"2026-08-21 11:05",228.158,232.883,228.336,1.215,0.919,0.948
"2026-08-21 11:10",228.417,233.115,228.553,1.108,0.688,0.909
"2026-08-21 11:15",228.381,232.991,227.86,0.766,0.604,0.956
"2026-08-21 11:20",226.872,231.805,226.908,1.107,0.709,1.104
"2026-08-21 11:25",227.789,233.895,223.253,0.809,0.583,8.167
"2026-08-21 11:30",229.151,234.703,229.389,0.986,0.619,0.99
"2026-08-21 11:35",232.342,232.185,231.578,1.007,0.927,1.016
"2026-08-21 11:40",230.782,233.068,225.147,0.338,0.543,7.93
"2026-08-21 11:45",230.752,232.694,229.712,0.332,0.547,0.5
"2026-08-21 11:50",229.452,231.036,228.399,0.33,0.543,0.501
"2026-08-21 11:55",230.257,231.711,229.003,0.329,0.541,0.504
"2026-08-21 12:00",229.74,231.38,228.52,,,
"2026-08-21 12:05",229.219,231.047,228.033,0.327,0.538,0.507
"2026-08-21 12:10",228.551,231.035,223.534,0.658,0.64,7.886
"2026-08-21 12:15",228.477,231.483,228.107,0.326,0.539,0.5
"2026-08-21 12:20",228.692,231.033,228.297,0.953,0.997,0.842
"2026-08-21 12:25",228.412,231.387,228.191,0.883,0.596,0.858
"2026-08-21 12:30",229.801,233.242,224.673,0.334,0.54,8.398
"2026-08-21 12:35",230.001,232.97,229.45,0.332,0.542,0.5
"2026-08-21 12:40",0,0,0,0,0,0
"2026-08-21 12:45",237.214,239.566,235.78,1.198,1.161,1.64
"2026-08-21 12:50",229.165,233.3,223.813,1.024,0.909,8.568
"2026-08-21 12:55",230.782,234.371,229.341,0.335,0.545,0.497
"2026-08-21 13:00",229.007,232.383,227.653,0.988,0.892,1.044
"2026-08-21 13:05",227.553,232.824,222.209,0.327,0.534,8.017
"2026-08-21 13:10",229.14,234.723,228.955,1.218,0.94,1.051
"2026-08-21 13:15",229.839,235.438,229.493,0.981,0.735,1.038
"2026-08-21 13:20",230.853,235.716,229.864,0.328,0.545,0.499
"2026-08-21 13:25",229.875,235.192,224.599,0.326,0.539,8.006
"2026-08-21 13:30",229.994,234.91,229.24,0.324,0.548,0.488
"2026-08-21 13:35",229.702,234.081,228.823,0.325,0.548,0.498
"2026-08-21 13:40",230.5,235.561,229.561,0.326,0.546,0.501
"2026-08-21 13:45",228.955,234.084,228.063,1.25,0.906,1.225
"2026-08-21 13:50",228.345,233.909,223.197,1.328,1.022,8.695
"2026-08-21 13:55",228.763,233.28,227.517,0.335,0.544,0.506
"2026-08-21 14:00",228.162,233.393,222.651,0.334,0.536,8.095
"2026-08-21 14:05",227.922,232.014,226.371,0.334,0.545,0.494
"2026-08-21 14:10",228.587,234.138,227.948,0.336,0.549,0.496
"2026-08-21 14:15",227.25,233.114,226.917,0.335,0.546,0.492
"2026-08-21 14:20",224.754,233.432,220.863,0.33,0.541,8.057
"2026-08-21 14:25",227.437,235.902,223.605,0.334,0.548,7.914
"2026-08-21 14:30",227.971,236.119,228.583,0.351,0.7,0.551
"2026-08-21 14:35",226.467,235,223.007,0.952,0.573,8.071
"2026-08-21 14:40",226.531,234.919,227.661,0.794,0.688,1
"2026-08-21 14:45",225.629,233.801,226.62,0.327,0.604,0.69
"2026-08-21 14:50",225.484,233.519,225.987,0.952,0.616,0.971
"2026-08-21 14:55",226.302,234.46,227.343,0.932,0.882,0.966
"2026-08-21 15:00",225.037,233.384,221.312,0.442,0.532,8.268
"2026-08-21 15:05",226.096,234.491,222.243,0.34,0.719,7.967
"2026-08-21 15:10",227.321,235.585,228.33,0.352,0.554,0.754
"2026-08-21 15:15",227.318,235.21,228.04,0.332,0.554,0.486
"2026-08-21 15:20",227.124,235.878,223.55,0.343,0.548,8.254
"2026-08-21 15:25",227.126,235.469,223.575,0.334,0.545,7.846
"2026-08-21 15:30",227.883,236.082,228.731,0.341,0.547,0.549
"2026-08-21 15:35",227.017,235.167,228.107,0.823,0.834,1.057
"2026-08-21 15:40",228.02,235.872,228.839,0.982,0.846,1.049
"2026-08-21 15:45",228.484,237.187,225.013,0.358,0.545,8.378
"2026-08-21 15:50",228.673,236.092,224.47,0.354,0.542,8.526
"2026-08-21 15:55",228.664,236.309,224.883,0.332,0.545,7.83
"2026-08-21 16:00",230.429,236.589,230.539,0.857,0.746,1.033
"2026-08-21 16:05",227.862,230.346,227.621,0.804,0.773,1.123
"2026-08-21 16:10",227.882,230.038,227.362,1.07,0.942,1.014
"2026-08-21 16:15",228.394,232.186,222.961,1.251,1.044,8.774
"2026-08-21 16:20",229.407,232.418,228.291,1.305,1.017,1.318
"2026-08-21 16:25",228.988,231.985,228.196,1.55,1.343,1.398
"2026-08-21 16:30",228.122,231.397,222.22,1.44,1.178,8.918
"2026-08-21 16:35",229.18,232.159,227.799,1.404,1.362,1.452
"2026-08-21 16:40",228.86,231.616,227.376,1.468,1.363,1.588
"2026-08-21 16:45",228.707,231.301,227.27,1.497,1.401,1.541
"2026-08-21 16:50",228.485,231.654,222.558,1.457,1.326,8.967
"2026-08-21 16:55",229.144,232.289,223.055,1.481,1.332,8.952
"2026-08-21 17:00",230.937,233.606,229.53,1.515,1.399,1.584
"2026-08-21 17:05",230.709,233.435,229.412,1.465,1.387,1.685
"2026-08-21 17:10",229.491,232.78,223.56,1.527,1.433,9.103
"2026-08-21 17:15",230.366,233.257,228.822,1.473,1.445,1.704
"2026-08-21 17:20",230.293,233.236,228.919,1.548,1.339,1.76
"2026-08-21 17:25",230.513,233.402,228.905,1.636,1.383,1.644
"2026-08-21 17:30",229.751,233.065,223.683,1.552,1.332,9.34
"2026-08-21 17:35",229.985,232.812,228.444,1.77,1.274,1.681
"2026-08-21 17:40",230.196,233.165,228.697,1.564,1.425,1.742
"2026-08-21 17:45",231.624,234.854,225.829,1.589,1.407,8.992
"2026-08-21 17:50",230.759,233.269,229.072,1.594,1.477,1.766
"2026-08-21 17:55",231.104,234.369,229.937,1.566,1.474,1.795
"2026-08-21 18:00",231.92,235.01,230.77,,,
"2026-08-21 18:05",232.727,235.649,231.604,1.511,1.491,1.817
"2026-08-21 18:10",223.779,231.193,222.867,1.602,1.54,1.722
"2026-08-21 18:15",224.562,232.583,223.364,1.641,1.507,1.788
"2026-08-21 18:20",227.539,237.28,227.814,1.612,1.462,1.822
"2026-08-21 18:25",228.6,236.331,228.159,1.622,1.419,1.928
"2026-08-21 18:30",222.03,231.11,217.49,1.664,1.43,9.035
"2026-08-21 18:35",223.018,231.105,222.722,1.68,1.462,1.846
"2026-08-21 18:40",223.136,231.926,222.016,1.705,1.474,1.834
"2026-08-21 18:45",222.182,232.484,217.343,1.686,1.513,8.85
"2026-08-21 18:50",224.779,234.564,224.327,1.66,1.585,1.696
"2026-08-21 18:55",222.895,232.906,222.085,1.594,1.424,1.917
"2026-08-21 19:00",221.221,230.579,219.389,1.674,1.439,1.882
"2026-08-21 19:05",223.238,232.959,221.225,1.741,1.462,1.718
"2026-08-21 19:10",221.749,231.492,215.665,1.78,1.452,8.688
"2026-08-21 19:15",222.349,231.678,220.604,1.784,1.439,1.747
"2026-08-21 19:20",224.037,233.052,221.892,1.717,1.502,1.71
"2026-08-21 19:25",223.444,232.396,221.292,1.665,1.431,1.861
"2026-08-21 19:30",222.963,232.498,216.933,1.628,1.414,8.826
"2026-08-21 19:35",222.889,232.035,220.826,1.681,1.463,1.829
"2026-08-21 19:40",222.254,231.494,220.435,1.745,1.418,1.83
"2026-08-21 19:45",222.083,230.868,220.078,1.67,1.459,1.863
"2026-08-21 19:50",221.824,230.747,219.808,1.699,1.5,1.782
"2026-08-21 19:55",221.507,230.424,219.189,1.638,1.407,1.968
"2026-08-21 20:00",220.388,229.758,214.207,1.677,1.459,8.89
"2026-08-21 20:05",221.06,230.036,218.812,1.641,1.438,1.904
"2026-08-21 20:10",221.745,230.455,219.604,1.694,1.511,1.761
"2026-08-21 20:15",221.655,230.721,219.561,1.781,1.439,1.775
"2026-08-21 20:20",222.085,230.961,220.03,1.773,1.425,1.779
"2026-08-21 20:25",221.426,230.525,215.173,1.645,1.433,9.144
"2026-08-21 20:30",221.533,230.463,219.692,1.677,1.457,1.871
"2026-08-21 20:35",222.261,230.981,220.02,1.707,1.499,1.777
"2026-08-21 20:40",221.519,230.174,219.442,1.705,1.523,1.803
"2026-08-21 20:45",220.605,230.062,214.704,1.634,1.429,8.77
"2026-08-21 20:50",221.052,229.893,218.989,1.676,1.45,1.867
"2026-08-21 20:55",220.845,229.927,219.068,1.735,1.483,1.733
"2026-08-21 21:00",220.104,228.976,218.167,1.745,1.486,1.763
"2026-08-21 21:05",220.297,228.606,217.264,1.727,1.458,1.827
"2026-08-21 21:10",0,0,0,0,0,0
"2026-08-21 21:15",0,0,0,0,0,0
"2026-08-21 21:20",0,0,0,0,0,0
"2026-08-21 21:25",0,0,0,0,0,0
"2026-08-21 21:30",0,0,0,0,0,0
"2026-08-21 21:35",0,0,0,0,0,0
"2026-08-21 21:40",0,0,0,0,0,0
"2026-08-21 21:45",0,0,0,0,0,0
"2026-08-21 21:50",0,0,0,0,0,0
"2026-08-21 21:55",0,0,0,0,0,0
"2026-08-21 22:00",0,0,0,0,0,0
"2026-08-21 22:05",0,0,0,0,0,0
"2026-08-21 22:10",235.42,235.019,229.14,1.658,1.451,8.569
"2026-08-21 22:15",239.029,238.42,237.951,1.594,1.483,1.729
"2026-08-21 22:20",238.926,238.164,238.538,1.567,1.539,1.675
"2026-08-21 22:25",234.267,233.756,233.454,1.588,1.539,1.719
"2026-08-21 22:30",236.317,235.383,229.157,1.554,1.539,8.751
"2026-08-21 22:35",239.453,237.492,237.896,1.573,1.507,1.707
"2026-08-21 22:40",239.197,237.186,237.622,1.564,1.494,1.716
"2026-08-21 22:45",238.05,236.099,236.264,1.575,1.478,1.75
"2026-08-21 22:50",239.067,237.961,237.433,1.518,1.464,1.795
"2026-08-21 22:55",238.482,237.345,236.72,1.627,1.448,1.679
"2026-08-21 23:00",237.397,236.494,236.196,1.707,1.434,1.602
"2026-08-21 23:05",237.192,236.481,231.17,1.596,1.493,8.739
"2026-08-21 23:10",239.084,238.121,237.467,1.573,1.468,1.761
"2026-08-21 23:15",251.992,252.186,260.078,0.874,2.735,3.759
"2026-08-21 23:20",238.15,238.035,237.422,1.475,1.471,1.859
"2026-08-21 23:25",237.27,236.614,235.5,1.762,1.376,1.635
"2026-08-21 23:30",235.824,235.301,235.769,1.78,1.501,1.947
"2026-08-21 23:35",237.669,237.112,240.53,1.591,1.512,1.654
"2026-08-21 23:40",241.574,242.551,244.426,1.765,1.772,2.154
"2026-08-21 23:45",237.825,237.587,234.687,1.572,1.454,1.764
"2026-08-21 23:50",236.871,236.949,235.935,1.64,1.449,1.704
"2026-08-21 23:55",236.228,236.099,235.127,1.63,1.428,1.783
"2026-08-22 00:00",235.254,235.01,234.509,1.595,1.472,1.748
"2026-08-22 00:05",239.632,240.11,240.796,1.56,1.483,1.697
"2026-08-22 00:10",248.062,250.456,250.566,1.3,1.886,1.918
"2026-08-22 00:15",238.643,239.743,231.918,1.556,1.452,9.068
"2026-08-22 00:20",237.008,239.292,238.708,1.653,1.45,1.617
"2026-08-22 00:25",236.944,236.587,236.92,1.575,1.532,1.656
"2026-08-22 00:30",236.117,236.281,236.792,1.566,1.486,1.729
"2026-08-22 00:35",236.498,235.995,236.856,1.642,1.388,1.77
"2026-08-22 00:40",238.705,239.524,240.249,1.556,1.397,1.651
"2026-08-22 00:45",235.278,235.876,231.108,1.579,1.458,8.848
"2026-08-22 00:50",235.504,234.87,235.026,1.55,1.507,1.769
"2026-08-22 00:55",236.265,235.159,235.623,1.521,1.544,1.748
"2026-08-22 01:00",234.84,240.285,239.372,1.557,1.462,1.722
"2026-08-22 01:05",237.159,235.69,232.135,1.565,1.516,8.842
"2026-08-22 01:10",237.236,236.239,237.207,1.595,1.541,1.673
"2026-08-22 01:15",238.171,237.75,238.935,1.586,1.444,1.664
"2026-08-22 01:20",236.542,235.643,233.983,1.621,1.473,1.7
"2026-08-22 01:25",238.238,238.219,236.609,1.615,1.409,1.792
"2026-08-22 01:30",237.519,237.689,236.184,1.65,1.456,1.67
"2026-08-22 01:35",237.655,237.668,235.967,1.657,1.409,1.713
"2026-08-22 01:40",236.007,238.892,237.683,1.687,1.447,1.615
"2026-08-22 01:45",239.346,240.768,230.803,1.637,1.434,8.589
"2026-08-22 01:50",237.584,236.875,238.191,1.584,1.469,1.758
"2026-08-22 01:55",236.677,236.152,237.529,1.66,1.495,1.614
"2026-08-22 02:00",238.26,237.445,239.036,1.659,1.485,1.634
"2026-08-22 02:05",238.278,239.541,237.491,1.795,1.692,2.033
"2026-08-22 02:10",239.524,237.438,236.872,1.603,1.461,1.691
"2026-08-22 02:15",238.403,236.446,236.032,1.571,1.504,1.704
"2026-08-22 02:20",238.392,238.242,233.439,1.559,1.419,8.897
"2026-08-22 02:25",239.544,239.228,239.59,1.629,1.405,1.72
"2026-08-22 02:30",237.579,238.398,237.222,1.65,1.469,1.687
"2026-08-22 02:35",237.35,237.927,237.185,1.597,1.464,1.754
"2026-08-22 02:40",236.723,237.843,231.565,1.541,1.483,8.829
"2026-08-22 02:45",237.049,237.926,236.655,1.589,1.421,1.78
"2026-08-22 02:50",238.89,235.53,240.031,1.587,1.504,1.815
"2026-08-22 02:55",236.911,238.145,237.57,1.693,1.411,1.689
"2026-08-22 03:00",237.044,238.396,238.109,1.698,1.415,1.685
"2026-08-22 03:05",240.27,237.863,237.395,1.554,1.497,1.72
"2026-08-22 03:10",236.046,239.466,231.44,1.564,1.48,8.92
"2026-08-22 03:15",238.395,237.061,236.17,1.588,1.521,1.654
"2026-08-22 03:20",238.917,237.082,235.767,1.587,1.419,1.746
"2026-08-22 03:25",238.604,237.748,237.225,1.585,1.479,1.753
"2026-08-22 03:30",243.096,237.329,245.22,1.497,1.34,2.06
"2026-08-22 03:35",236.632,236.972,231.256,1.646,1.414,8.795
"2026-08-22 03:40",237.652,236.568,237.751,1.639,1.459,1.669
"2026-08-22 03:45",237.094,235.304,237.37,1.666,1.433,1.686
"2026-08-22 03:50",238.604,236.918,238.64,1.631,1.381,1.818
"2026-08-22 03:55",234.844,236.431,225.907,1.661,1.542,2.062
"2026-08-22 04:00",235.599,237.103,235.61,1.641,1.434,1.708
"2026-08-22 04:05",236.741,237.166,230.49,1.606,1.429,8.757
"2026-08-22 04:10",236.881,234.378,236.527,1.6,1.485,1.748
"2026-08-22 04:15",238.751,238.691,237.646,1.591,1.504,1.695
"2026-08-22 04:20",237.543,236.076,238.173,1.597,1.533,1.657
"2026-08-22 04:25",237.17,237.732,238.811,1.588,1.552,1.643
"2026-08-22 04:30",235.483,236.443,232.33,1.594,1.497,8.809
"2026-08-22 04:35",236.271,237.287,237.531,1.575,1.487,1.711
"2026-08-22 04:40",236.38,237.179,237.084,1.561,1.444,1.782
"2026-08-22 04:45",236.66,237.371,237.699,1.551,1.43,1.826
"2026-08-22 04:50",236.649,237.013,237.202,1.631,1.466,1.699
"2026-08-22 04:55",235.998,236.757,236.489,1.592,1.435,1.781
"2026-08-22 05:00",235.953,236.456,236.491,1.551,1.44,1.813
"2026-08-22 05:05",237.052,238.524,232.399,1.651,1.459,8.874
"2026-08-22 05:10",238.924,239.637,238.586,1.624,1.478,1.672
"2026-08-22 05:15",237.117,238.119,237.215,1.554,1.464,1.798
"2026-08-22 05:20",237.643,238.801,237.81,1.577,1.51,1.698
"2026-08-22 05:25",236.203,236.655,231.028,1.566,1.514,8.983
"2026-08-22 05:30",238.093,237.466,236.779,1.562,1.426,1.788
"2026-08-22 05:35",237.409,236.632,235.641,1.591,1.501,1.687
"2026-08-22 05:40",238.042,237.495,236.41,1.554,1.447,1.74
"2026-08-22 05:45",238.23,237.271,236.564,1.573,1.48,1.731
"2026-08-22 05:50",238.984,238.542,237.964,1.628,1.479,1.651
"2026-08-22 05:55",238.81,238.66,236.43,,,
"2026-08-22 06:00",238.64,238.77,234.9,,,
"2026-08-22 06:05",238.474,238.887,233.362,1.59,1.411,9.09
"2026-08-22 06:10",238.319,236.281,235.58,1.524,1.478,1.806
"2026-08-22 06:15",233.237,233.171,233.365,1.601,1.553,1.768
"2026-08-22 06:20",238.604,239.234,239.214,1.581,1.387,1.786
"2026-08-22 06:25",236.882,237.13,236.323,1.566,1.51,1.684
"2026-08-22 06:30",233.217,236.395,236.749,1.725,1.312,1.796
"2026-08-22 06:35",238.792,238.902,231.252,1.574,1.457,9.042
"2026-08-22 06:40",240.061,238.579,237.471,2.353,2.399,2.63
"2026-08-22 06:45",239.474,237.035,237.172,1.583,1.482,1.653
"2026-08-22 06:50",237.793,235.574,237.539,2.332,2.153,2.646
"2026-08-22 06:55",238.646,237.084,238.56,1.594,1.462,1.772
"2026-08-22 07:00",237,236.648,232.163,1.564,1.558,8.686
"2026-08-22 07:05",237.007,236.192,235.699,1.546,1.44,1.885
"2026-08-22 07:10",237.933,238.499,237.424,1.629,1.449,1.664
"2026-08-22 07:15",238.727,237.067,237.47,1.644,1.471,1.708
"2026-08-22 07:20",239.065,236.512,238.823,1.684,1.472,1.657
"2026-08-22 07:25",237.656,237.784,239.606,1.662,1.411,1.774
"2026-08-22 07:30",234.461,235.165,230.061,1.646,1.397,8.904
"2026-08-22 07:35",237.602,235.896,236.564,1.632,1.45,1.606
"2026-08-22 07:40",238.659,238.252,237.452,1.628,1.461,1.643
"2026-08-22 07:45",239.839,239.033,240.008,1.638,1.449,1.648
"2026-08-22 07:50",236.687,237.407,233.171,1.631,1.483,9.028
"2026-08-22 07:55",235.918,236.655,236.078,1.594,1.454,1.694
"2026-08-22 08:00",237.723,236.914,235.779,1.588,1.46,1.655
"2026-08-22 08:05",249.682,253.741,252.662,2.087,2.336,1.986
"2026-08-22 08:10",236.281,240.09,237.786,1.591,1.425,1.623
"2026-08-22 08:15",234.732,234.586,237.879,1.653,1.388,1.681
"2026-08-22 08:20",234.461,236.258,229.887,1.581,1.408,8.909
"2026-08-22 08:25",238.006,239.791,237.04,1.572,1.212,1.659
"2026-08-22 08:30",237.521,237.114,236.418,1.507,1.31,1.647
"2026-08-22 08:35",236.647,236.977,236.108,1.491,1.333,1.555
"2026-08-22 08:40",235.24,237.392,232.584,1.515,1.354,8.755
"2026-08-22 08:45",235.14,235.82,235.148,1.533,1.276,1.472
"2026-08-22 08:50",238.133,239.366,236.381,1.4,1.107,1.415
"2026-08-22 08:55",257.873,256.663,264.412,2.225,2.635,2.85
"2026-08-22 09:00",234.934,236.011,235.777,1.259,0.933,1.058
"2026-08-22 09:05",0,0,0,0,0,0
"2026-08-22 09:10",0,0,0,0,0,0
"2026-08-22 09:15",233.384,235.266,232.499,1.226,0.898,1.2
"2026-08-22 09:20",229.958,232.949,229.349,1.115,0.713,1.039
"2026-08-22 09:25",229.163,232.41,228.712,1.111,0.783,1.086
"2026-08-22 09:30",229.322,233.409,223.839,1.394,1.103,8.543
"2026-08-22 09:35",229.768,233.234,228.547,1.488,1.07,1.412
"2026-08-22 09:40",231.591,235.082,230.274,1.488,1.145,1.465
"2026-08-22 09:45",232.961,236.736,231.979,1.441,1.128,1.483
"2026-08-22 09:50",232.701,237.008,227.384,1.41,1.125,8.531
"2026-08-22 09:55",233.638,237.678,232.716,1.391,0.953,1.357
"2026-08-22 10:00",232.516,236.448,232.021,1.286,0.97,1.047
"2026-08-22 10:05",233.116,237.243,232.247,1.378,1.161,1.375
"2026-08-22 10:10",233.356,238.022,228.014,1.382,0.896,8.395
"2026-08-22 10:15",233.683,237.655,232.939,1.365,0.917,1.049
"2026-08-22 10:20",233.514,237.327,232.661,1.392,0.871,1.172
"2026-08-22 10:25",232.864,236.687,232.248,1.338,0.934,1.119
"2026-08-22 10:30",233.162,237.156,227.555,1.339,0.585,8.297
"2026-08-22 10:35",233.3,237.579,233.6,0.391,0.563,0.504
"2026-08-22 10:40",232.809,237.142,233.203,0.378,0.559,0.508
"2026-08-22 10:45",232.315,236.97,232.687,1.282,0.999,1.296
"2026-08-22 10:50",231.055,235.589,231.365,1.504,0.984,1.456
"2026-08-22 10:55",231.608,236.086,232.075,1.326,0.956,1.261
"2026-08-22 11:00",231.071,235.867,227.167,1.289,0.665,8.271
"2026-08-22 11:05",232.16,236.395,232.486,0.785,0.625,0.975
"2026-08-22 11:10",231.929,236.601,227.671,0.384,0.549,7.734
"2026-08-22 11:15",232.838,237.05,232.893,0.382,0.557,0.502
"2026-08-22 11:20",231.822,236.028,232.219,0.826,0.897,0.935
"2026-08-22 11:25",230.539,235.009,231.081,1.074,0.766,0.987
"2026-08-22 11:30",230.994,235.223,231.43,1.057,0.754,1.068
"2026-08-22 11:35",231.801,235.968,232.216,0.509,0.568,1.419
"2026-08-22 11:40",230.722,235.654,226.93,1.346,1.049,8.542
"2026-08-22 11:45",231.444,236.054,232.325,1.318,0.925,1.2
"2026-08-22 11:50",230.371,234.94,226.041,0.937,0.81,8.382
"2026-08-22 11:55",231.091,235.486,231.772,0.779,0.613,0.973
"2026-08-22 12:00",231.88,236.13,232.4,,,
"2026-08-22 12:05",232.668,236.767,233.024,0.381,0.554,0.509
"2026-08-22 12:10",232.318,236.392,232.673,0.379,0.553,0.513
"2026-08-22 12:15",231.406,236.419,227.175,0.38,0.548,8.208
"2026-08-22 12:20",232.391,236.45,232.775,0.379,0.555,0.507
"2026-08-22 12:25",232.125,236.773,232.6,0.381,0.559,0.504
"2026-08-22 12:30",233.455,236.889,233.527,1.439,1.148,1.429
"2026-08-22 12:35",229.443,232.977,224.677,1.647,1.335,8.905
"2026-08-22 12:40",229.805,232.75,229.901,1.621,1.246,1.483
"2026-08-22 12:45",229.383,232.237,229.257,1.63,1.182,1.491
"2026-08-22 12:50",228.432,232.087,224.415,1.657,1.184,8.52
"2026-08-22 12:55",230.001,233.023,229.907,1.588,1.113,1.458
"2026-08-22 13:00",230.418,233.204,230.545,1.596,1.128,1.397
"2026-08-22 13:05",228.605,231.475,223.164,1.549,1.026,8.485
"2026-08-22 13:10",229.618,232.965,228.835,1.502,0.983,1.315
"2026-08-22 13:15",229.8,233.077,229.042,1.533,0.991,1.331
"2026-08-22 13:20",228.823,232.513,223.373,1.618,1.119,8.637
"2026-08-22 13:25",229.436,232.975,228.72,1.623,1.163,1.346
"2026-08-22 13:30",230.414,233.658,229.541,1.572,1.075,1.415
"2026-08-22 13:35",231.362,234.958,225.842,1.555,1.054,8.596
"2026-08-22 13:40",231.547,234.859,230.296,1.477,0.916,1.286
"2026-08-22 13:45",231.541,234.795,230.189,1.47,0.917,1.117
"2026-08-22 13:50",230.509,233.997,229.482,1.506,0.991,1.269
"2026-08-22 13:55",232.987,237.158,227.243,1.344,0.811,8.28
"2026-08-22 14:00",233.557,236.955,232.177,0.556,0.6,0.779
"2026-08-22 14:05",232.544,235.768,231.194,0.381,0.55,0.501
"2026-08-22 14:10",233.18,236.3,231.819,0.382,0.555,0.504
"2026-08-22 14:15",232.427,235.865,226.295,0.382,0.552,7.839
"2026-08-22 14:20",233.168,236.431,231.616,0.382,0.559,0.513
"2026-08-22 14:25",231.446,234.777,230.135,0.894,0.642,0.801
"2026-08-22 14:30",231.673,234.855,229.988,0.379,0.553,0.499
"2026-08-22 14:35",231.616,234.752,230.002,0.381,0.555,0.581
"2026-08-22 14:40",231.922,232.279,225.728,0.374,0.543,8.105
"2026-08-22 14:45",230.131,232.768,229.576,0.376,0.55,0.499
"2026-08-22 14:50",229.915,232.997,228.749,0.374,0.55,0.497
"2026-08-22 14:55",228.829,231.867,227.727,0.374,0.55,0.752
"2026-08-22 15:00",228.543,232.123,222.829,0.95,0.6,8.365
"2026-08-22 15:05",228.707,232.443,223.483,0.882,0.556,7.985
"2026-08-22 15:10",229.497,232.272,228.386,0.373,0.545,0.5
"2026-08-22 15:15",229.227,232.249,228.466,1.369,1.084,1.359
"2026-08-22 15:20",227.698,231.435,222.653,1.419,0.87,8.839
"2026-08-22 15:25",228.816,231.939,228.218,1.29,0.941,1.026
"2026-08-22 15:30",229.491,232.931,228.32,1.355,1.1,1.431
"2026-08-22 15:35",229.493,233.573,224.156,1.459,1.091,8.687
"2026-08-22 15:40",229.754,233.196,228.773,1.359,1.032,1.334
"2026-08-22 15:45",230.034,233.233,228.5,1.281,0.855,1.282
"2026-08-22 15:50",229.328,233.419,224.093,1.518,1.111,8.822
"2026-08-22 15:55",230.39,233.671,229.043,1.526,1.213,1.578
"2026-08-22 16:00",230.37,234.039,229.347,1.44,1.118,1.518
"2026-08-22 16:05",230.828,234.432,230.016,1.533,1.178,1.455
"2026-08-22 16:10",229.157,232.96,223.641,1.481,1.28,8.591
"2026-08-22 16:15",231.288,234.828,230.431,1.542,1.304,1.586
"2026-08-22 16:20",231.313,235.112,230.232,1.63,1.356,1.532
"2026-08-22 16:25",231.118,234.943,230.07,1.644,1.328,1.692
"2026-08-22 16:30",231.162,235.607,225.772,1.66,1.28,8.74
"2026-08-22 16:35",232.334,235.968,230.968,1.509,1.271,1.646
"2026-08-22 16:40",232.58,236.16,231.31,1.519,1.283,1.589
"2026-08-22 16:45",233.256,237.014,228.194,1.555,1.307,8.935
"2026-08-22 16:50",233.581,236.853,233.186,1.517,1.316,1.464
"2026-08-22 16:55",231.241,234.597,230.812,1.493,1.313,1.517
"2026-08-22 17:00",232.815,236.183,231.934,1.51,1.312,1.69
"2026-08-22 17:05",232.47,236.298,227.624,1.561,1.383,8.868
"2026-08-22 17:10",231.668,234.999,230.96,1.595,1.392,1.746
"2026-08-22 17:15",231.068,234.442,230.553,1.619,1.419,1.789
"2026-08-22 17:20",231.579,234.95,230.949,1.641,1.406,1.816
"2026-08-22 17:25",232.19,235.805,231.733,1.688,1.41,1.809
"2026-08-22 17:30",231.218,235.152,226.207,1.73,1.424,9.039
"2026-08-22 17:35",231.553,234.998,230.748,1.676,1.431,1.795
"2026-08-22 17:40",232.609,236.144,232.112,1.688,1.454,1.711
"2026-08-22 17:45",230.064,233.929,225.053,1.677,1.449,8.757
"2026-08-22 17:50",230.806,233.966,229.781,1.683,1.513,1.685
"2026-08-22 17:55",229.864,233.081,229.026,1.605,1.44,1.879
"2026-08-22 18:00",229.82,232.94,228.94,,,
"2026-08-22 18:05",229.767,232.797,228.846,1.67,1.479,1.743
"2026-08-22 18:10",225.638,233.371,224.301,1.668,1.413,1.832
"2026-08-22 18:15",225.882,234.114,219.907,1.725,1.395,8.978
"2026-08-22 18:20",227.047,235.129,225.592,1.697,1.485,1.734
"2026-08-22 18:25",227.231,235.238,225.682,1.701,1.484,1.72
"2026-08-22 18:30",223.921,232.789,218.314,1.646,1.449,8.851
"2026-08-22 18:35",223.577,231.767,222.065,1.646,1.462,1.829
"2026-08-22 18:40",222.209,231.197,220.796,1.591,1.449,1.906
"2026-08-22 18:45",223.125,232.201,221.944,1.651,1.5,1.771
"2026-08-22 18:50",222.296,232.275,221.376,1.654,1.489,1.806
"2026-08-22 18:55",224.002,233.851,222.754,1.643,1.456,1.831
"2026-08-22 19:00",223.399,233.681,218.5,1.575,1.531,8.729
"2026-08-22 19:05",222.81,232.772,221.725,1.607,1.505,1.806
"2026-08-22 19:10",220.999,230.455,219.855,1.983,1.253,1.796
"2026-08-22 19:15",220.887,229.451,218.507,1.942,1.283,1.792
"2026-08-22 19:20",222.099,231.427,216.063,1.663,1.538,8.643
"2026-08-22 19:25",224.079,232.671,221.523,1.624,1.509,1.796
"2026-08-22 19:30",223.293,231.941,221.022,1.616,1.465,1.856
"2026-08-22 19:35",223.173,231.666,221.018,1.671,1.481,1.813
"2026-08-22 19:40",225.414,234.024,223.02,1.672,1.467,1.768
"2026-08-22 19:45",225.475,234.275,223.32,1.407,1.62,1.916
"2026-08-22 19:50",224.405,233.716,218.315,1.705,1.451,8.749
"2026-08-22 19:55",225.4,234.612,223.446,1.608,1.487,1.842
"2026-08-22 20:00",225.793,234.917,224.047,1.786,1.458,1.665
"2026-08-22 20:05",225.964,234.878,223.786,1.605,1.438,1.901
"2026-08-22 20:10",224.821,234.288,218.625,1.679,1.489,8.867
"2026-08-22 20:15",225.052,234.14,223.159,1.664,1.446,1.835
"2026-08-22 20:20",224.115,233.297,222.366,1.675,1.446,1.825
"2026-08-22 20:25",224.252,233.28,222.357,1.727,1.422,1.797
"2026-08-22 20:30",223.554,232.601,221.468,1.715,1.403,1.847
"2026-08-22 20:35",223.844,232.794,221.716,1.696,1.424,1.844
"2026-08-22 20:40",223.234,233.11,217.061,1.797,1.429,8.554
"2026-08-22 20:45",223.212,232.381,221.303,1.785,1.487,1.702
"2026-08-22 20:50",223.294,232.244,220.905,1.626,1.476,1.87
"2026-08-22 20:55",222.926,231.744,220.634,1.684,1.516,1.769
"2026-08-22 21:00",221.775,231.012,215.278,1.681,1.507,8.756
"2026-08-22 21:05",221.728,230.454,219.339,1.638,1.482,1.838
"2026-08-22 21:10",221.664,230.573,219.677,1.632,1.475,1.859
"2026-08-22 21:15",221.022,229.76,218.801,1.659,1.478,1.815
"2026-08-22 21:20",220.873,229.734,218.777,1.757,1.501,1.831
"2026-08-22 21:25",221.086,229.507,218.884,1.751,1.454,1.79
"2026-08-22 21:30",220.964,229.891,218.983,1.726,1.413,1.962
"2026-08-22 21:35",219.818,228.941,213.384,1.768,1.447,8.868
"2026-08-22 21:40",221.769,229.493,218.376,1.688,1.471,1.841
"2026-08-22 21:45",221.799,229.364,218.513,1.705,1.513,1.773
"2026-08-22 21:50",221.65,229.359,218.635,1.704,1.524,1.762
"2026-08-22 21:55",221.001,229.367,213.76,1.651,1.493,8.723
"2026-08-22 22:00",221.154,229.307,217.945,1.62,1.471,1.875
"2026-08-22 22:05",221.045,229.237,217.774,1.674,1.486,1.831
"2026-08-22 22:10",221.493,229.557,218.71,1.689,1.433,1.865
"2026-08-22 22:15",222.117,229.742,218.889,1.677,1.439,1.852
"2026-08-22 22:20",222.367,230.096,219.08,1.725,1.472,1.78
"2026-08-22 22:25",221.905,229.151,218.664,1.722,1.415,1.846
"2026-08-22 22:30",221.615,229.598,214.263,1.728,1.485,8.511
"2026-08-22 22:35",221.549,228.851,218.225,1.708,1.48,1.807
"2026-08-22 22:40",221.873,229.415,218.742,1.733,1.523,1.7
"2026-08-22 22:45",221.781,229.337,218.189,1.646,1.478,1.874
"2026-08-22 22:50",221.561,229.679,213.911,1.609,1.465,8.604
"2026-08-22 22:55",222.661,230.21,219.044,1.613,1.462,1.853
"2026-08-22 23:00",221.996,229.577,218.568,1.616,1.433,1.917
"2026-08-22 23:05",222.137,229.866,218.887,1.713,1.476,1.765
"2026-08-22 23:10",221.383,228.854,217.99,1.735,1.47,1.77
"2026-08-22 23:15",220.836,228.017,217.106,1.739,1.448,1.8
"2026-08-22 23:20",222.433,229.647,218.841,1.733,1.405,1.86
"2026-08-22 23:25",221.032,228.808,213.291,1.751,1.454,8.803
"2026-08-22 23:30",221.885,228.498,217.355,1.681,1.476,1.82
"2026-08-22 23:35",222.007,228.571,217.792,1.728,1.57,1.708
"2026-08-22 23:40",222.329,229.077,218.006,1.695,1.51,1.76
"2026-08-22 23:45",222.232,229.586,214.187,1.688,1.504,8.784
"2026-08-22 23:50",222.068,228.958,218.028,1.615,1.469,1.896
"2026-08-22 23:55",222.186,228.829,218.189,1.68,1.549,1.688
"2026-08-23 00:00",223.16,229.82,219.05,,,
"2026-08-23 00:05",224.143,230.805,219.917,1.666,1.454,1.822
"2026-08-23 00:10",223.944,230.91,219.733,1.652,1.44,1.78
"2026-08-23 00:15",224.349,230.895,219.876,1.674,1.434,1.835
"2026-08-23 00:20",223.864,230.607,219.461,1.715,1.389,1.882
"2026-08-23 00:25",224.262,231.584,215.932,1.696,1.441,8.618
"2026-08-23 00:30",225.043,232.303,221.305,1.709,1.509,1.72
"2026-08-23 00:35",225.045,231.779,220.613,1.604,1.445,1.903
"2026-08-23 00:40",224.869,231.576,220.381,1.608,1.489,1.849
"2026-08-23 00:45",224.121,231.423,215.846,1.638,1.482,8.644
"2026-08-23 00:50",225.218,231.985,220.763,1.615,1.455,1.854
"2026-08-23 00:55",225.51,232.416,221.378,1.618,1.481,1.801
"2026-08-23 01:00",225.959,232.882,221.511,1.637,1.451,1.806
"2026-08-23 01:05",225.083,231.564,220.344,1.644,1.415,1.853
"2026-08-23 01:10",224.299,230.827,219.438,1.667,1.419,1.879
"2026-08-23 01:15",224.261,230.85,219.585,1.697,1.442,1.796
"2026-08-23 01:20",223.491,230.824,215.102,1.753,1.452,8.869
"2026-08-23 01:25",224.096,230.917,219.812,1.712,1.496,1.754
"2026-08-23 01:30",224.949,231.723,220.482,1.69,1.531,1.702
"2026-08-23 01:35",225.647,232.294,220.923,1.659,1.506,1.784
"2026-08-23 01:40",224.9,232.205,216.248,1.604,1.474,8.897
"2026-08-23 01:45",225.516,232.334,220.986,1.627,1.473,1.823
"2026-08-23 01:50",225.84,232.85,221.34,,,
"2026-08-23 01:55",226.156,233.375,221.69,1.614,1.419,1.888
"2026-08-23 02:00",225.834,232.988,221.489,1.673,1.437,1.804
"2026-08-23 02:05",225.709,232.623,221.251,1.728,1.454,1.752
"2026-08-23 02:10",226.395,233.497,221.934,1.746,1.412,1.74
"2026-08-23 02:15",225.607,233.184,216.896,1.693,1.392,8.777
"2026-08-23 02:20",226.171,233.337,221.532,1.65,1.463,1.817
"2026-08-23 02:25",226.659,234.053,222.399,1.679,1.485,1.78
"2026-08-23 02:30",225.656,233.498,222.046,1.678,1.564,1.689
"2026-08-23 02:35",225.227,233.486,217.763,1.61,1.475,8.533
"2026-08-23 02:40",226.46,234.023,222.669,1.642,1.518,1.723
"2026-08-23 02:45",225.933,234.305,223.566,1.67,1.501,1.74
"2026-08-23 02:50",226.09,234.255,223.497,1.606,1.386,1.919
"2026-08-23 02:55",225.928,234.283,223.544,1.675,1.446,1.781
"2026-08-23 03:00",226.257,234.509,223.558,1.719,1.432,1.746
"2026-08-23 03:05",226.682,235.089,224.3,1.676,1.418,1.779
"2026-08-23 03:10",226.776,235.211,224.276,1.688,1.374,1.836
"2026-08-23 03:15",225.855,234.852,219.683,1.741,1.445,8.513
"2026-08-23 03:20",226.671,235.185,224.379,1.66,1.457,1.792
"2026-08-23 03:25",226.851,234.988,224.785,1.666,1.549,1.686
"2026-08-23 03:30",227.089,235.524,224.982,1.644,1.538,1.715
"2026-08-23 03:35",225.725,235.389,220.491,1.697,1.418,8.641
"2026-08-23 03:40",226.354,235.536,225.187,1.652,1.505,1.737
"2026-08-23 03:45",226.507,235.603,225.597,1.679,1.498,1.696
"2026-08-23 03:50",226.96,236.33,225.83,1.62,1.419,1.831
"2026-08-23 03:55",226.246,235.611,225.333,1.735,1.463,1.663
"2026-08-23 04:00",225.769,234.795,224.586,1.654,1.4,1.866
"2026-08-23 04:05",226.144,235.258,224.861,1.726,1.403,1.764
"2026-08-23 04:10",226.001,235.866,220.662,1.733,1.419,8.809
"2026-08-23 04:15",226.75,235.921,225.772,1.675,1.46,1.769
"2026-08-23 04:20",227,236.165,226.011,1.597,1.457,1.846
"2026-08-23 04:25",225.691,235.581,225.627,1.6,1.451,1.852
"2026-08-23 04:30",225.752,235.955,221.448,1.657,1.491,8.892
"2026-08-23 04:35",225.848,235.931,226.132,1.598,1.471,1.784
"2026-08-23 04:40",226.478,236.856,226.796,1.615,1.434,1.827
"2026-08-23 04:45",226.611,236.562,226.71,1.712,1.45,1.685
"2026-08-23 04:50",226.885,236.395,226.656,1.679,1.442,1.726
"2026-08-23 04:55",226.355,235.847,226.217,1.706,1.418,1.745
"2026-08-23 05:00",225.621,235.011,225.517,1.625,1.47,1.769
"2026-08-23 05:05",223.687,232.751,223.46,1.651,1.455,1.795
"2026-08-23 05:10",222.813,232.668,218.692,1.647,1.479,8.602
"2026-08-23 05:15",224.756,233.888,224.287,1.595,1.511,1.755
"2026-08-23 05:20",224.811,233.833,224.412,1.623,1.512,1.779
"2026-08-23 05:25",224.959,234.239,224.783,1.737,1.421,1.748
"2026-08-23 05:30",224.627,234.637,220.411,1.649,1.414,8.646
"2026-08-23 05:35",225.046,234.541,225.023,1.71,1.441,1.717
"2026-08-23 05:40",225.768,234.88,225.324,1.716,1.404,1.755
"2026-08-23 05:45",226.442,235.717,226.455,1.434,1.685,1.787
"2026-08-23 05:50",224.351,233.233,224.858,1.694,1.425,1.773
"2026-08-23 05:55",223.693,232.873,224.569,1.607,1.505,1.772
"2026-08-23 06:00",225.31,234.87,224.2,,,
"2026-08-23 06:05",226.935,236.875,223.835,1.6,1.454,8.647
"2026-08-23 06:10",227.459,235.474,228.242,1.618,1.548,1.699
"2026-08-23 06:15",227.779,236.121,228.318,1.655,1.477,1.728
"2026-08-23 06:20",227.29,235.74,228.268,1.653,1.473,1.745
"2026-08-23 06:25",231.411,237.076,232.396,1.712,1.462,1.735
"2026-08-23 06:30",233.006,236.685,231.163,1.617,1.466,1.648
"2026-08-23 06:35",230.825,235.148,226.549,1.635,1.46,8.817
"2026-08-23 06:40",230.964,234.668,231.091,1.64,1.453,1.731
"2026-08-23 06:45",231.552,235.558,231.65,1.602,1.415,1.807
"2026-08-23 06:50",231.041,235.501,226.905,1.645,1.439,8.98
"2026-08-23 06:55",232.142,235.77,232.236,1.614,1.483,1.762
"2026-08-23 07:00",231.874,236.197,227.47,1.624,1.487,8.808
"2026-08-23 07:05",233.611,237.275,233.706,1.616,1.511,1.651
"2026-08-23 07:10",232.536,236.459,232.698,1.62,1.516,1.654
"2026-08-23 07:15",233.072,236.989,233.598,1.646,1.465,1.674
"2026-08-23 07:20",233.592,237.27,233.594,1.545,1.373,1.738
"2026-08-23 07:25",234.549,236.957,234.103,1.558,1.329,1.767
"2026-08-23 07:30",235.104,237.723,234.662,1.508,1.395,1.76
"2026-08-23 07:35",233.36,237.005,229.543,1.601,1.392,8.699
"2026-08-23 07:40",232.785,236.199,233.477,1.544,1.404,1.695
"2026-08-23 07:45",232.283,235.244,232.588,1.529,1.402,1.663
"2026-08-23 07:50",230.57,233.961,231.128,1.457,1.212,1.606
"2026-08-23 07:55",230.357,234.132,226.709,1.417,1.247,8.432
"2026-08-23 08:00",231.034,234.471,231.741,1.301,1.11,1.515
"2026-08-23 08:05",231.021,234.611,231.691,1.338,1.083,1.404
"2026-08-23 08:10",231.655,234.884,232.278,1.357,1.203,1.422
"2026-08-23 08:15",231.527,234.441,232.052,1.318,1.274,1.378
"2026-08-23 08:20",231.446,234.895,232.139,1.542,1.126,1.533
"2026-08-23 08:25",231.197,235.073,227.444,1.449,1.244,8.416
"2026-08-23 08:30",231.877,235.288,232.509,1.555,1.168,1.411
"2026-08-23 08:35",231.031,234.589,231.653,1.509,0.99,1.503
"2026-08-23 08:40",230.175,234.394,226.498,1.507,0.961,8.404
"2026-08-23 08:45",231.893,235.457,232.621,1.55,1.073,1.244
"2026-08-23 08:50",231.371,235.321,232.196,1.503,1.113,1.325
"2026-08-23 08:55",232.201,236.281,232.909,1.39,0.974,1.246
"2026-08-23 09:00",231.669,235.643,227.79,1.451,1.214,8.445
"2026-08-23 09:05",232.804,236.457,233.325,1.471,1.143,1.417
"2026-08-23 09:10",232.98,236.707,233.493,1.376,1.125,1.174
"2026-08-23 09:15",232.885,236.496,233.49,1.555,1.127,1.379
"2026-08-23 09:20",232.379,235.752,233.108,1.539,1.124,1.343
"2026-08-23 09:25",232.342,236.626,228.584,1.429,1.092,8.674
"2026-08-23 09:30",232.485,236.336,233.726,1.359,0.855,1.117
"2026-08-23 09:35",233.189,236.86,234.011,1.364,0.921,1.012
"2026-08-23 09:40",233.221,236.523,234.043,0.335,0.555,0.507
"2026-08-23 09:45",232.106,236.281,228.623,1.31,0.697,8.369
"2026-08-23 09:50",232.798,236.061,233.664,0.768,0.602,0.514
"2026-08-23 09:55",232.913,236.138,233.464,0.333,0.556,0.503
"2026-08-23 10:00",233.06,236.384,233.519,0.332,0.555,0.51
"2026-08-23 10:05",233.156,236.293,233.551,0.329,0.556,0.51
"2026-08-23 10:10",231.976,235.096,232.373,0.706,0.669,0.819
"2026-08-23 10:15",231.678,235.617,227.716,1.391,1.087,9.001
"2026-08-23 10:20",232.343,236.092,233.425,1.584,1.068,1.361
"2026-08-23 10:25",231.772,235.067,232.567,1.349,0.969,1.231
"2026-08-23 10:30",230.622,234.284,226.789,1.233,1.439,8.936
"2026-08-23 10:35",231.916,234.694,232.293,0.328,0.549,0.502
"2026-08-23 10:40",232.056,235.106,232.845,0.812,0.872,1.116
"2026-08-23 10:45",231.974,235.139,232.726,0.438,0.626,0.752
"2026-08-23 10:50",232.042,235.01,232.615,0.33,0.551,0.504
"2026-08-23 10:55",231.572,235.39,227.38,0.352,0.547,8.116
"2026-08-23 11:00",232.347,235.686,232.75,0.328,0.553,0.503
"2026-08-23 11:05",232.203,235.766,232.709,1.126,0.982,1.159
"2026-08-23 11:10",232.213,235.663,232.593,0.998,0.789,1.098
"2026-08-23 11:15",231.699,235.479,232.437,1.1,0.77,1.078
"2026-08-23 11:20",231.025,235.233,227.351,1.249,0.904,8.399
"2026-08-23 11:25",232.41,235.92,233.205,1.265,0.873,1.267
"2026-08-23 11:30",231.484,235.115,227.38,1.302,1.019,8.674
"2026-08-23 11:35",231.831,235.096,232.068,1.393,1.225,1.472
"2026-08-23 11:40",231.979,235.252,232.439,1.563,1.38,1.618
"2026-08-23 11:45",231.407,235.168,227.26,1.533,1.435,8.747
"2026-08-23 11:50",232.358,235.752,232.797,1.529,1.305,1.6
"2026-08-23 11:55",232.669,236.03,233.174,1.444,1.208,1.562
"2026-08-23 12:00",232.59,235.82,232.92,,,
"2026-08-23 12:05",232.514,235.612,232.663,1.166,1.108,1.373
"2026-08-23 12:10",232.257,235.686,232.864,1.369,0.954,1.313
"2026-08-23 12:15",231.427,235.364,227.476,1.39,1.025,8.538
"2026-08-23 12:20",232.07,235.339,232.602,1.425,1.113,1.401
"2026-08-23 12:25",231.977,235.885,227.903,1.411,1.098,8.787
"2026-08-23 12:30",232.891,236.017,233.342,1.363,1.073,1.35
"2026-08-23 12:35",232.952,236.105,233.395,1.351,0.998,1.3
"2026-08-23 12:40",232.447,235.794,233.083,1.356,1.003,1.385
"2026-08-23 12:45",231.856,235.863,228.027,1.545,1.288,8.579
"2026-08-23 12:50",232.554,235.936,233.31,1.427,1.353,1.545
"2026-08-23 12:55",232.914,236.126,233.314,1.396,1.296,1.451
"2026-08-23 13:00",232.417,235.982,228.438,1.341,1.27,8.747
"2026-08-23 13:05",233.943,236.823,234.465,1.346,1.291,1.432
"2026-08-23 13:10",233.874,236.668,234.144,1.386,1.29,1.647
"2026-08-23 13:15",233.866,237.053,234.651,1.427,1.338,1.467
"2026-08-23 13:20",238.825,235.711,238.078,1.532,1.225,1.402
"2026-08-23 13:25",232.568,231.751,227.055,1.479,1.293,8.817
"2026-08-23 13:30",232.365,231.619,230.785,1.473,1.308,1.642
"2026-08-23 13:35",231.563,232.043,230.712,1.426,1.253,1.573
"2026-08-23 13:40",230.685,231.751,225.605,1.426,1.213,8.465
"2026-08-23 13:45",230.528,232.464,230.61,1.387,1.149,1.453
"2026-08-23 13:50",238.727,237.085,238.555,1.459,0.961,1.151
"2026-08-23 13:55",232.944,231.856,231.877,1.25,0.941,1.157
"2026-08-23 14:00",230.693,231.597,225.088,1.009,0.744,8.462
"2026-08-23 14:05",231.954,234.184,230.672,0.761,0.62,0.78
"2026-08-23 14:10",232.479,234.421,231.279,0.798,0.687,0.753
"2026-08-23 14:15",232.915,235.115,231.964,0.744,0.648,0.507
"2026-08-23 14:20",231.834,234.228,230.8,0.933,0.78,1.093
"2026-08-23 14:25",232.175,234.365,231.046,0.791,0.654,0.88
"2026-08-23 14:30",229.952,233.211,224.803,1.026,0.612,8.214
"2026-08-23 14:35",230.98,233.343,230.111,0.778,0.638,1.045
"2026-08-23 14:40",230.088,232.652,229.333,0.662,0.621,0.891
"2026-08-23 14:45",229.865,232.613,224.915,0.652,0.622,8.063
"2026-08-23 14:50",230.87,232.906,229.964,0.331,0.549,0.499
"2026-08-23 14:55",230.207,232.546,229.405,1.005,0.821,1.142
"2026-08-23 15:00",237.708,238.285,238.472,1.284,1.099,1.334
"2026-08-23 15:05",232.324,231.889,230.778,1.521,1.101,1.353
"2026-08-23 15:10",230.026,231.423,224.698,1.486,0.979,8.584
"2026-08-23 15:15",230.587,232.983,229.57,1.275,0.93,1.236
"2026-08-23 15:20",229.496,232.536,224.202,0.818,0.62,8.122
"2026-08-23 15:25",229.671,233.484,229.494,1.201,0.941,1.073
"2026-08-23 15:30",230.625,234.397,230.647,1.233,1.101,1.248
"2026-08-23 15:35",230.9,234.701,230.942,1.526,1.226,1.562
"2026-08-23 15:40",229.899,234.269,225.291,1.576,1.293,8.731
"2026-08-23 15:45",230.091,233.83,229.684,1.524,1.288,1.647
"2026-08-23 15:50",229.231,232.772,228.723,1.424,1.3,1.524
"2026-08-23 15:55",228.818,232.84,224.165,1.558,1.381,8.895
"2026-08-23 16:00",228.937,232.453,228.666,1.591,1.398,1.584
"2026-08-23 16:05",229.669,233.096,229.494,1.495,1.297,1.464
"2026-08-23 16:10",229.184,232.679,228.871,1.463,1.242,1.531
"2026-08-23 16:15",229.841,233.443,229.822,1.611,1.176,1.432
"2026-08-23 16:20",229.565,233.58,224.824,1.461,1.066,8.782
"2026-08-23 16:25",230.236,233.79,229.932,1.424,1.212,1.406
"2026-08-23 16:30",232.367,235.881,232.376,1.51,1.153,1.478
"2026-08-23 16:35",232.961,237.236,228.549,1.5,1.153,8.81
"2026-08-23 16:40",233.291,237.212,233.352,1.422,1.002,1.233
"2026-08-23 16:45",233.738,236.384,233.108,1.438,1.176,1.423
"2026-08-23 16:50",232.962,235.809,227.549,1.471,1.261,8.695
"2026-08-23 16:55",233.461,236.14,232.837,1.49,1.388,1.664
"2026-08-23 17:00",233.062,235.819,232.521,1.621,1.305,1.595
"2026-08-23 17:05",233.168,235.71,232.498,1.602,1.325,1.658
"2026-08-23 17:10",233.59,236.128,232.811,1.556,1.274,1.696
"2026-08-23 17:15",234.068,236.743,233.473,1.486,1.338,1.665
"2026-08-23 17:20",232.437,235.346,227.195,1.611,1.302,8.842
"2026-08-23 17:25",231.798,234.077,231.075,1.488,1.417,1.694
"2026-08-23 17:30",234.557,237.19,233.974,1.55,1.456,1.625
"2026-08-23 17:35",233.434,236.331,228.429,1.524,1.421,8.851
"2026-08-23 17:40",234.27,236.781,233.574,1.597,1.5,1.572
"2026-08-23 17:45",233.747,236.192,232.924,1.538,1.495,1.696
"2026-08-23 17:50",233.896,236.797,228.194,1.58,1.503,8.75
"2026-08-23 17:55",234.137,236.62,232.932,1.633,1.361,1.789
"2026-08-23 18:00",233.43,235.71,232.19,,,
"2026-08-23 18:05",232.723,234.798,231.449,1.567,1.421,1.878
"2026-08-23 18:10",228.295,234.289,226.018,1.666,1.478,1.75
"2026-08-23 18:15",228.888,234.913,226.712,1.675,1.408,1.824
"2026-08-23 18:20",226.843,233.506,220.397,1.675,1.439,8.87
"2026-08-23 18:25",227.835,233.578,225.502,1.618,1.479,1.827
"2026-08-23 18:30",227.595,235.359,226.037,1.61,1.532,1.783
"2026-08-23 18:35",225.046,233.112,223.758,1.751,1.439,1.739
"2026-08-23 18:40",225.189,233.516,219.278,1.778,1.366,8.717
"2026-08-23 18:45",225.127,232.883,223.268,1.716,1.432,1.787
"2026-08-23 18:50",224.107,231.642,221.946,1.643,1.46,1.863
"2026-08-23 18:55",223.832,232.235,222.332,1.692,1.397,1.866
"2026-08-23 19:00",223.842,232.311,222.345,1.75,1.411,1.793
"2026-08-23 19:05",223.752,231.941,222.219,1.555,1.577,1.811
"2026-08-23 19:10",223.068,232.072,217.502,1.69,1.438,9.019
"2026-08-23 19:15",223.289,231.614,221.781,1.683,1.494,1.808
"2026-08-23 19:20",222.671,232.035,221.655,1.641,1.522,1.78
"2026-08-23 19:25",222.296,231.609,220.958,1.646,1.47,1.888
"2026-08-23 19:30",221.319,231.322,216.262,1.666,1.522,8.536
"2026-08-23 19:35",221.967,231.131,220.863,1.682,1.497,1.788
"2026-08-23 19:40",224.769,234.142,223.691,1.644,1.386,1.927
"2026-08-23 19:45",224.623,233.909,223.179,1.687,1.435,1.814
"2026-08-23 19:50",224.986,234.371,223.871,1.677,1.412,1.847
"2026-08-23 19:55",224.498,233.497,223.014,1.735,1.436,1.757
"2026-08-23 20:00",223.017,232.893,217.729,1.747,1.428,8.834
"2026-08-23 20:05",223.947,233.155,223.028,1.726,1.461,1.769
"2026-08-23 20:10",222.546,231.962,221.83,1.675,1.45,1.881
"2026-08-23 20:15",222.343,231.814,221.665,1.666,1.481,1.824
"2026-08-23 20:20",221.509,231.307,216.173,1.603,1.453,9.007
"2026-08-23 20:25",221.985,231.384,221.022,1.65,1.447,1.86
"2026-08-23 20:30",221.463,230.829,220.377,1.7,1.486,1.755
"2026-08-23 20:35",221.184,230.132,219.831,1.768,1.511,1.789
"2026-08-23 20:40",221.673,230.237,219.33,1.705,1.447,1.824
"2026-08-23 20:45",221.604,230.015,219.284,1.707,1.418,1.86
"2026-08-23 20:50",221.798,230.219,219.405,1.742,1.423,1.813
"2026-08-23 20:55",221.662,230.47,215.173,1.744,1.435,8.652
"2026-08-23 21:00",222.168,230.425,219.694,1.66,1.421,1.767
"2026-08-23 21:05",222.362,231.081,220.209,1.638,1.456,1.909
"2026-08-23 21:10",221.515,230.435,215.174,1.692,1.48,8.621
"2026-08-23 21:15",222.34,230.87,220.218,1.682,1.486,1.786
"2026-08-23 21:20",222.115,230.934,220.211,1.714,1.454,1.794
"2026-08-23 21:25",222.159,231.088,220.285,1.702,1.449,1.812
"2026-08-23 21:30",222.734,231.528,220.499,1.674,1.397,1.897
"2026-08-23 21:35",221.994,230.919,219.839,1.689,1.387,1.913
"2026-08-23 21:40",221.981,230.512,219.975,1.726,1.441,1.802
"2026-08-23 21:45",221.773,231.01,215.107,1.715,1.373,8.994
"2026-08-23 21:50",222.414,230.818,219.816,1.711,1.428,1.847
"2026-08-23 21:55",222.229,230.763,219.884,1.748,1.508,1.72
"2026-08-23 22:00",221.994,230.71,219.705,1.652,1.45,1.874
"2026-08-23 22:05",221.635,230.774,215.117,1.65,1.456,8.936
"2026-08-23 22:10",222.417,230.96,220.144,1.657,1.432,1.878
"2026-08-23 22:15",222.571,230.581,219.928,1.668,1.468,1.819
"2026-08-23 22:20",222.702,230.77,219.92,1.661,1.43,1.875
"2026-08-23 22:25",222.372,230.295,219.53,1.719,1.452,1.802
"2026-08-23 22:30",222.344,230.736,220.146,1.729,1.426,1.808
"2026-08-23 22:35",222.668,231.353,220.946,1.756,1.407,1.803
"2026-08-23 22:40",222.268,231.498,215.995,1.75,1.428,8.844
"2026-08-23 22:45",222.738,231.09,220.3,1.776,1.514,1.681
"2026-08-23 22:50",223.114,231.406,220.914,1.657,1.455,1.864
"2026-08-23 22:55",222.716,231.097,220.407,1.697,1.487,1.821
"2026-08-23 23:00",221.764,230.48,215.539,1.704,1.446,8.601
"2026-08-23 23:05",221.802,230.107,219.732,1.665,1.47,1.832
"2026-08-23 23:10",222.436,230.67,220.191,1.686,1.443,1.857
"2026-08-23 23:15",222.223,230.749,219.992,1.706,1.453,1.802
"2026-08-23 23:20",222.403,230.574,219.92,1.723,1.463,1.763
"2026-08-23 23:25",222.4,230.665,220.013,1.72,1.45,1.801
"2026-08-23 23:30",222.667,231.043,220.301,1.709,1.369,1.909
"2026-08-23 23:35",223.068,231.278,220.724,1.768,1.435,1.777
"2026-08-23 23:40",221.943,230.634,216.024,1.768,1.473,8.45
"2026-08-23 23:45",223.022,230.851,220.757,1.744,1.47,1.757
"2026-08-23 23:50",222.79,230.792,220.5,1.683,1.44,1.862
"2026-08-23 23:55",222.833,231.021,220.814,1.674,1.455,1.85
"2026-08-24 00:00",222.69,230.98,220.59,,,
"2026-08-24 00:05",222.539,230.938,220.36,1.685,1.475,1.801
"2026-08-24 00:10",223.115,231.224,220.702,1.657,1.447,1.861
"2026-08-24 00:15",223.064,231.301,220.635,1.711,1.407,1.87
"2026-08-24 00:20",223.154,231.39,220.619,1.682,1.377,1.901
"2026-08-24 00:25",223.781,232.036,221.389,1.744,1.411,1.783
"2026-08-24 00:30",223.313,232.016,217.034,1.783,1.438,8.387
"2026-08-24 00:35",224.075,232.001,221.62,1.789,1.478,1.684
"2026-08-24 00:40",224.583,232.973,222.195,1.741,1.483,1.712
"2026-08-24 00:45",225.028,233.607,222.68,1.671,1.475,1.79
"2026-08-24 00:50",225.36,233.806,223.088,1.672,1.503,1.757
"2026-08-24 00:55",225.974,234.351,223.523,1.678,1.483,1.742
"2026-08-24 01:00",225.171,234.02,218.904,1.639,1.419,8.496
"2026-08-24 01:05",225.655,234.158,223.455,1.716,1.478,1.702
"2026-08-24 01:10",225.669,233.957,223.576,1.742,1.431,1.737
"2026-08-24 01:15",225.228,233.785,223.074,1.746,1.435,1.727
"2026-08-24 01:20",226.077,234.394,223.58,1.687,1.39,1.744
"2026-08-24 01:25",225.657,234.041,223.241,1.748,1.416,1.792
"2026-08-24 01:30",225.528,234.523,219.071,1.724,1.446,8.461
"2026-08-24 01:35",226.278,234.928,223.973,1.637,1.418,1.846
"2026-08-24 01:40",226.235,234.761,223.98,1.636,1.474,1.818
"2026-08-24 01:45",226.725,235.27,224.572,1.646,1.475,1.674
"2026-08-24 01:50",226.471,235.111,224.212,1.7,1.447,1.753
"2026-08-24 01:55",227.055,235.945,224.84,1.689,1.395,1.801
"2026-08-24 02:00",225.706,235.088,224.861,1.73,1.412,1.758
"2026-08-24 02:05",225.619,235.548,220.529,1.74,1.412,8.444
"2026-08-24 02:10",226.56,235.914,225.618,1.763,1.41,1.704
"2026-08-24 02:15",226.235,235.393,225.041,1.748,1.382,1.796
"2026-08-24 02:20",226.491,235.721,225.221,1.76,1.456,1.686
"2026-08-24 02:25",225.917,235.647,220.651,1.735,,8.566
"2026-08-24 02:30",226.489,235.62,225.156,1.632,1.42,1.876
"2026-08-24 02:35",226.401,235.736,225.377,1.653,1.456,1.776
"2026-08-24 02:40",226.722,236.018,225.776,1.665,1.443,1.782
"2026-08-24 02:45",225.868,236.07,225.944,1.673,1.402,1.821
"2026-08-24 02:50",226.373,236.144,226.273,1.613,1.454,1.835
"2026-08-24 02:55",226.422,236.373,226.552,1.632,1.448,1.799
"2026-08-24 03:00",226.903,236.087,226.774,1.655,1.435,1.826
"2026-08-24 03:05",226.506,236.459,222.485,1.688,1.45,8.473
"2026-08-24 03:10",227.573,236.873,227.521,1.677,1.487,1.752
"2026-08-24 03:15",226.684,235.23,227.248,1.713,1.453,1.717
"2026-08-24 03:20",227.011,235.968,227.681,1.729,1.472,1.691
"2026-08-24 03:25",226.525,235.809,222.96,1.7,1.477,8.719
"2026-08-24 03:30",227.493,236.096,227.9,1.548,1.466,1.847
"2026-08-24 03:35",224.94,233.525,225.499,1.632,1.428,1.833
"2026-08-24 03:40",225.157,233.85,225.736,1.779,1.349,1.78
"2026-08-24 03:45",224.904,233.652,225.575,1.701,1.424,1.783
"2026-08-24 03:50",225.005,233.505,225.329,1.717,1.425,1.763
"2026-08-24 03:55",224.99,233.786,225.522,1.703,1.468,1.719
"2026-08-24 04:00",224.724,233.347,225.2,1.676,1.473,1.751
"2026-08-24 04:05",224.142,233.45,220.636,1.676,1.451,8.587
"2026-08-24 04:10",224.602,233.39,225.303,1.651,1.524,1.742
"2026-08-24 04:15",224.824,233.156,225.249,1.652,1.565,1.713
"2026-08-24 04:20",225.181,233.502,225.479,1.616,1.501,1.769
"2026-08-24 04:25",225.098,233.724,225.613,1.584,1.507,1.788
"2026-08-24 04:30",225.438,233.977,225.777,1.672,1.382,1.842
"2026-08-24 04:35",225.385,234.418,221.637,1.66,1.424,8.73
"2026-08-24 04:40",225.463,234.232,225.819,1.653,1.465,1.755
"2026-08-24 04:45",225.658,234.316,225.826,1.664,1.422,1.798
"2026-08-24 04:50",225.416,234.153,225.823,1.674,1.434,1.746
"2026-08-24 04:55",225.394,234.014,225.986,1.678,1.421,1.828
"2026-08-24 05:00",225.005,234.002,221.186,1.673,1.45,8.509
"2026-08-24 05:05",225.554,234.103,226.032,1.669,1.494,1.736
"2026-08-24 05:10",225.674,234.485,226.074,1.682,1.431,1.774
"2026-08-24 05:15",226.059,234.662,226.335,1.636,1.447,1.795
"2026-08-24 05:20",226.279,234.904,226.452,1.63,1.485,1.726
"2026-08-24 05:25",226.644,235.221,227.077,1.616,1.457,1.798
"2026-08-24 05:30",226.574,235.321,227.171,1.664,1.461,1.751
"2026-08-24 05:35",227.123,236.477,223.361,1.585,1.37,9.001
"2026-08-24 05:40",227.762,235.514,228.033,1.665,1.446,1.773
"2026-08-24 05:45",227.901,235.687,228.045,1.616,1.473,1.79
"2026-08-24 05:50",226.947,233.544,226.817,1.711,1.463,1.725
"2026-08-24 05:55",226.839,233.492,226.713,1.678,1.477,1.748
"2026-08-24 06:00",227.31,234.26,227.42,,,
"2026-08-24 06:05",227.776,235.019,228.119,1.71,1.412,1.746
"2026-08-24 06:10",227.415,234.565,227.491,1.679,1.395,1.807
"2026-08-24 06:15",226.831,234.252,227.33,1.711,1.428,1.743
"2026-08-24 06:20",229.075,236.294,229.185,1.692,1.381,1.794
"2026-08-24 06:25",233.719,236.683,234.209,1.56,1.525,1.667
"2026-08-24 06:30",232.381,235.118,232.99,1.618,1.419,1.768
"2026-08-24 06:35",231.283,234.538,227.609,1.653,1.486,8.654
"2026-08-24 06:40",232.141,234.828,232.427,1.64,1.498,1.702
"2026-08-24 06:45",232.424,235.279,232.789,1.599,1.476,1.864
"2026-08-24 06:50",232.766,235.366,232.992,1.565,1.49,1.793
"2026-08-24 06:55",232.304,235.544,228.111,1.616,1.53,8.781
"2026-08-24 07:00",232.038,234.913,231.864,1.616,1.491,1.7
"2026-08-24 07:05",231.029,233.634,230.992,1.588,1.458,1.796
"2026-08-24 07:10",230.914,233.33,230.778,1.553,1.441,1.682
"2026-08-24 07:15",231.281,234.239,231.13,1.484,1.361,1.606
"2026-08-24 07:20",232.451,234.896,232.307,1.386,1.282,1.689
"2026-08-24 07:25",230.537,233.466,226.257,1.447,1.25,8.391
"2026-08-24 07:30",231.552,233.986,231.479,1.423,1.174,1.549
"2026-08-24 07:35",230.826,233.617,230.998,1.359,1.226,1.482
"2026-08-24 07:40",230.626,233.366,230.716,1.369,1.252,1.527
"2026-08-24 07:45",230.14,232.512,230.014,1.323,1.257,1.46
"2026-08-24 07:50",230.22,232.612,224.724,1.376,1.303,8.511
"2026-08-24 07:55",230.719,232.082,229.462,1.409,1.343,1.422
"2026-08-24 08:00",231.781,236.134,231.381,1.512,1.162,1.329
"2026-08-24 08:05",231.251,235.675,231.096,1.315,0.997,1.364
"2026-08-24 08:10",231.461,236.075,231.429,1.293,0.897,1.31
"2026-08-24 08:15",230.985,235.993,226.803,1.596,1.236,8.739
"2026-08-24 08:20",229.877,234.805,230.117,1.356,1.121,1.249
"2026-08-24 08:25",230.389,234.979,230.437,0.472,0.595,0.8
"2026-08-24 08:30",229.634,234.113,229.874,1.532,0.965,1.355
"2026-08-24 08:35",229.691,235.061,225.904,1.463,1.075,8.557
"2026-08-24 08:40",229.897,234.373,229.943,1.27,0.998,1.282
"2026-08-24 08:45",229.3,233.89,229.5,,,
"2026-08-24 08:50",228.696,233.407,229.066,1.277,0.997,1.303
"2026-08-24 08:55",228.354,232.848,228.335,1.273,0.915,1.052
"2026-08-24 09:00",227.697,232.938,223.633,1.53,1.053,8.348
"2026-08-24 09:05",227.862,232.6,228.169,1.442,1.053,1.381
"2026-08-24 09:10",227.766,232.273,227.981,1.416,0.938,1.271
"2026-08-24 09:15",228.415,233.236,228.785,1.271,0.926,1.254
"2026-08-24 09:20",227.045,232.233,223.096,1.292,1.044,8.262
"2026-08-24 09:25",227.647,232.588,227.974,1.292,0.829,1.056
"2026-08-24 09:30",227.779,232.782,228.15,1.229,0.889,1.013
"2026-08-24 09:35",229.461,234.35,230.04,1.358,1.073,1.211
"2026-08-24 09:40",229.559,234.877,225.402,1.278,0.845,8.371
"2026-08-24 09:45",228.83,233.533,228.91,1.356,0.934,1.016
"2026-08-24 09:50",226.849,231.384,227.06,1.371,1.115,1.258
"2026-08-24 09:55",227.698,231.615,226.738,1.283,0.909,1.309
"2026-08-24 10:00",227.178,231.496,222.164,1.184,0.83,8.221
"2026-08-24 10:05",227.916,232.497,227.196,0.573,0.544,0.496
"2026-08-24 10:10",230.484,234.912,230.099,0.324,0.554,0.492
"2026-08-24 10:15",230.397,235.186,230.086,0.751,0.715,1.011
"2026-08-24 10:20",229.908,235.09,229.982,0.764,0.64,0.753
"2026-08-24 10:25",229.867,234.266,229.483,0.331,0.548,0.501
"2026-08-24 10:30",229.827,234.917,224.977,0.327,0.546,7.894
"2026-08-24 10:35",230.668,235.51,230.059,0.322,0.554,0.493
"2026-08-24 10:40",230.327,234.63,229.691,0.675,0.621,1.027
"2026-08-24 10:45",230.275,234.976,230.104,0.806,0.607,0.818
"2026-08-24 10:50",229.857,234.975,225.079,1.172,0.911,8.411
"2026-08-24 10:55",228.788,233.575,228.705,1.325,1.006,1.32
"2026-08-24 11:00",229.28,233.986,229.324,1.328,0.992,1.345
"2026-08-24 11:05",227.756,233.083,223.518,1.494,1.09,8.646
"2026-08-24 11:10",228.545,233.169,228.822,1.331,0.964,1.301
"2026-08-24 11:15",229.048,233.975,229.043,1.302,0.851,1.102
"2026-08-24 11:20",229.144,233.732,228.908,0.794,0.589,0.779
"2026-08-24 11:25",230.069,234.951,225.311,0.331,0.554,7.851
"2026-08-24 11:30",231.3,235.552,231.054,0.325,0.551,0.498
"2026-08-24 11:35",230.362,235.029,230.311,0.717,0.638,0.947
"2026-08-24 11:40",231.653,236.383,231.925,0.882,0.632,0.916
"2026-08-24 11:45",232.028,235.401,231.58,0.593,0.607,0.749
"2026-08-24 11:50",231.817,235.855,226.78,0.735,0.731,8.448
"2026-08-24 11:55",230.09,233.635,229.845,1.25,0.951,1.347
"2026-08-24 12:00",229.669,234.133,225.043,1.638,1.142,8.77
"2026-08-24 12:05",230.053,233.479,229.192,1.345,1.296,1.625
"2026-08-24 12:10",229.697,233.399,229.567,1.492,1.356,1.519
"2026-08-24 12:15",229.715,233.547,224.936,1.385,1.348,8.668
"2026-08-24 12:20",229.597,233.319,228.799,1.445,1.277,1.482
"2026-08-24 12:25",230.101,234.009,229.583,1.501,1.272,1.537
"2026-08-24 12:30",230.527,234.137,229.852,1.501,1.276,1.635
"2026-08-24 12:35",230.532,234.367,229.918,1.572,1.273,1.548
"2026-08-24 12:40",230.03,233.95,227.21,,,
"2026-08-24 12:45",229.535,233.53,224.509,1.531,1.207,8.629
"2026-08-24 12:50",229.558,233.311,228.612,1.463,1.213,1.52
"2026-08-24 12:55",231.025,234.876,230.169,1.434,1.302,1.438
"2026-08-24 13:00",229.566,232.854,228.609,1.414,1.304,1.505
"2026-08-24 13:05",229.36,233.111,224.175,1.405,1.341,8.455
"2026-08-24 13:10",230.563,234.16,229.825,1.35,1.183,1.582
"2026-08-24 13:15",230.548,234.486,229.688,1.431,1.217,1.609
"2026-08-24 13:20",230.915,234.474,229.919,1.404,1.272,1.579
"2026-08-24 13:25",231.243,234.943,230.428,1.518,1.337,1.596
"2026-08-24 13:30",231.115,234.931,225.542,1.583,1.264,8.737
"2026-08-24 13:35",231.483,235.136,230.602,1.533,1.245,1.444
"2026-08-24 13:40",233.057,236.514,231.566,1.415,1.171,1.444
"2026-08-24 13:45",232.443,236.327,226.855,1.392,1.172,8.657
"2026-08-24 13:50",232.31,235.771,231.167,1.322,1.217,1.4
"2026-08-24 13:55",232.234,236.232,231.502,1.342,1.131,1.429
"2026-08-24 14:00",231.853,235.364,230.787,1.42,1.05,1.272
"2026-08-24 14:05",230.563,234.051,229.423,1.3,0.919,1.007
"2026-08-24 14:10",229.315,233.301,224.106,1.337,0.923,8.249
"2026-08-24 14:15",228.448,232.164,227.53,1.444,1.158,1.398
"2026-08-24 14:20",232.059,235.925,230.904,1.377,1.077,1.365
"2026-08-24 14:25",227.807,231.771,222.192,1.378,1.012,8.407
"2026-08-24 14:30",227.536,231.995,227.142,1.412,1.126,1.326
"2026-08-24 14:35",229.629,234.506,229.503,1.405,1.158,1.311
"2026-08-24 14:40",228.661,233.314,227.927,1.478,1.249,1.399
"2026-08-24 14:45",229.573,234.733,224.646,1.439,1.205,8.429
"2026-08-24 14:50",230.059,234.322,229.469,1.611,1.186,1.359
"2026-08-24 14:55",229.784,234.517,229.528,1.555,1.085,1.28
"2026-08-24 15:00",229.64,234.593,224.724,1.415,0.939,8.518
"2026-08-24 15:05",229.815,234.188,229.179,0.329,0.545,0.503
"2026-08-24 15:10",229.548,234.166,229.324,0.329,0.565,0.491
"2026-08-24 15:15",230.053,234.079,229.327,0.33,0.549,0.498
"2026-08-24 15:20",229.911,234.316,229.365,0.349,0.546,0.497
"2026-08-24 15:25",228.86,233.77,226.35,,,
"2026-08-24 15:30",227.802,233.227,223.336,1.201,0.797,8.249
"2026-08-24 15:35",228.46,233.68,226.15,,,
"2026-08-24 15:40",229.127,234.14,228.972,1.296,1.001,1.309
"2026-08-24 15:45",228.412,233.998,223.491,1.325,1.023,8.487
"2026-08-24 15:50",230.723,235.795,230.385,1.353,1.11,1.299
"2026-08-24 15:55",229.374,234.547,229.127,1.412,1.216,1.422
"2026-08-24 16:00",229.982,235.765,225.291,1.589,1.242,8.685
"2026-08-24 16:05",228.243,231.761,227.897,1.508,1.307,1.506
"2026-08-24 16:10",228.523,231.224,227.042,1.47,1.272,1.517
"2026-08-24 16:15",227.838,232.003,222.263,1.505,1.33,8.735
"2026-08-24 16:20",229.016,232.721,227.873,1.487,1.303,1.583
"2026-08-24 16:25",228.011,231.38,226.836,1.521,1.318,1.57
"2026-08-24 16:30",230.063,234.913,229.504,1.502,1.247,1.561
"2026-08-24 16:35",229.808,234.497,229.514,1.478,1.237,1.606
"2026-08-24 16:40",229.838,234.745,224.68,1.562,1.221,8.692
"2026-08-24 16:45",229.658,234.384,229.252,1.563,1.255,1.595
"2026-08-24 16:50",229.122,233.675,229,1.493,1.26,1.636
"2026-08-24 16:55",230.09,234.9,229.99,,,
"2026-08-24 17:00",231.055,236.129,230.974,1.49,1.343,1.633
"2026-08-24 17:05",230.959,235.603,230.497,1.569,1.414,1.611
"2026-08-24 17:10",230.439,235.2,230.008,1.521,1.399,1.703
"2026-08-24 17:15",230.45,235.8,225.436,1.526,1.399,9.053
"2026-08-24 17:20",231.077,235.694,230.611,1.526,1.447,1.6
"2026-08-24 17:25",230.375,235.399,230.251,1.533,1.381,1.654
"2026-08-24 17:30",230.987,235.67,230.698,1.577,1.374,1.626
"2026-08-24 17:35",231.162,235.742,230.425,1.574,1.337,1.738
"2026-08-24 17:40",230.779,236.006,225.736,1.658,1.377,8.974
"2026-08-24 17:45",232.18,236.947,231.658,1.673,1.437,1.632
"2026-08-24 17:50",231.833,235.925,231.899,1.605,1.406,1.814
"2026-08-24 17:55",231.862,235.827,231.937,1.692,1.508,1.612
"2026-08-24 18:00",229.08,233.16,228.85,,,
"2026-08-24 18:05",226.292,230.5,225.757,1.63,1.527,1.766
"2026-08-24 18:10",227.62,235.427,226.22,1.611,1.489,1.795
"2026-08-24 18:15",227.282,235.028,226.156,1.619,1.467,1.807
"2026-08-24 18:20",227.438,235.156,226.031,1.64,1.472,1.784
"2026-08-24 18:25",226.329,234.898,220.815,1.709,1.491,8.921
"2026-08-24 18:30",226.456,234.166,225.093,1.651,1.409,1.837
"2026-08-24 18:35",226.765,234.581,225.384,1.698,1.456,1.771
"2026-08-24 18:40",225.144,232.767,223.394,1.635,1.481,1.826
"2026-08-24 18:45",223.998,232.571,218.566,1.65,1.466,8.675
"2026-08-24 18:50",222.796,231.615,221.385,1.629,1.483,1.83
"2026-08-24 18:55",222.722,232.282,221.408,1.645,1.525,1.758
"2026-08-24 19:00",222.237,231.543,220.817,1.644,1.459,1.853
"2026-08-24 19:05",221.644,231.012,220.351,1.707,1.445,1.83
"2026-08-24 19:10",225.996,235.168,219.567,1.678,1.433,8.619
"2026-08-24 19:15",226.279,235.049,224.031,1.678,1.425,1.817
"2026-08-24 19:20",226.114,234.97,223.815,1.699,1.437,1.802
"2026-08-24 19:25",226.307,234.799,223.944,1.693,1.514,1.709
"2026-08-24 19:30",225.092,234.337,218.37,1.615,1.479,8.954
"2026-08-24 19:35",225.635,234.234,223.198,1.571,1.513,1.844
"2026-08-24 19:40",224.974,233.884,222.709,1.647,1.481,1.798
"2026-08-24 19:45",225.169,233.749,222.863,1.63,1.424,1.843
"2026-08-24 19:50",225.089,233.725,222.66,1.649,1.444,1.826
"2026-08-24 19:55",225.1,233.627,222.565,1.662,1.42,1.892
"2026-08-24 20:00",224.621,233.192,222.385,1.732,1.448,1.777
"2026-08-24 20:05",224.438,233.848,217.822,1.694,1.395,8.75
"2026-08-24 20:10",224.922,233.455,222.327,1.66,1.475,1.829
"2026-08-24 20:15",224.3,232.756,221.547,1.509,1.618,1.845
"2026-08-24 20:20",223.798,232.096,221.188,1.663,1.517,1.764
"2026-08-24 20:25",224.462,233.546,218.044,1.72,1.466,8.48
"2026-08-24 20:30",224.589,233.397,222.372,1.792,1.494,1.606
"2026-08-24 20:35",223.847,232.541,221.362,1.65,1.475,1.88
"2026-08-24 20:40",224.045,232.58,221.761,1.685,1.393,1.864
"2026-08-24 20:45",223.666,232.287,221.55,1.705,1.404,1.92
"2026-08-24 20:50",223.673,232.486,221.511,1.745,1.368,1.841
"2026-08-24 20:55",223.57,232.655,217.118,1.647,1.502,8.512
"2026-08-24 21:00",223.825,232.265,221.347,1.573,1.507,1.758
"2026-08-24 21:05",224.006,232.259,221.473,1.697,1.424,1.85
"2026-08-24 21:10",223.565,231.918,221.095,1.675,1.503,1.784
"2026-08-24 21:15",224.148,233.524,217.683,1.654,1.449,8.581
"2026-08-24 21:20",224.345,232.91,221.536,1.624,1.456,1.843
"2026-08-24 21:25",224.462,232.718,221.489,1.628,1.474,1.82
"2026-08-24 21:30",225.056,233.442,222.358,1.698,1.458,1.747
"2026-08-24 21:35",225.001,233.224,222.121,1.635,1.466,1.817
"2026-08-24 21:40",225.235,233.889,222.557,1.667,1.418,1.82
"2026-08-24 21:45",225.477,234.155,222.69,1.76,1.469,1.673
"2026-08-24 21:50",225.52,234.791,218.587,1.673,1.337,8.568
"2026-08-24 21:55",224.786,233.943,222.946,1.699,1.445,1.78
"2026-08-24 22:00",223.776,233.055,222.374,1.611,1.443,1.889
"2026-08-24 22:05",223.107,232.35,221.586,1.625,1.498,1.819
"2026-08-24 22:10",222.252,231.202,220.968,1.66,1.513,1.79
"2026-08-24 22:15",221.974,231.432,216.571,1.646,1.498,8.559
"2026-08-24 22:20",222.941,232.11,221.709,1.629,1.461,1.806
"2026-08-24 22:25",222.921,231.906,221.585,1.626,1.421,1.899
"2026-08-24 22:30",223.045,232.303,221.852,1.675,1.41,1.854
"2026-08-24 22:35",223.279,232.534,221.91,1.653,1.417,1.868
"2026-08-24 22:40",223.235,232.437,221.95,1.687,1.407,1.84
"2026-08-24 22:45",223.031,232.502,221.912,1.75,1.459,1.686
"2026-08-24 22:50",221.993,231.578,216.717,1.757,1.46,8.562
"2026-08-24 22:55",223.12,232.033,221.963,1.642,1.469,1.85
"2026-08-24 23:00",223.502,232.263,222.185,1.633,1.519,1.756
"2026-08-24 23:05",223.064,232.233,221.88,1.61,1.548,1.779
"2026-08-24 23:10",223.108,231.995,221.905,1.638,1.497,1.784
"2026-08-24 23:15",223.909,232.869,222.598,1.664,1.564,1.666
"2026-08-24 23:20",222.832,232.456,217.76,1.692,1.486,8.461
"2026-08-24 23:25",223.455,232.742,222.431,1.648,1.424,1.815
"2026-08-24 23:30",223.533,232.457,222.341,1.646,1.374,1.892
"2026-08-24 23:35",224.006,232.964,222.957,1.759,1.437,1.702
"2026-08-24 23:40",225.416,234.397,224.216,1.758,1.45,1.722
"2026-08-24 23:45",224.051,233.587,219.072,1.695,1.434,8.587
"2026-08-24 23:50",224.896,233.612,223.738,1.682,1.485,1.778
"2026-08-24 23:55",,,,,,
"2026-08-25 00:00",,,,,,
"2026-08-25 00:05",,,,,,
"2026-08-25 00:10",225.044,234.078,223.813,1.629,1.419,1.818
"2026-08-25 00:15",225.347,234.111,224.058,1.672,1.467,1.748
"2026-08-25 00:20",224.882,234.148,219.471,1.653,1.413,8.763
"2026-08-25 00:25",225.062,234.233,223.917,1.716,1.439,1.747
"2026-08-25 00:30",224.477,233.385,223.224,1.677,1.396,1.792
"2026-08-25 00:35",224.781,233.946,223.668,1.677,1.476,1.772
"2026-08-25 00:40",224.791,234.699,219.483,1.673,1.46,8.74
"2026-08-25 00:45",225.672,234.777,224.554,1.625,1.452,1.83
"2026-08-25 00:50",225.83,234.932,224.621,1.617,1.469,1.806
"2026-08-25 00:55",226.396,235.4,225.236,1.633,1.43,1.841
"2026-08-25 01:00",226.176,235.24,224.916,1.648,1.392,1.87
"2026-08-25 01:05",226.488,235.854,225.26,1.734,1.425,1.751
"2026-08-25 01:10",226.133,235.323,225.052,1.675,1.346,1.888
"2026-08-25 01:15",226.487,235.971,225.43,1.724,1.376,1.783
"2026-08-25 01:20",225.944,235.986,220.994,1.717,1.424,8.533
"2026-08-25 01:25",226.149,236.262,226.595,1.74,1.477,1.672
"2026-08-25 01:30",226.39,235.381,226.403,1.712,1.521,1.652
"2026-08-25 01:35",224.011,232.919,223.92,1.657,1.46,1.847
"2026-08-25 01:40",223.02,232.496,218.555,1.642,1.477,8.752
"2026-08-25 01:45",224.009,232.86,223.616,1.652,1.443,1.814
"2026-08-25 01:50",223.961,232.945,223.67,1.652,1.427,1.843
"2026-08-25 01:55",223.351,232.5,223.204,1.682,1.395,1.833
"2026-08-25 02:00",224.398,233.453,224.03,1.689,1.439,1.771
"2026-08-25 02:05",224.221,233.244,224.116,1.765,1.423,1.701
"2026-08-25 02:10",224.083,233.076,223.817,1.65,1.388,1.835
"2026-08-25 02:15",224.138,233.263,224.076,1.644,1.408,1.852
"2026-08-25 02:20",223.827,233.229,219.404,1.627,1.446,8.585
"2026-08-25 02:25",224.656,233.421,224.359,1.622,1.497,1.805
"2026-08-25 02:30",224.147,233.54,224.079,1.63,1.51,1.775
"2026-08-25 02:35",225.077,233.987,224.916,1.651,1.549,1.715
"2026-08-25 02:40",225.035,234.074,224.989,1.593,1.504,1.771
"2026-08-25 02:45",225.173,234.109,224.988,1.616,1.479,1.782
"2026-08-25 02:50",225.008,234.601,220.625,1.646,1.4,8.603
"2026-08-25 02:55",225.839,234.95,225.927,1.684,1.463,1.723
"2026-08-25 03:00",224.741,234,224.768,1.696,1.447,1.742
"2026-08-25 03:05",224.471,233.678,224.401,1.689,1.442,1.772
"2026-08-25 03:10",224.331,234.274,220.098,1.667,1.454,8.81
"2026-08-25 03:15",224.807,233.785,224.65,1.623,1.469,1.819
"2026-08-25 03:20",224.709,234.02,224.567,1.673,1.474,1.731
"2026-08-25 03:25",224.518,233.77,224.327,1.683,1.418,1.812
"2026-08-25 03:30",225.082,234.262,224.897,1.65,1.48,1.729
"2026-08-25 03:35",225.211,234.493,224.83,1.673,1.504,1.694
"2026-08-25 03:40",225.24,234.376,224.986,1.687,1.468,1.715
"2026-08-25 03:45",225.855,235.091,225.365,1.69,1.427,18.416
"2026-08-25 03:50",224.538,234.117,220.381,1.715,1.453,8.458
"2026-08-25 03:55",225.535,234.809,225.365,1.669,1.464,1.758
"2026-08-25 04:00",224.848,233.781,224.487,1.684,1.549,1.661
"2026-08-25 04:05",224.971,233.915,224.5,1.693,1.516,1.729
"2026-08-25 04:10",224.195,233.553,219.58,1.632,1.494,8.721
"2026-08-25 04:15",225.287,234.548,224.969,1.573,1.432,1.88
"2026-08-25 04:20",225.408,234.635,225.055,1.606,1.484,1.81
"2026-08-25 04:25",226.399,235.63,226.171,1.61,1.434,1.845
"2026-08-25 04:30",226.548,235.707,226.331,1.669,1.498,1.701
"2026-08-25 04:35",226.926,236.262,226.672,1.669,1.449,1.746
"2026-08-25 04:40",227.41,236.448,226.728,1.642,1.396,1.777
"2026-08-25 04:45",226.666,236.244,221.995,1.706,1.433,8.774
"2026-08-25 04:50",226.432,235.39,225.794,1.65,1.458,1.761
"2026-08-25 04:55",226.226,235.419,225.83,1.69,1.5,1.669
"2026-08-25 05:00",226.153,235.378,225.698,1.691,1.471,1.704
"2026-08-25 05:05",226.401,235.479,225.808,1.61,1.464,1.805
"2026-08-25 05:10",226.648,235.499,225.933,1.641,1.454,1.743
"2026-08-25 05:15",226,235.596,221.274,1.63,1.397,8.756
"2026-08-25 05:20",226.92,235.849,226.188,1.681,1.407,1.791
"2026-08-25 05:25",225.057,234.142,224.64,1.682,1.391,1.803
"2026-08-25 05:30",226.172,235.303,225.76,1.71,1.399,1.765
"2026-08-25 05:35",226.906,236.236,226.271,1.699,1.437,1.742
"2026-08-25 05:40",226.49,236.237,221.906,1.699,1.458,8.517
"2026-08-25 05:45",228.001,237.264,227.315,1.656,1.472,1.735
"2026-08-25 05:50",227.277,236.177,227.453,1.648,1.41,1.83
"2026-08-25 05:55",225.006,232.682,224.837,1.72,1.391,1.774
"2026-08-25 06:00",228.098,236.184,228.115,1.704,1.448,1.676
"2026-08-25 06:05",,,,,,
"2026-08-25 06:10",225.431,233.448,225.229,1.777,1.379,1.734
"2026-08-25 06:15",225.087,233.577,220.471,1.574,1.547,8.849
"2026-08-25 06:20",227.516,236.067,227.163,1.636,1.437,1.785
"2026-08-25 06:25",232.171,236.134,232.568,1.658,1.493,1.68
"2026-08-25 06:30",232.228,235.082,232.038,0.346,0.547,0.507
"2026-08-25 06:35",232.456,235.834,227.834,1.565,1.431,8.949
"2026-08-25 06:40",234.198,236.724,234.161,1.495,1.449,1.79
"2026-08-25 06:45",232.174,235.325,232.369,1.545,1.486,1.797
"2026-08-25 06:50",231.987,234.837,231.863,1.593,1.459,1.798
"2026-08-25 06:55",232.155,235.027,232.253,1.667,1.602,1.768
"2026-08-25 07:00",232.45,235.125,232.421,1.601,1.401,1.676
"2026-08-25 07:05",232.461,235.138,232.401,1.601,1.396,1.683
"2026-08-25 07:10",231.628,235.018,227.35,1.607,1.351,8.875
"2026-08-25 07:15",232.517,235.483,232.62,1.599,1.444,1.657
"2026-08-25 07:20",232.978,235.873,233,1.561,1.417,1.762
"2026-08-25 07:25",232.232,235.08,232.121,1.55,1.403,1.759
"2026-08-25 07:30",232.509,235.651,227.898,1.533,1.4,8.763
"2026-08-25 07:35",232.796,235.565,232.745,1.549,1.485,1.606
"2026-08-25 07:40",232.978,235.674,232.775,1.493,1.306,1.659
"2026-08-25 07:45",233.193,235.988,233.153,1.491,1.277,1.678
"2026-08-25 07:50",233.065,235.983,233.068,1.514,1.288,1.588
"2026-08-25 07:55",233.06,235.858,232.998,1.496,1.261,1.638
"2026-08-25 08:00",231.816,234.881,227.367,1.342,1.188,8.697
"2026-08-25 08:05",232.237,235.164,232.248,1.359,1.239,1.502
"2026-08-25 08:10",231.733,234.211,231.628,1.36,1.272,1.59
"2026-08-25 08:15",231.531,234.516,231.611,1.376,1.042,1.3
"2026-08-25 08:20",229.986,233.102,225.7,1.246,0.925,8.266
"2026-08-25 08:25",232.211,234.709,232.393,0.339,0.551,0.497
"2026-08-25 08:30",231.151,233.596,231.312,1.277,1.109,1.294
"2026-08-25 08:35",230.687,233.313,230.838,1.397,1.037,1.321
"2026-08-25 08:40",231.332,234.17,231.537,1.268,0.917,1.265
"2026-08-25 08:45",230.098,233.116,230.42,1.444,0.979,1.352
"2026-08-25 08:50",229.994,232.973,225.336,0.359,0.584,7.923
"2026-08-25 08:55",230.156,232.808,230.451,1.469,1.073,1.319
"2026-08-25 09:00",,,,,,
"2026-08-25 09:05",230.425,233.455,230.811,1.52,1.21,1.319
"2026-08-25 09:10",229.321,232.752,225.272,1.1,0.814,8.114
"2026-08-25 09:15",230.914,233.907,231.12,1.219,0.823,0.995
"2026-08-25 09:20",230.12,233.093,230.104,1.104,0.904,1.195
"2026-08-25 09:25",230.301,233.701,225.673,1.241,1.011,8.303
"2026-08-25 09:30",229.761,232.729,229.993,1.271,0.937,1.248
"2026-08-25 09:35",230.195,233.251,230.543,1.261,1.006,1.043
"2026-08-25 09:40",230.15,232.216,229.377,1.475,1.152,1.313
"2026-08-25 09:45",228.855,232.691,224.369,1.368,0.926,8.313
"2026-08-25 09:50",229.894,233.306,229.401,1.19,0.893,1.112
"2026-08-25 09:55",229.668,233.237,229.17,1.069,0.807,1.261
"2026-08-25 10:00",230.486,233.971,230.117,1.231,0.794,1.157
"2026-08-25 10:05",229.365,232.734,228.981,1.258,0.856,1.206
"2026-08-25 10:10",231.328,234.993,226.228,1.27,1.047,8.489
"2026-08-25 10:15",231.788,235.166,231.365,1.427,1.141,1.358
"2026-08-25 10:20",232.037,235.347,231.89,1.431,1.16,1.398
"2026-08-25 10:25",231.282,234.8,230.921,1.41,0.936,1.397
"2026-08-25 10:30",231.723,235.386,226.499,0.967,0.907,8.184
"2026-08-25 10:35",231.602,234.998,231.259,1.297,1.018,1.153
"2026-08-25 10:40",231.393,235.116,231.048,1.61,1.216,1.441
"2026-08-25 10:45",230.121,234.255,225.432,1.547,1.049,8.741
"2026-08-25 10:50",230.895,234.633,230.341,1.39,0.997,1.221
"2026-08-25 10:55",231.503,234.817,231.03,1.299,0.92,1.022
"2026-08-25 11:00",231.707,235.258,231.367,1.344,0.907,1.217
"2026-08-25 11:05",229.882,233.802,225.202,1.653,1.273,8.851
"2026-08-25 11:10",232.949,236.706,232.36,2.117,1.403,2.01
"2026-08-25 11:15",232.726,233.029,232.688,1.495,1.372,1.582
"2026-08-25 11:20",231.692,232.264,230.505,1.569,1.386,1.612
"2026-08-25 11:25",230.229,232.011,229.843,1.478,1.274,1.656
"2026-08-25 11:30",229.636,231.518,229.477,1.476,1.311,1.578
"2026-08-25 11:35",229.829,231.462,224.24,1.369,1.223,8.66
"2026-08-25 11:40",230.785,231.952,229.787,1.292,0.958,1.33
"2026-08-25 11:45",231.129,232.349,229.961,0.939,0.829,0.931
"2026-08-25 11:50",230.319,232.219,224.65,0.822,0.768,8.311
"2026-08-25 11:55",233.306,234.802,232.36,1.103,0.977,1.224
"2026-08-25 12:00",233.261,234.514,231.788,0.828,0.808,0.836
"2026-08-25 12:05",,,,,,
"2026-08-25 12:10",231.685,232.719,230.236,0.642,0.61,0.829
"2026-08-25 12:15",232.071,233.812,231.212,0.949,0.613,0.867
"2026-08-25 12:20",232.909,234.25,231.441,1.053,0.848,1.157
"2026-08-25 12:25",232.903,234.011,231.65,1.201,0.761,1.014
"2026-08-25 12:30",233.376,234.59,231.9,1.211,0.951,1.368
"2026-08-25 12:35",233.343,234.906,227.727,1.567,1.25,8.597
"2026-08-25 12:40",233.032,234.475,231.675,1.468,1.197,1.44
"2026-08-25 12:45",232.077,233.191,230.754,1.449,1.174,1.416
"2026-08-25 12:50",231.573,233.332,225.865,1.477,1.126,8.534
"2026-08-25 12:55",231.056,233.192,229.8,1.355,0.935,1.214
"2026-08-25 13:00",230.53,232.504,229.267,0.685,0.597,0.792
"2026-08-25 13:05",229.527,231.765,223.54,0.323,0.535,7.871
"2026-08-25 13:10",230.985,234.194,229.721,0.326,0.55,0.501
"2026-08-25 13:15",230.744,233.847,229.683,0.513,0.62,0.498
"2026-08-25 13:20",230.828,234.228,230.013,0.328,0.555,0.502
"2026-08-25 13:25",230.874,233.873,230.025,0.326,0.557,0.506
"2026-08-25 13:30",230.016,233.541,224.401,0.325,0.552,7.989
"2026-08-25 13:35",230.139,233.536,229.361,1.066,0.811,0.99
"2026-08-25 13:40",229.474,232.787,228.936,1.203,0.926,1.217
"2026-08-25 13:45",,,,,,