"DateTime","ABG004 - PwM AC Tri 1 - Voltage L1 - N (GRID) [VAC] ","ABG004 - PwM AC Tri 1 - Voltage L2 - N (GRID) [VAC] ","ABG004 - PwM AC Tri 1 - Voltage L3 - N (GRID) [VAC] ","ABG004 - PWM AC Tri 1 - Curent L1 (GRID) [A] ","ABG004 - PWM AC Tri 1 - Curent L2 (GRID) [A] ","ABG004 - PWM AC Tri 1 - Curent L3 (GRID) [A] "
"2026-06-30 21:00",239.256,235.668,234.652,0.433,3.602,1.054
"2026-06-30 21:05",238.558,234.897,234.533,0.432,3.601,1.053
"2026-06-30 21:10",234.635,231.297,226.513,0.424,3.65,7.769
"2026-06-30 21:15",234.104,230.718,228.983,0.419,3.676,1.018
"2026-06-30 21:20",233.228,229.127,228.129,0.419,3.685,1.01
"2026-06-30 21:25",228.64,225.445,219.376,0.413,3.717,7.541
"2026-06-30 21:30",231.967,226.985,225.608,0.414,3.713,0.989
"2026-06-30 21:35",233.196,229.24,228.013,0.419,3.68,1.006
"2026-06-30 21:40",232.71,229.696,223.786,0.419,3.699,7.666
"2026-06-30 21:45",232.49,229.553,228.356,0.417,3.681,1.008
"2026-06-30 21:50",232.504,228.966,227.58,0.418,3.689,1.001
"2026-06-30 21:55",235.238,232.21,225.95,0.424,3.646,7.778
"2026-06-30 22:00",235.511,231.936,231.214,0.425,3.663,1.033
"2026-06-30 22:05",236.253,232.867,232.406,0.427,3.643,1.038
"2026-06-30 22:10",236.037,232.306,231.629,0.427,3.641,1.036
"2026-06-30 22:15",233.267,229.58,224.415,0.421,3.682,7.617
"2026-06-30 22:20",235.219,231.021,230.471,0.423,3.661,1.026
"2026-06-30 22:25",234.055,229.997,229.25,0.419,3.714,1.013
"2026-06-30 22:30",236.747,233.113,228.152,0.428,3.636,7.82
"2026-06-30 22:35",236.288,232.912,232.111,0.426,3.646,1.04
"2026-06-30 22:40",235.572,231.744,231.165,0.424,3.663,1.029
"2026-06-30 22:45",233.675,230.031,224.825,0.422,3.687,7.679
"2026-06-30 22:50",233.578,229.282,228.764,0.419,3.681,1.012
"2026-06-30 22:55",232.256,228.056,227.847,0.416,3.707,1.004
"2026-06-30 23:00",234.16,230.331,224.821,0.423,3.667,7.69
"2026-06-30 23:05",234.703,230.924,229.812,0.422,3.686,1.021
"2026-06-30 23:10",229.526,225.39,224.761,0.412,3.764,0.984
"2026-06-30 23:15",229.187,225.991,220.551,0.412,3.744,7.494
"2026-06-30 23:20",231.416,227.578,227.016,0.415,3.709,1.002
"2026-06-30 23:25",230.566,226.974,226.162,0.413,3.724,0.992
"2026-06-30 23:30",230.706,227.105,221.931,0.415,3.738,7.437
"2026-06-30 23:35",231.013,226.701,226.199,0.414,3.724,0.985
"2026-06-30 23:40",232.591,228.547,228.023,0.418,3.714,1.006
"2026-06-30 23:45",230.426,226.472,221.528,0.414,3.716,7.424
"2026-06-30 23:50",230.775,226.589,225.91,0.413,3.743,0.986
"2026-06-30 23:55",233.136,229.762,229.098,0.419,3.681,1.009
"2026-07-01 00:00",232.5,229.06,226.24,,,
"2026-07-01 00:05",231.862,228.358,223.387,0.419,3.706,7.67
"2026-07-01 00:10",233.308,229.907,229.168,0.419,3.704,1.017
"2026-07-01 00:15",232.722,228.214,227.915,0.417,3.709,1.012
"2026-07-01 00:20",234.019,230.465,225.504,0.423,3.685,7.7
"2026-07-01 00:25",234.515,231.259,231.052,0.424,3.656,1.026
"2026-07-01 00:30",235.822,231.884,226.919,0.427,3.653,7.664
"2026-07-01 00:35",236.313,233.268,232.905,0.427,3.633,1.038
"2026-07-01 00:40",236.908,233.308,232.951,0.428,3.634,1.039
"2026-07-01 00:45",237.208,233.806,229.187,0.433,3.612,7.948
"2026-07-01 00:50",236.993,233.506,233.396,0.43,3.62,1.044
"2026-07-01 00:55",239.03,235.211,234.404,0.434,3.602,1.053
"2026-07-01 01:00",237.922,235.132,230.264,0.434,3.603,8.018
"2026-07-01 01:05",237.658,234.624,235.295,0.431,3.611,1.062
"2026-07-01 01:10",237.709,234.59,234.812,0.433,3.627,1.057
"2026-07-01 01:15",239.302,236.589,232.335,0.436,3.577,8.005
"2026-07-01 01:20",239.135,236.293,236.298,0.433,3.593,1.067
"2026-07-01 01:25",238.688,235.674,235.971,0.431,3.629,1.07
"2026-07-01 01:30",238.953,235.819,236.204,0.436,3.591,1.072
"2026-07-01 01:35",239.809,238.337,233.824,0.439,3.558,8.304
"2026-07-01 01:40",240.272,237.603,238.655,0.437,3.587,1.086
"2026-07-01 01:45",237.105,235.243,234.651,0.431,3.605,1.055
"2026-07-01 01:50",237.103,235.38,231.494,0.431,3.598,8.044
"2026-07-01 01:55",237.312,235.39,235.915,0.431,3.605,1.061
"2026-07-01 02:00",237.085,235.419,236.21,0.432,3.607,1.065
"2026-07-01 02:05",237.6,236.109,231.708,0.434,3.606,8.021
"2026-07-01 02:10",236.62,234.249,234.443,0.43,3.653,1.053
"2026-07-01 02:15",239.042,236.264,231.203,0.436,3.599,8.04
"2026-07-01 02:20",238.518,235.439,235.2,0.43,3.6,1.057
"2026-07-01 02:25",240.201,237.456,238.492,0.439,3.58,1.08
"2026-07-01 02:30",238.904,237.302,232.817,0.438,3.567,8.157
"2026-07-01 02:35",238.913,237.186,237.662,0.434,3.588,1.075
"2026-07-01 02:40",239.98,238.002,238.294,0.437,3.574,1.08
"2026-07-01 02:45",239.317,238.013,233.435,0.44,3.562,8.06
"2026-07-01 02:50",240.545,238.653,238.759,0.44,3.567,1.076
"2026-07-01 02:55",239.147,236.899,236.889,0.437,3.585,1.068
"2026-07-01 03:00",239.491,237.734,237.598,0.439,3.579,1.071
"2026-07-01 03:05",239.839,238.356,234.24,0.44,3.561,8.209
"2026-07-01 03:10",239.763,237.608,237.924,0.438,3.578,1.078
"2026-07-01 03:15",239.81,237.527,233.16,0.44,3.572,8.178
"2026-07-01 03:20",240.348,238.094,238.401,0.439,3.573,1.079
"2026-07-01 03:25",239.869,237.512,237.984,0.438,3.59,1.075
"2026-07-01 03:30",239.873,237.563,238.148,0.44,3.582,1.08
"2026-07-01 03:35",238.374,236.242,232.091,0.439,3.588,8.094
"2026-07-01 03:40",239.806,237.374,238.377,0.44,3.577,1.08
"2026-07-01 03:45",238.208,237.139,237.269,0.435,3.586,1.065
"2026-07-01 03:50",238.217,237.658,233.175,0.437,3.598,8.122
"2026-07-01 03:55",238.501,237.956,237.98,0.437,3.569,1.076
"2026-07-01 04:00",236.96,235.887,236.059,0.433,3.595,1.06
"2026-07-01 04:05",237.546,236.179,236.741,0.434,3.593,1.065
"2026-07-01 04:10",236.735,235.478,231.179,0.434,3.612,7.962
"2026-07-01 04:15",237.144,234.504,235.593,0.432,3.614,1.057
"2026-07-01 04:20",236.56,234.229,230.738,0.434,3.61,8.043
"2026-07-01 04:25",237.144,234.192,235.419,0.432,3.612,1.063
"2026-07-01 04:30",238.216,236.31,235.75,0.433,3.59,1.063
"2026-07-01 04:35",237.833,235.566,235.182,0.43,3.626,1.063
"2026-07-01 04:40",238.329,236.469,231.422,0.434,3.575,8.021
"2026-07-01 04:45",239.689,237.28,236.929,0.435,3.598,1.074
"2026-07-01 04:50",239.834,237.814,233.276,0.439,3.56,8.069
"2026-07-01 04:55",237.746,237.212,237.186,0.434,3.579,1.067
"2026-07-01 05:00",238.06,237.038,237.258,0.433,3.577,1.069
"2026-07-01 05:05",238.114,237.34,232.527,0.436,3.585,8.111
"2026-07-01 05:10",237.76,236.462,235.975,0.432,3.581,1.065
"2026-07-01 05:15",236.882,234.544,234.803,0.43,3.609,1.056
"2026-07-01 05:20",239.981,236.663,237.529,0.436,3.615,1.073
"2026-07-01 05:25",238.894,236.703,232.028,0.436,3.58,7.914
"2026-07-01 05:30",239.729,237.453,237.601,0.435,3.581,1.068
"2026-07-01 05:35",239.248,237.117,237.59,0.434,3.579,1.075
"2026-07-01 05:40",238.986,237.005,232.658,0.436,3.574,8.143
"2026-07-01 05:45",238.888,236.861,239.059,0.434,3.582,1.089
"2026-07-01 05:50",239.629,237.263,239.264,0.436,3.577,1.086
"2026-07-01 05:55",236.937,235.989,230.934,0.433,3.621,8.031
"2026-07-01 06:00",238.48,235.89,233.86,,,
"2026-07-01 06:05",240.025,235.781,236.792,0.438,3.599,1.065
"2026-07-01 06:10",239.457,234.951,235.991,0.436,3.639,1.061
"2026-07-01 06:15",239.793,235.022,231.78,0.44,5.497,8.103
"2026-07-01 06:20",238.746,234.7,236.218,0.434,3.924,1.065
"2026-07-01 06:25",241.113,239.352,239.278,0.442,3.607,1.082
"2026-07-01 06:30",238.88,236.276,233.192,0.439,3.629,8.076
"2026-07-01 06:35",238.494,238.092,236.85,0.438,3.581,1.066
"2026-07-01 06:40",239.943,238.056,237.546,0.44,3.572,1.069
"2026-07-01 06:45",238.959,236.452,233.159,0.476,3.64,8.544
"2026-07-01 06:50",237.94,238.864,238.545,0.475,3.594,1.076
"2026-07-01 06:55",238.182,236.211,236.592,0.474,3.648,1.059
"2026-07-01 07:00",236.09,234.202,235.516,0.47,3.153,1.055
"2026-07-01 07:05",238.719,236.391,237.255,0.473,3.454,1.066
"2026-07-01 07:10",235.688,232.269,233.222,0.467,3.513,1.044
"2026-07-01 07:15",236.842,235.505,234.957,0.47,3.366,1.056
"2026-07-01 07:20",238.934,235.184,235.628,0.471,2.935,1.063
"2026-07-01 07:25",239.169,236.257,237.263,0.472,3.411,1.076
"2026-07-01 07:30",239.87,238.146,238.358,0.474,2.686,1.085
"2026-07-01 07:35",237.782,235.899,235.099,0.469,2.705,1.062
"2026-07-01 07:40",238.899,238.333,237.021,0.477,2.024,1.08
"2026-07-01 07:45",236.473,234.229,233.952,0.467,2.177,1.069
"2026-07-01 07:50",235.673,234.815,234.175,0.472,1.817,1.074
"2026-07-01 07:55",238.224,237.026,236.524,0.474,2.077,1.092
"2026-07-01 08:00",238.456,236.041,236.319,0.467,2.846,1.084
"2026-07-01 08:05",237.921,233.911,234.618,0.466,2.906,1.077
"2026-07-01 08:10",239.351,237.817,237.161,0.477,1.753,1.091
"2026-07-01 08:15",237.78,237.002,236.865,0.472,1.529,1.098
"2026-07-01 08:20",238.722,238.167,237.69,0.471,1.906,1.107
"2026-07-01 08:25",237.227,236.19,235.884,0.466,1.87,1.091
"2026-07-01 08:30",238.869,237.172,236.87,0.473,1.388,1.101
"2026-07-01 08:35",235.825,234.242,233.933,0.462,0.846,1.081
"2026-07-01 08:40",237.795,236.187,235.688,0.465,0.559,1.097
"2026-07-01 08:45",238.352,236.442,235.871,0.465,0.56,1.104
"2026-07-01 08:50",237.677,235.056,235.23,0.473,1.585,1.101
"2026-07-01 08:55",238.847,236.776,236.709,0.466,0.578,1.111
"2026-07-01 09:00",238.178,236.108,236.061,0.466,0.594,1.11
"2026-07-01 09:05",235.584,233.173,233.118,0.46,1.598,1.094
"2026-07-01 09:10",239.493,238.137,232.551,0.463,0.558,8.693
"2026-07-01 09:15",236.862,236.102,235.765,0.457,0.584,1.096
"2026-07-01 09:20",238.764,236.429,236.038,0.462,0.559,1.112
"2026-07-01 09:25",234.463,230.624,233.034,0.455,0.552,1.073
"2026-07-01 09:30",236.989,233.742,233.745,0.461,1.904,1.092
"2026-07-01 09:35",239.503,238.492,233.183,0.462,0.567,8.426
"2026-07-01 09:40",236.522,236.834,236.195,0.455,0.562,1.097
"2026-07-01 09:45",238.569,239.194,237.775,0.458,0.571,1.113
"2026-07-01 09:50",240.856,240.813,240.005,0.461,0.575,1.131
"2026-07-01 09:55",239.588,240.005,234.155,0.464,0.704,8.53
"2026-07-01 10:00",236.176,235.96,233.831,0.453,0.559,1.084
"2026-07-01 10:05",236.703,236.748,235.007,0.454,0.56,1.093
"2026-07-01 10:10",236.957,237.056,230.68,0.465,1.483,8.529
"2026-07-01 10:15",238.199,237.542,236.329,0.457,0.56,1.096
"2026-07-01 10:20",236.043,232.473,231.953,0.452,0.55,1.075
"2026-07-01 10:25",236.036,234.696,229.324,0.456,0.548,8.253
"2026-07-01 10:30",237.815,235.239,235.135,0.463,0.888,1.094
"2026-07-01 10:35",239.919,236.658,237.068,0.467,1.471,1.103
"2026-07-01 10:40",236.608,233.86,229.717,0.461,1.743,8.335
"2026-07-01 10:45",238.607,235.689,236.283,0.464,1.275,1.094
"2026-07-01 10:50",239.658,237.239,237.469,0.465,1.026,1.099
"2026-07-01 10:55",239.388,237.248,237.176,0.465,1.401,1.096
"2026-07-01 11:00",239.345,237.685,232.68,0.471,1.548,8.374
"2026-07-01 11:05",239.377,238.292,237.778,0.466,1.776,1.104
"2026-07-01 11:10",239.761,238.622,237.834,0.463,1.928,1.104
"2026-07-01 11:15",237.412,236.578,231.403,0.462,1.861,8.428
"2026-07-01 11:20",237.019,235.561,235.5,0.462,1.665,1.084
"2026-07-01 11:25",239.157,237.766,237.545,0.466,1.665,1.099
"2026-07-01 11:30",240.418,238.882,239.039,0.466,1.936,1.109
"2026-07-01 11:35",237.323,236.775,231.676,0.46,2.131,8.328
"2026-07-01 11:40",239.087,237.683,237.926,0.463,2.219,1.099
"2026-07-01 11:45",237.679,237.45,237.141,0.457,2.119,1.09
"2026-07-01 11:50",236.738,234.86,234.392,0.461,1.84,1.077
"2026-07-01 11:55",239.356,240.465,234.092,0.472,1.457,8.561
"2026-07-01 12:00",238.7,240.36,236.27,,,
"2026-07-01 12:05",238.053,240.264,238.448,0.466,1.391,1.107
"2026-07-01 12:10",237.573,239.272,231.892,0.465,1.815,8.474
"2026-07-01 12:15",238.324,237.957,236.855,0.468,1.553,1.085
"2026-07-01 12:20",238.398,238.229,237.383,0.466,1.89,1.096
"2026-07-01 12:25",238.009,237.986,237.203,0.462,1.932,1.092
"2026-07-01 12:30",238.965,238.919,237.988,0.465,1.849,1.1
"2026-07-01 12:35",238.083,238.155,237.052,0.47,1.585,1.097
"2026-07-01 12:40",239.944,239.648,233.723,0.473,1.639,8.415
"2026-07-01 12:45",240.207,238.725,238.467,0.474,1.528,1.103
"2026-07-01 12:50",237.98,237.58,236.51,0.463,1.712,1.099
"2026-07-01 12:55",237.682,237.335,230.282,0.465,1.868,8.416
"2026-07-01 13:00",239.2,238.075,236.236,0.467,1.781,1.087
"2026-07-01 13:05",237.657,237.3,234.583,0.463,1.375,1.078
"2026-07-01 13:10",237.028,236.659,228.906,0.465,1.229,8.327
"2026-07-01 13:15",235.75,235.819,235.453,0.465,1.519,1.086
"2026-07-01 13:20",238.298,237.078,236.369,0.466,1.76,1.091
"2026-07-01 13:25",239.046,237.394,237.597,0.463,1.959,1.101
"2026-07-01 13:30",238.37,236.538,236.918,0.462,1.958,1.099
"2026-07-01 13:35",238.877,238.783,232.666,0.467,1.913,8.475
"2026-07-01 13:40",239.884,238.045,238.7,0.463,2.058,1.102
"2026-07-01 13:45",238.897,236.357,236.981,0.463,1.999,1.098
"2026-07-01 13:50",239.245,238.644,234.049,0.468,1.429,8.618
"2026-07-01 13:55",239.255,238.846,238.268,0.467,1.03,1.1
"2026-07-01 14:00",237.121,235.303,235.536,0.461,1.631,1.082
"2026-07-01 14:05",236.491,235.26,235.041,0.461,1.612,1.087
"2026-07-01 14:10",236.988,235.519,230.53,0.459,2.087,8.432
"2026-07-01 14:15",239.146,237.414,237.227,0.459,2.083,1.093
"2026-07-01 14:20",237.481,234.354,234.718,0.457,2.172,1.074
"2026-07-01 14:25",239.018,235.879,236.61,0.459,2.188,1.089
"2026-07-01 14:30",236.779,234.185,229.622,0.454,2.06,8.415
"2026-07-01 14:35",237.703,234.272,235.603,0.459,2.073,1.081
"2026-07-01 14:40",239.757,236.952,237.376,0.463,1.949,1.096
"2026-07-01 14:45",236.222,234.298,229.738,0.461,1.647,8.273
"2026-07-01 14:50",235.839,234.543,235.18,0.452,0.555,1.082
"2026-07-01 14:55",236.909,235.417,234.827,0.462,1.587,1.089
"2026-07-01 15:00",232.164,228.688,228.632,0.442,2.071,1.041
"2026-07-01 15:05",230.882,227.064,227.359,0.441,2.503,1.037
"2026-07-01 15:10",236.71,234.074,229.974,0.459,2.156,8.16
"2026-07-01 15:15",236.77,234.076,234.585,0.459,1.744,1.076
"2026-07-01 15:20",236.812,235.17,235.167,0.456,0.554,1.084
"2026-07-01 15:25",235.535,233.19,228.179,0.454,0.922,8.206
"2026-07-01 15:30",240.943,238.565,238.764,0.467,1.107,1.104
"2026-07-01 15:35",239.494,236.637,232.512,0.46,2.802,8.365
"2026-07-01 15:40",235.366,234.707,234.4,0.451,0.554,1.071
"2026-07-01 15:45",238.128,234.885,235.548,0.457,2.752,1.084
"2026-07-01 15:50",234.612,230.859,231.27,0.447,3.111,1.049
"2026-07-01 15:55",230.809,227.534,224.162,0.44,3.096,8.175
"2026-07-01 16:00",236.997,233.612,234.006,0.452,2.947,1.065
"2026-07-01 16:05",240.404,238.86,238.836,0.462,2.335,1.102
"2026-07-01 16:10",234.653,233.028,228.087,0.459,1.642,8.269
"2026-07-01 16:15",237.728,234.759,235.275,0.46,2.242,1.09
"2026-07-01 16:20",233.381,229.866,230.304,0.451,1.957,1.053
"2026-07-01 16:25",234.252,231.262,231.712,0.451,1.954,1.061
"2026-07-01 16:30",235.279,232.349,228.364,0.453,2.202,8.246
"2026-07-01 16:35",238.944,235.188,236.161,0.456,2.683,1.089
"2026-07-01 16:40",236.647,232.023,233.008,0.448,2.974,1.06
"2026-07-01 16:45",237.692,233.684,234.714,0.455,3.003,1.074
"2026-07-01 16:50",239.181,237.253,232.934,0.455,3.11,8.462
"2026-07-01 16:55",238.98,237.565,237.255,0.457,3.491,1.087
"2026-07-01 17:00",236.472,235.012,234.191,0.457,3.628,1.068
"2026-07-01 17:05",241.681,238.982,239.631,0.467,3.553,1.105
"2026-07-01 17:10",237.306,237.664,236.391,0.458,3.562,1.08
"2026-07-01 17:15",238.226,237.837,235.105,0.452,3.568,1.069
"2026-07-01 17:20",236.767,235.993,231.784,0.448,3.578,8.228
"2026-07-01 17:25",237.664,237.61,238.046,0.448,3.534,1.084
"2026-07-01 17:30",235.696,235.835,235.883,0.442,3.538,1.077
"2026-07-01 17:35",239.224,236.698,237.299,0.449,3.509,1.088
"2026-07-01 17:40",237.309,235.985,232.469,0.441,3.518,8.473
"2026-07-01 17:45",237.498,235.826,236.02,0.437,3.513,1.074
"2026-07-01 17:50",240.57,238.68,239.871,0.445,3.481,1.097
"2026-07-01 17:55",239.455,238.436,239.532,0.441,3.509,1.096
"2026-07-01 18:00",237.92,236.53,235.43,,,
"2026-07-01 18:05",236.383,234.622,231.331,0.432,3.595,8.273
"2026-07-01 18:10",238.497,237.275,237.811,0.431,3.595,1.089
"2026-07-01 18:15",237.335,237.651,236.922,0.428,3.602,1.079
"2026-07-01 18:20",239.638,236.307,236.771,0.434,3.623,1.075
"2026-07-01 18:25",240.573,236.617,239.351,0.437,3.643,1.095
"2026-07-01 18:30",239.288,238.339,232.301,0.436,3.624,8.428
"2026-07-01 18:35",239.725,237.921,236.578,0.436,3.617,1.073
"2026-07-01 18:40",238.163,236.143,235.92,0.432,3.624,1.068
"2026-07-01 18:45",238.606,236.492,236.105,0.431,3.638,1.07
"2026-07-01 18:50",238.261,235.23,235.747,0.432,3.666,1.071
"2026-07-01 18:55",237.518,235.431,230.535,0.435,3.654,8.331
"2026-07-01 19:00",236.754,234.535,234.519,0.43,3.643,1.053
"2026-07-01 19:05",238.709,236.447,237.23,0.434,3.63,1.076
"2026-07-01 19:10",237.931,235.546,236.627,0.432,3.637,1.071
"2026-07-01 19:15",238.168,236.118,235.335,0.43,3.637,1.069
"2026-07-01 19:20",239.817,236.996,237.517,0.434,3.61,1.081
"2026-07-01 19:25",237.309,235.81,232.248,0.428,3.617,8.324
"2026-07-01 19:30",236.81,233.896,235.655,0.427,3.659,1.063
"2026-07-01 19:35",238.167,236.121,236.105,0.429,3.619,1.07
"2026-07-01 19:40",236.643,233.116,233.019,0.428,3.66,1.05
"2026-07-01 19:45",238.96,235.571,235.118,0.43,3.631,1.067
"2026-07-01 19:50",237.011,234.185,229.266,0.432,3.635,8.295
"2026-07-01 19:55",235.44,231.203,231.484,0.425,3.688,1.034
"2026-07-01 20:00",237.952,233.982,234.66,0.43,3.656,1.06
"2026-07-01 20:05",232.179,227.672,227.878,0.419,3.703,1.018
"2026-07-01 20:10",238.209,233.855,233.793,0.43,3.658,1.052
"2026-07-01 20:15",238.298,233.985,233.984,0.43,3.65,1.058
"2026-07-01 20:20",235.707,231.91,227.814,0.426,3.665,8.162
"2026-07-01 20:25",237.889,233.683,233.553,0.427,3.664,1.045
"2026-07-01 20:30",235.211,230.618,230.56,0.422,3.699,1.029
"2026-07-01 20:35",234.624,230.043,230.03,0.421,3.699,1.025
"2026-07-01 20:40",232.241,227.94,227.777,0.419,3.727,1.01
"2026-07-01 20:45",233.009,228.601,228.063,0.418,3.721,1.01
"2026-07-01 20:50",232.606,229.024,224.055,0.421,3.707,7.798
"2026-07-01 20:55",233.857,229.252,228.655,0.419,3.704,1.013
"2026-07-01 21:00",231.757,227.398,226.978,0.414,3.745,0.998
"2026-07-01 21:05",231.401,227.424,227.076,0.415,3.735,1
"2026-07-01 21:10",230.185,226.48,225.804,0.412,3.756,0.988
"2026-07-01 21:15",229.933,226.089,224.9,0.411,3.774,0.983
"2026-07-01 21:20",228.427,224.331,218.775,0.411,3.745,7.673
"2026-07-01 21:25",229.007,224.286,223.768,0.41,3.777,0.968
"2026-07-01 21:30",228.495,223.585,222.565,0.409,3.791,0.963
"2026-07-01 21:35",231.427,226.339,225.492,0.413,3.78,0.983
"2026-07-01 21:40",228.462,223.723,222.708,0.409,3.831,0.967
"2026-07-01 21:45",230.685,226.162,225.295,0.413,3.752,0.986
"2026-07-01 21:50",228.585,224.745,219.683,0.408,3.774,7.646
"2026-07-01 21:55",233.879,229.119,228.805,0.419,3.738,1.007
"2026-07-01 22:00",232.861,227.962,227.625,0.418,3.742,1.002
"2026-07-01 22:05",231.83,227.631,227.401,0.415,3.742,1.001
"2026-07-01 22:10",231.877,227.984,227.002,0.415,3.739,0.996
"2026-07-01 22:15",229.996,225.653,224.578,0.411,3.773,0.981
"2026-07-01 22:20",228.666,224.633,219.049,0.409,3.754,7.623
"2026-07-01 22:25",227.826,222.878,221.559,0.405,3.812,0.954
"2026-07-01 22:30",225.708,220.758,219.162,0.402,3.864,0.939
"2026-07-01 22:35",227.635,222.771,221.577,0.406,3.812,0.954
"2026-07-01 22:40",227.26,222.611,221.025,0.406,3.805,0.958
"2026-07-01 22:45",227.047,222.226,220.982,0.405,3.847,0.953
"2026-07-01 22:50",227.877,223.695,218.118,0.409,3.798,7.654
"2026-07-01 22:55",228.37,223.424,222.787,0.409,3.819,0.965
"2026-07-01 23:00",228.947,224.477,223.973,0.409,3.783,0.975
"2026-07-01 23:05",231.246,227.079,226.607,0.413,3.778,0.993
"2026-07-01 23:10",227.921,222.704,222.411,0.409,3.806,0.976
"2026-07-01 23:15",234.554,229.912,229.921,0.422,3.713,1.023
"2026-07-01 23:20",234.116,229.832,225.498,0.423,3.698,8.058
"2026-07-01 23:25",234.104,229.888,230.297,0.423,3.7,1.021
"2026-07-01 23:30",234.426,229.501,230.261,0.422,3.711,1.026
"2026-07-01 23:35",234.784,229.795,230.804,0.423,3.703,1.028
"2026-07-01 23:40",233.758,229.279,229.682,0.421,3.718,1.02
"2026-07-01 23:45",235.594,231.211,231.344,0.425,3.687,1.031
"2026-07-01 23:50",233.851,230.126,225.436,0.424,3.693,7.988
"2026-07-01 23:55",233.81,229.481,229.717,0.424,3.725,1.016
"2026-07-02 00:00",235.58,231.29,231.61,,,
"2026-07-02 00:05",237.346,233.105,233.503,0.432,3.652,1.044
"2026-07-02 00:10",236.973,232.534,232.848,0.432,3.667,1.041
"2026-07-02 00:15",237.986,233.434,234.219,0.434,3.662,1.05
"2026-07-02 00:20",238.037,233.609,234.171,0.434,3.648,1.052
"2026-07-02 00:25",235.995,232.135,227.881,0.431,3.668,7.885
"2026-07-02 00:30",236.152,231.431,231.903,0.429,3.717,1.029
"2026-07-02 00:35",234.713,229.623,229.991,0.426,3.704,1.024
"2026-07-02 00:40",237.326,232.744,233.259,0.432,3.665,1.044
"2026-07-02 00:45",240.553,235.509,236.273,0.44,3.643,1.069
"2026-07-02 00:50",239.601,234.327,235.042,0.437,3.64,1.063
"2026-07-02 00:55",238.925,234.78,230.65,0.438,3.665,8.211
"2026-07-02 01:00",239.564,235.08,235.737,0.438,3.669,1.06
"2026-07-02 01:05",240.744,236.685,237.58,0.441,3.608,1.074
"2026-07-02 01:10",239.351,236.094,235.569,0.437,3.631,1.064
"2026-07-02 01:15",241.132,238.373,238.822,0.441,3.593,1.084
"2026-07-02 01:20",237.917,235.8,235.886,0.434,3.632,1.066
"2026-07-02 01:25",239.619,237.902,233.141,0.439,3.59,8.3
"2026-07-02 01:30",239.733,237.372,237.603,0.437,3.615,1.071
"2026-07-02 01:35",241.099,238.863,239.316,0.44,3.59,1.085
"2026-07-02 01:40",238.891,236.887,237.569,0.437,3.619,1.075
"2026-07-02 01:45",239.395,237.54,237.784,0.44,3.602,1.078
"2026-07-02 01:50",238.985,237.1,237.094,0.437,3.623,1.075
"2026-07-02 01:55",239.398,237.604,237.692,0.438,3.634,1.077
"2026-07-02 02:00",238.326,236.49,232.059,0.438,3.636,8.194
"2026-07-02 02:05",239.877,237.502,238.313,0.438,3.602,1.078
"2026-07-02 02:10",239.611,236.985,237.736,0.437,3.605,1.073
"2026-07-02 02:15",239.844,237.076,238.238,0.438,3.612,1.078
"2026-07-02 02:20",238.27,235.48,236.009,0.434,3.628,1.066
"2026-07-02 02:25",238.321,235.446,236.434,0.433,3.663,1.067
"2026-07-02 02:30",236.712,234.356,230.619,0.432,3.638,8.252
"2026-07-02 02:35",238.195,235.642,236.467,0.434,3.624,1.063
"2026-07-02 02:40",237.794,235.028,236.207,0.432,3.64,1.061
"2026-07-02 02:45",238.718,235.903,236.968,0.434,3.647,1.07
"2026-07-02 02:50",239.363,236.555,237.359,0.437,3.622,1.077
"2026-07-02 02:55",239.177,237.442,237.762,0.437,3.638,1.082
"2026-07-02 03:00",239.325,237.689,232.965,0.439,3.587,8.235
"2026-07-02 03:05",239.395,237.417,237.662,0.437,3.637,1.07
"2026-07-02 03:10",240.104,237.829,238.281,0.438,3.601,1.08
"2026-07-02 03:15",239.925,238.132,238.027,0.439,3.598,1.08
"2026-07-02 03:20",240.153,238.23,237.885,0.439,3.595,1.081
"2026-07-02 03:25",238.889,237.198,237.271,0.436,3.611,1.075
"2026-07-02 03:30",239.036,237.311,237.367,0.437,3.611,1.077
"2026-07-02 03:35",238.693,237.39,232.634,0.438,3.603,8.148
"2026-07-02 03:40",238.622,236.771,237.199,0.436,3.61,1.07
"2026-07-02 03:45",238.248,236.581,236.9,0.436,3.621,1.068
"2026-07-02 03:50",238.443,236.941,236.982,0.436,3.611,1.071
"2026-07-02 03:55",238.536,236.788,236.994,0.437,3.613,1.073
"2026-07-02 04:00",239.143,237.653,238.219,0.436,3.606,1.082
"2026-07-02 04:05",238.627,237.736,233.186,0.438,3.589,8.277
"2026-07-02 04:10",238.248,236.906,237.077,0.433,3.61,1.07
"2026-07-02 04:15",237.84,236.598,236.945,0.436,3.619,1.072
"2026-07-02 04:20",238.056,237.203,237.16,0.435,3.638,1.074
"2026-07-02 04:25",237.238,236.771,236.822,0.434,3.615,1.07
"2026-07-02 04:30",237.62,236.887,236.722,0.434,3.622,1.07
"2026-07-02 04:35",236.88,236.217,231.507,0.434,3.622,8.28
"2026-07-02 04:40",236.965,235.852,236.007,0.432,3.628,1.058
"2026-07-02 04:45",237.262,235.474,235.92,0.433,3.623,1.062
"2026-07-02 04:50",238.333,235.549,236.544,0.435,3.628,1.066
"2026-07-02 04:55",236.784,234.22,235.236,0.433,3.644,1.06
"2026-07-02 05:00",238.567,235.677,236.348,0.435,3.631,1.065
"2026-07-02 05:05",238.814,236.248,232.533,0.438,3.618,8.206
"2026-07-02 05:10",238.864,235.855,237.164,0.435,3.624,1.066
"2026-07-02 05:15",238.973,236.153,237.378,0.437,3.626,1.075
"2026-07-02 05:20",237.811,234.863,236.202,0.432,3.633,1.067
"2026-07-02 05:25",238.249,235.447,236.687,0.436,3.631,1.067
"2026-07-02 05:30",238.576,235.307,236.477,0.435,3.635,1.072
"2026-07-02 05:35",237.33,237.498,232.719,0.437,3.59,8.067
"2026-07-02 05:40",238.178,238.237,238.269,0.435,3.597,1.07
"2026-07-02 05:45",236.761,236.586,235.839,0.433,3.618,1.058
"2026-07-02 05:50",238.572,238.262,237.822,0.437,3.587,1.076
"2026-07-02 05:55",237.886,237.926,236.905,0.434,3.594,1.071
"2026-07-02 06:00",239.21,236.98,234.47,,,
"2026-07-02 06:05",240.529,236.042,232.045,0.441,3.65,7.584
"2026-07-02 06:10",239.361,236.301,237.084,0.44,3.614,1.079
"2026-07-02 06:15",240.503,237.449,238.329,0.442,3.601,1.08
"2026-07-02 06:20",238.423,235.772,231.813,0.439,3.624,8.252
"2026-07-02 06:25",237.732,234.738,235.347,0.44,3.643,1.059
"2026-07-02 06:30",235.525,231.941,233.916,0.433,4.27,1.049
"2026-07-02 06:35",237.859,235.379,237.022,0.441,3.582,1.069
"2026-07-02 06:40",238.557,235.837,237.929,0.443,3.634,1.074
"2026-07-02 06:45",238.02,237.842,238.405,0.441,3.619,1.08
"2026-07-02 06:50",240.686,239.088,238.566,0.444,3.61,1.078
"2026-07-02 06:55",240.17,238.853,237.578,0.444,3.606,1.073
"2026-07-02 07:00",237.845,234.694,232.302,0.434,3.677,8.164
"2026-07-02 07:05",237.086,234.417,235.568,0.432,3.648,1.06
"2026-07-02 07:10",238.062,235.903,236.731,0.433,3.665,1.072
"2026-07-02 07:15",238.976,237.223,237.466,0.436,3.485,1.079
"2026-07-02 07:20",239.697,237.983,238.059,0.439,3.195,1.085
"2026-07-02 07:25",239.344,238.165,237.738,0.436,3.392,1.081
"2026-07-02 07:30",236.792,235.815,231.186,0.432,3.252,8.306
"2026-07-02 07:35",234.889,232.675,233.122,0.43,3.014,1.054
"2026-07-02 07:40",239.346,236.922,237.205,0.435,2.964,1.074
"2026-07-02 07:45",236.334,233.669,235.005,0.429,3.041,1.057
"2026-07-02 07:50",236.499,234.581,234.976,0.431,2.941,1.062
"2026-07-02 07:55",237.529,235.802,235.782,0.433,2.702,1.074
"2026-07-02 08:00",237.586,236.375,231.426,0.434,2.349,8.277
"2026-07-02 08:05",239.364,238.444,238.542,0.44,2.147,1.088
"2026-07-02 08:10",239.495,237.858,238.187,0.438,2.081,1.093
"2026-07-02 08:15",237.382,236.588,236.02,0.435,1.921,1.081
"2026-07-02 08:20",240.443,238.72,239.116,0.441,1.806,1.111
"2026-07-02 08:25",238.558,238.136,232.201,0.433,0.56,8.519
"2026-07-02 08:30",235.172,234.829,234.345,0.433,1.337,1.084
"2026-07-02 08:35",237.039,236.909,235.67,0.425,0.594,1.094
"2026-07-02 08:40",236.02,233.838,234.134,0.434,1.299,1.086
"2026-07-02 08:45",239.074,236.595,236.709,0.437,1.857,1.11
"2026-07-02 08:50",236.461,234.384,230.001,0.435,1.867,8.226
"2026-07-02 08:55",238.072,234.752,235.929,0.436,1.508,1.085
"2026-07-02 09:00",239.172,236.325,237.284,0.438,1.375,1.099
"2026-07-02 09:05",238.571,235.934,236.762,0.432,1.147,1.099
"2026-07-02 09:10",235.018,232.419,229.536,0.431,1.377,8.334
"2026-07-02 09:15",238.58,236.101,235.318,0.431,0.931,1.1
"2026-07-02 09:20",238.549,235.53,236.893,0.435,1.774,1.097
"2026-07-02 09:25",235.523,232.781,228.944,0.429,1.756,8.301
"2026-07-02 09:30",236.021,232.421,233.461,0.424,1.996,1.069
"2026-07-02 09:35",238.889,236.448,237.217,0.435,1.532,1.101
"2026-07-02 09:40",234.115,232.023,232.439,0.421,1.072,1.066
"2026-07-02 09:45",235.323,232.828,229.077,0.422,2.273,8.389
"2026-07-02 09:50",240.854,237.639,238.844,0.43,1.94,1.108
"2026-07-02 09:55",238.118,234.738,235.533,0.425,2.006,1.093
"2026-07-02 10:00",237.096,235.468,229.746,0.423,0.551,8.462
"2026-07-02 10:05",236.751,234.582,234.6,0.429,1.509,1.087
"2026-07-02 10:10",239.531,237.755,237.449,0.425,0.563,1.105
"2026-07-02 10:15",238.077,237.581,231.737,0.426,0.56,8.408
"2026-07-02 10:20",239.262,238.538,237.985,0.435,1.667,1.11
"2026-07-02 10:25",239.554,238.003,238.395,0.43,2.006,1.115
"2026-07-02 10:30",233.422,233.191,228.023,0.428,1.537,8.346
"2026-07-02 10:35",240.859,239.485,240.506,0.437,1.594,1.127
"2026-07-02 10:40",238.212,236.701,236.364,0.433,1.56,1.096
"2026-07-02 10:45",236.934,236.17,231.107,0.433,1.402,8.485
"2026-07-02 10:50",234.937,234.406,233.831,0.429,1.226,1.088
"2026-07-02 10:55",236.273,235.349,234.546,0.428,1.051,1.089
"2026-07-02 11:00",238.128,237.128,232.397,0.434,1.369,8.367
"2026-07-02 11:05",235.982,235.021,233.828,0.419,0.557,1.082
"2026-07-02 11:10",238.445,239.341,237.94,0.423,0.867,1.11
"2026-07-02 11:15",239.626,237.839,237.939,0.426,0.562,1.118
"2026-07-02 11:20",240.583,239.39,234.407,0.437,0.907,8.396
"2026-07-02 11:25",237.632,234.888,234.644,0.431,1.607,1.092
"2026-07-02 11:30",239.044,236.481,236.874,0.434,1.369,1.103
"2026-07-02 11:35",237.886,235.916,231.393,0.431,1.67,8.322
"2026-07-02 11:40",235.503,233.687,233.791,0.42,0.7,1.083
"2026-07-02 11:45",239.021,237.851,237.029,0.426,0.56,1.109
"2026-07-02 11:50",236.469,237.193,231.327,0.423,0.554,8.588
"2026-07-02 11:55",237.183,237.401,237.011,0.425,0.562,1.11
"2026-07-02 12:00",237.96,237.17,234.1,,,
"2026-07-02 12:05",238.73,236.941,231.199,0.43,0.559,8.574
"2026-07-02 12:10",239.856,236.853,231.321,0.44,1.609,8.498
"2026-07-02 12:15",240.184,237.445,237.04,0.431,0.682,1.11
"2026-07-02 12:20",239.625,237.543,237.003,0.43,0.564,1.114
"2026-07-02 12:25",238.371,237.144,231.402,0.435,1.094,8.473
"2026-07-02 12:30",240.68,237.816,237.256,0.439,1.725,1.107
"2026-07-02 12:35",236.887,235.605,235.172,0.434,1.644,1.091
"2026-07-02 12:40",236.558,235.895,230.371,0.437,1.347,8.467
"2026-07-02 12:45",238.141,238.007,238.282,0.438,1.481,1.113
"2026-07-02 12:50",239.051,239.444,239.019,0.44,1.135,1.117
"2026-07-02 12:55",238.945,239.583,233.991,0.44,1.259,8.758
"2026-07-02 13:00",238.726,237.873,237.453,0.437,1.343,1.104
"2026-07-02 13:05",237.489,237.387,235.12,0.435,1.391,1.098
"2026-07-02 13:10",237.563,237.634,235.824,0.434,1.292,1.096
"2026-07-02 13:15",238.271,238.453,231.61,0.431,0.733,8.375
"2026-07-02 13:20",236.865,236.885,234.564,0.422,0.557,1.091
"2026-07-02 13:25",239.017,238.754,238.213,0.429,0.565,1.119
"2026-07-02 13:30",238.977,237.789,231.431,0.432,0.638,8.394
"2026-07-02 13:35",239.648,238.302,236.242,0.431,0.569,1.107
"2026-07-02 13:40",239.649,236.741,235.036,0.438,1.509,1.093
"2026-07-02 13:45",239.584,238.644,232.535,0.441,1.282,8.49
"2026-07-02 13:50",238.843,237.262,237.164,0.431,2.043,1.106
"2026-07-02 13:55",237.01,235.368,235.255,0.427,1.989,1.092
"2026-07-02 14:00",237.056,235.406,235.487,0.425,2.025,1.096
"2026-07-02 14:05",234.338,233.879,229.46,0.422,0.585,8.46
"2026-07-02 14:10",237.122,235.505,235.257,0.425,0.991,1.092
"2026-07-02 14:15",236.497,234.965,235.206,0.424,0.972,1.091
"2026-07-02 14:20",236.009,232.815,233.203,0.424,1.173,1.079
"2026-07-02 14:25",234.951,232.645,228.443,0.427,0.788,8.283
"2026-07-02 14:30",236.635,233.172,233.993,0.421,2.15,1.092
"2026-07-02 14:35",232.306,228.62,229.336,0.422,2.046,1.057
"2026-07-02 14:40",237.002,233.918,230.38,0.427,1.911,7.899
"2026-07-02 14:45",235.499,232.548,233.336,0.424,2.283,1.066
"2026-07-02 14:50",238.011,235.185,235.495,0.43,1.573,1.089
"2026-07-02 14:55",239.091,236.485,236.69,0.435,2.906,1.103
"2026-07-02 15:00",238.827,237.227,232.059,0.433,1.832,8.376
"2026-07-02 15:05",238.08,235.879,235.336,0.433,1.572,1.096
"2026-07-02 15:10",236.93,234.142,229.43,0.43,1.196,8.382
"2026-07-02 15:15",238.395,237.105,231.869,0.435,1.775,8.492
"2026-07-02 15:20",237.978,236.009,235.928,0.432,1.513,1.104
"2026-07-02 15:25",238.411,236.195,236.313,0.428,2.935,1.099
"2026-07-02 15:30",238.697,236.653,230.956,0.43,2.2,8.557
"2026-07-02 15:35",238.995,236.701,236.968,0.428,2.255,1.097
"2026-07-02 15:40",239.006,236.482,236.911,0.428,2.345,1.098
"2026-07-02 15:45",238.618,236.471,231.794,0.43,2.28,8.388
"2026-07-02 15:50",237.022,234.539,234.862,0.425,2.407,1.086
"2026-07-02 15:55",241.022,239.257,239.664,0.429,2.178,1.108
"2026-07-02 16:00",239.973,238.737,238.046,0.437,1.753,1.106
"2026-07-02 16:05",234.982,235.589,229.901,0.424,1.176,8.334
"2026-07-02 16:10",237.237,236.509,236.145,0.428,2.105,1.098
"2026-07-02 16:15",240.212,239.432,239.02,0.433,1.637,1.109
"2026-07-02 16:20",236.483,235.891,230.124,0.427,2.343,8.318
"2026-07-02 16:25",236.307,235.158,229.897,0.423,2.595,8.364
"2026-07-02 16:30",238.591,236.897,236.022,0.426,2.328,1.089
"2026-07-02 16:35",237.876,236.351,236.443,0.425,2.644,1.096
"2026-07-02 16:40",241.424,240.344,240.422,0.435,2.354,1.125
"2026-07-02 16:45",237.16,235.212,230.291,0.426,2.936,8.561
"2026-07-02 16:50",236.595,234.907,232.32,0.422,2.993,1.074
"2026-07-02 16:55",237.053,238.096,237.204,0.421,3.06,1.093
"2026-07-02 17:00",239.361,236.04,235.636,0.425,2.94,1.082
"2026-07-02 17:05",239.153,237.256,232.064,0.431,3.056,8.464
"2026-07-02 17:10",238.493,237.912,237.61,0.426,3.069,1.095
"2026-07-02 17:15",238.213,237.627,237.239,0.427,3.052,1.093
"2026-07-02 17:20",237.731,236.872,236.667,0.426,2.949,1.089
"2026-07-02 17:25",236.6,234.442,235.151,0.426,3.389,1.077
"2026-07-02 17:30",239.379,237.667,231.956,0.43,3.466,8.297
"2026-07-02 17:35",239.576,235.887,237.459,0.427,3.493,1.08
"2026-07-02 17:40",237.513,235.767,236.676,0.423,3.489,1.079
"2026-07-02 17:45",238.675,236.505,232.294,0.425,3.584,8.472
"2026-07-02 17:50",238.635,236.858,236.206,0.427,3.602,1.077
"2026-07-02 17:55",239.935,236.905,237.951,0.431,3.595,1.088
"2026-07-02 18:00",239.49,237.03,237.28,,,
"2026-07-02 18:05",239.039,237.151,236.615,0.432,3.593,1.075
"2026-07-02 18:10",238.508,235.794,232.316,0.429,3.637,8.481
"2026-07-02 18:15",239.688,238.259,238.695,0.431,3.601,1.083
"2026-07-02 18:20",238.592,237.016,237.662,0.43,3.616,1.076
"2026-07-02 18:25",239.42,237.821,238.222,0.434,3.638,1.084
"2026-07-02 18:30",240.451,238.485,238.809,0.435,3.592,1.087
"2026-07-02 18:35",238.259,236.812,232.108,0.429,3.613,8.374
"2026-07-02 18:40",238.476,235.856,236.255,0.43,3.625,1.065
"2026-07-02 18:45",236.843,234.791,235.125,0.427,3.642,1.059
"2026-07-02 18:50",236.708,234.231,234.785,0.429,3.673,1.059
"2026-07-02 18:55",236.389,235.388,231.32,0.429,3.623,8.238
"2026-07-02 19:00",237.743,234.483,235.41,0.429,3.646,1.056
"2026-07-02 19:05",237.782,234.364,234.581,0.428,3.644,1.056
"2026-07-02 19:10",237.054,233.106,233.732,0.426,3.662,1.049
"2026-07-02 19:15",236.156,231.489,232.665,0.425,3.673,1.043
"2026-07-02 19:20",235.97,231.459,231.746,0.424,3.683,1.036
"2026-07-02 19:25",233.687,229.739,225.134,0.422,3.708,7.905
"2026-07-02 19:30",233.498,229.032,229.055,0.418,3.711,1.012
"2026-07-02 19:35",230.412,226.102,225.65,0.411,3.755,0.983
"2026-07-02 19:40",229.349,224.729,224.261,0.409,3.796,0.978
"2026-07-02 19:45",231.848,227.511,227.405,0.414,3.748,1
"2026-07-02 19:50",235.447,231.335,226.873,0.426,3.674,7.936
"2026-07-02 19:55",232.498,227.374,227.723,0.415,3.726,1.01
"2026-07-02 20:00",233.948,229.305,229.326,0.418,3.718,1.016
"2026-07-02 20:05",229.847,223.41,223.467,0.41,3.821,0.984
"2026-07-02 20:10",229.669,225.418,221.137,0.411,3.764,7.811
"2026-07-02 20:15",229.677,225.068,225.239,0.409,3.78,0.981
"2026-07-02 20:20",229.313,223.324,223.636,0.408,3.805,0.978
"2026-07-02 20:25",229.24,224.027,224.304,0.408,3.783,0.978
"2026-07-02 20:30",228.217,223.364,223.108,0.406,3.827,0.972
"2026-07-02 20:35",226.09,221.342,221.261,0.404,3.835,0.961
"2026-07-02 20:40",224.578,220.237,214.984,0.402,3.844,7.813
"2026-07-02 20:45",230.591,225.729,225.461,0.411,3.767,0.982
"2026-07-02 20:50",223.965,218.558,218.276,0.399,3.883,0.931
"2026-07-02 20:55",227.987,223.201,222.963,0.407,3.804,0.966
"2026-07-02 21:00",228.362,223.427,223.662,0.408,3.796,0.975
"2026-07-02 21:05",226.282,221.871,216.535,0.403,3.851,7.924
"2026-07-02 21:10",227.293,222.28,221.308,0.404,3.826,0.951
"2026-07-02 21:15",224.715,219.255,218.656,0.399,3.866,0.938
"2026-07-02 21:20",226.441,221.629,221.076,0.403,3.837,0.954
"2026-07-02 21:25",224.635,219.806,219.122,0.399,3.868,0.941
"2026-07-02 21:30",225.734,220.396,215.239,0.403,3.855,7.843
"2026-07-02 21:35",223.58,218.296,217.513,0.398,3.884,0.921
"2026-07-02 21:40",225.557,220.749,219.561,0.402,3.854,0.937
"2026-07-02 21:45",222.564,217.215,216.208,0.397,3.898,0.917
"2026-07-02 21:50",227.48,222.73,221.819,0.406,3.815,0.958
"2026-07-02 21:55",230.133,225.317,224.692,0.411,3.768,0.982
"2026-07-02 22:00",229.721,225.221,220.534,0.412,3.765,7.683
"2026-07-02 22:05",228.098,223.104,222.729,0.407,3.82,0.966
"2026-07-02 22:10",228.011,223.078,222.216,0.407,3.815,0.96
"2026-07-02 22:15",226.974,221.76,221.628,0.405,3.866,0.959
"2026-07-02 22:20",225.328,219.82,219.512,0.402,3.858,0.943
"2026-07-02 22:25",223.7,219.243,214.442,0.401,3.858,7.874
"2026-07-02 22:30",224.122,218.558,218.715,0.401,3.885,0.931
"2026-07-02 22:35",222.127,217.464,217.335,0.399,3.9,0.92
"2026-07-02 22:40",221.726,215.911,215.939,0.396,3.917,0.916
"2026-07-02 22:45",224.031,218.534,218.62,0.399,3.878,0.934
"2026-07-02 22:50",221.881,216.188,211.798,0.396,3.917,7.039
"2026-07-02 22:55",220.937,215.207,214.584,0.395,3.951,0.899
"2026-07-02 23:00",220.749,214.989,215.607,0.394,3.94,0.898
"2026-07-02 23:05",221.487,215.982,215.631,0.396,3.925,0.911
"2026-07-02 23:10",220.247,214.489,214.958,0.393,3.932,0.903
"2026-07-02 23:15",220.812,215.153,214.729,0.393,3.953,0.901
"2026-07-02 23:20",221.14,216.259,211.617,0.395,3.918,7.851
"2026-07-02 23:25",220.926,215.524,215.068,0.394,3.938,0.896
"2026-07-02 23:30",221.315,216.012,215.461,0.394,3.92,0.903
"2026-07-02 23:35",216.08,210.44,210.164,0.385,4.05,0.858
"2026-07-02 23:40",219.111,213.466,212.817,0.392,3.963,0.887
"2026-07-02 23:45",221.061,216.199,215.836,0.395,3.959,0.906
"2026-07-02 23:50",222.375,217.756,213.184,0.397,3.892,7.592
"2026-07-02 23:55",221.568,216.227,215.872,0.395,3.913,0.908
"2026-07-03 00:00",223.86,218.67,218.6,,,
"2026-07-03 00:05",226.145,221.117,221.319,0.403,3.845,0.953
"2026-07-03 00:10",225.373,219.87,220.206,0.403,3.869,0.952
"2026-07-03 00:15",223.337,218.46,218.288,0.4,3.889,0.935
"2026-07-03 00:20",223.483,219.363,215.08,0.4,3.89,7.6
"2026-07-03 00:25",224.29,219.172,219.319,0.401,3.873,0.938
"2026-07-03 00:30",223.108,218.303,218.667,0.398,3.887,0.939
"2026-07-03 00:35",223.676,218.73,219.453,0.4,3.883,0.946
"2026-07-03 00:40",224.655,219.883,220.12,0.401,3.849,0.949
"2026-07-03 00:45",224.921,220.38,216.326,0.403,3.849,7.691
"2026-07-03 00:50",226.933,222.139,222.936,0.406,3.818,0.962
"2026-07-03 00:55",224.928,217.068,217.548,0.4,3.862,0.945
"2026-07-03 01:00",226.666,221.447,222.043,0.405,3.831,0.962
"2026-07-03 01:05",229.242,224.319,225.143,0.411,3.803,0.987
"2026-07-03 01:10",230.096,225.115,225.792,0.413,3.776,0.993
"2026-07-03 01:15",232.51,228.811,224.749,0.421,3.708,7.777
"2026-07-03 01:20",231.996,225.861,226.459,0.42,3.771,1.005
"2026-07-03 01:25",233.854,229.207,229.738,0.423,3.713,1.018
"2026-07-03 01:30",233.398,228.922,229.471,0.424,3.723,1.018
"2026-07-03 01:35",234.714,230.002,231.045,0.428,3.703,1.035
"2026-07-03 01:40",235.129,230.685,226.799,0.427,3.711,7.843
"2026-07-03 01:45",233.967,229.329,230.228,0.423,3.705,1.017
"2026-07-03 01:50",236.305,231.901,232.683,0.43,3.685,1.039
"2026-07-03 01:55",236.562,232.166,233.12,0.433,3.671,1.044
"2026-07-03 02:00",237.168,232.584,233.706,0.433,3.674,1.05
"2026-07-03 02:05",236.213,231.845,232.778,0.43,3.701,1.048
"2026-07-03 02:10",237.153,233.339,229.394,0.435,3.653,8.136
"2026-07-03 02:15",237.406,233.024,234.162,0.433,3.667,1.049
"2026-07-03 02:20",238.63,234.106,235.016,0.436,3.652,1.06
"2026-07-03 02:25",240.274,234.972,236.144,0.439,3.632,1.069
"2026-07-03 02:30",239.948,234.949,236.318,0.438,3.638,1.07
"2026-07-03 02:35",240.949,235.707,236.897,0.44,3.622,1.078
"2026-07-03 02:40",239.352,234.993,231.388,0.44,3.622,8.313
"2026-07-03 02:45",238.624,233.907,235.063,0.436,3.646,1.057
"2026-07-03 02:50",236.024,231.178,232.345,0.43,3.677,1.04
"2026-07-03 02:55",234.569,229.832,230.821,0.427,3.726,1.028
"2026-07-03 03:00",236.401,231.109,232.293,0.43,3.693,1.039
"2026-07-03 03:05",236.101,231.942,228.298,0.432,3.674,8.062
"2026-07-03 03:10",236.274,231.224,232.218,0.43,3.7,1.035
"2026-07-03 03:15",237.174,232.282,233.488,0.433,3.665,1.048
"2026-07-03 03:20",237.757,233.056,234.718,0.434,3.656,1.055
"2026-07-03 03:25",237.59,233.1,234.041,0.434,3.668,1.052
"2026-07-03 03:30",236.91,232.134,233.328,0.434,3.703,1.049
"2026-07-03 03:35",237.247,232.895,229.059,0.436,3.654,8.16
"2026-07-03 03:40",238.665,234.261,235.74,0.436,3.649,1.055
"2026-07-03 03:45",237.102,232.958,234.096,0.433,3.665,1.046
"2026-07-03 03:50",240.401,236.689,237.99,0.441,3.634,1.078
"2026-07-03 03:55",238.923,235.158,235.844,0.437,3.644,1.066
"2026-07-03 04:00",239.649,236.524,237.304,0.438,3.623,1.078
"2026-07-03 04:05",239.413,237.032,232.247,0.439,3.605,8.172
"2026-07-03 04:10",239.905,236.876,237.03,0.439,3.608,1.074
"2026-07-03 04:15",239.338,236.184,236.844,0.437,3.624,1.071
"2026-07-03 04:20",239.109,236.015,236.983,0.436,3.617,1.07
"2026-07-03 04:25",238.519,235.302,235.825,0.436,3.668,1.065
"2026-07-03 04:30",239.859,237.253,237.507,0.439,3.605,1.075
"2026-07-03 04:35",239.156,237.353,232.476,0.439,3.598,8.212
"2026-07-03 04:40",238.092,235.863,235.838,0.435,3.629,1.059
"2026-07-03 04:45",238.419,236.329,236.3,0.434,3.626,1.062
"2026-07-03 04:50",238.468,236.286,236.246,0.436,3.649,1.066
"2026-07-03 04:55",239.67,236.985,237.03,0.438,3.579,1.071
"2026-07-03 05:00",240.453,238.8,233.682,0.442,3.581,8.441
"2026-07-03 05:05",240.282,237.611,238.44,0.441,3.597,1.076
"2026-07-03 05:10",240.014,237.783,238.296,0.439,3.605,1.076
"2026-07-03 05:15",239.649,237.227,237.321,0.439,3.608,1.074
"2026-07-03 05:20",239.806,237.285,237.965,0.44,3.608,1.079
"2026-07-03 05:25",240.446,238.628,239.065,0.441,3.589,1.087
"2026-07-03 05:30",239.772,237.863,233.55,0.44,3.593,8.474
"2026-07-03 05:35",238.617,236.948,238.211,0.437,3.606,1.074
"2026-07-03 05:40",239.534,237.742,238.675,0.439,3.599,1.081
"2026-07-03 05:45",240.931,238.555,239.058,0.441,3.625,1.082
"2026-07-03 05:50",237.504,236.898,236.511,0.436,3.606,1.069
"2026-07-03 05:55",237.721,237.991,237.065,0.435,3.602,1.071
"2026-07-03 06:00",237.63,236.73,235.95,,,
"2026-07-03 06:05",237.531,235.466,234.83,0.434,3.63,1.051
"2026-07-03 06:10",239.793,235.479,237.184,0.44,3.633,1.073
"2026-07-03 06:15",238.598,234.786,236.217,0.44,4.477,1.068
"2026-07-03 06:20",239.671,237.153,238.691,0.443,3.829,1.083
"2026-07-03 06:25",238.221,237.062,237.088,0.444,3.595,1.075
"2026-07-03 06:30",238.704,236.937,231.402,0.448,3.636,8.101
"2026-07-03 06:35",237.965,234.812,235.506,0.441,3.641,1.06
"2026-07-03 06:40",238.459,235.974,236.135,0.444,3.626,1.065
"2026-07-03 06:45",238.442,235.469,235.965,0.439,3.633,1.068
"2026-07-03 06:50",238.474,235.247,235.818,0.439,3.646,1.069
"2026-07-03 06:55",239.104,236.924,233.34,0.442,3.64,8.188
"2026-07-03 07:00",236.219,235.098,235.538,0.431,3.647,1.058
"2026-07-03 07:05",236.894,234.828,235.47,0.432,3.634,1.063
"2026-07-03 07:10",238.524,236.372,237.489,0.435,3.624,1.078
"2026-07-03 07:15",239.999,237.849,238.928,0.438,3.624,1.091
"2026-07-03 07:20",239.338,237.735,238.426,0.437,3.39,1.091
"2026-07-03 07:25",236.521,235.605,231.334,0.433,3.494,8.344
"2026-07-03 07:30",238.04,236.564,237.301,0.435,3.477,1.075
"2026-07-03 07:35",237.808,236.105,237.054,0.433,3.48,1.076
"2026-07-03 07:40",239.838,238.055,238.54,0.439,3.257,1.089
"2026-07-03 07:45",238.057,236.6,237.008,0.433,3.525,1.078
"2026-07-03 07:50",238.806,237.235,232.848,0.437,3.498,8.298
"2026-07-03 07:55",239.206,236.261,236.863,0.434,3.536,1.075
"2026-07-03 08:00",236.022,234.821,235.246,0.428,3.483,1.062
"2026-07-03 08:05",237.648,235.605,236.562,0.433,3.559,1.075
"2026-07-03 08:10",236.109,234.254,234.577,0.43,3.613,1.061
"2026-07-03 08:15",236.97,234.483,235.026,0.429,3.481,1.065
"2026-07-03 08:20",236.926,235.695,231.873,0.434,3.559,8.207
"2026-07-03 08:25",239.406,237.786,238.715,0.438,3.451,1.085
"2026-07-03 08:30",239.213,237.777,238.247,0.437,3.444,1.084
"2026-07-03 08:35",237.203,235.262,235.82,0.43,3.336,1.067
"2026-07-03 08:40",237.206,235.75,235.734,0.429,3.489,1.075
"2026-07-03 08:45",239.21,237.093,232.14,0.436,3.457,8.43
"2026-07-03 08:50",238.373,236.747,237.119,0.432,2.926,1.072
"2026-07-03 08:55",240.477,238.873,238.796,0.439,2.686,1.088
"2026-07-03 09:00",239.189,238.511,237.886,0.444,1.813,1.083
"2026-07-03 09:05",240.417,239.002,239.095,0.44,2.294,1.096
"2026-07-03 09:10",235.221,233.52,228.806,0.427,2.911,8.349
"2026-07-03 09:15",240.196,236.826,237.97,0.433,2.884,1.082
"2026-07-03 09:20",239.647,236.512,237.504,0.434,2.267,1.083
"2026-07-03 09:25",239.165,236.96,237.74,0.436,1.784,1.085
"2026-07-03 09:30",239.561,237.826,237.934,0.433,0.561,1.098
"2026-07-03 09:35",236.216,236.312,229.969,0.43,0.574,8.231
"2026-07-03 09:40",236.953,235.341,235.514,0.433,1.643,1.088
"2026-07-03 09:45",237.065,235.607,236.509,0.43,1.975,1.088
"2026-07-03 09:50",238.149,237.208,236.804,0.432,1.707,1.091
"2026-07-03 09:55",235.823,235.328,229.897,0.436,1.488,8.365
"2026-07-03 10:00",237.483,237.482,236.515,0.429,0.696,1.087
"2026-07-03 10:05",237.255,235.421,235.282,0.426,0.558,1.079
"2026-07-03 10:10",233.357,231.859,227.278,0.425,0.832,8.205
"2026-07-03 10:15",237.834,235.304,235.552,0.424,0.556,1.084
"2026-07-03 10:20",240.411,238.42,238.5,0.431,0.569,1.11
"2026-07-03 10:25",237.932,236.848,232.356,0.429,2.396,8.445
"2026-07-03 10:30",236.97,234.355,234.786,0.423,2.145,1.075
"2026-07-03 10:35",237.729,235.139,236.042,0.423,2.738,1.086
"2026-07-03 10:40",236.681,233.923,234.303,0.42,3.325,1.073
"2026-07-03 10:45",237.26,233.533,234.713,0.425,3.232,1.072
"2026-07-03 10:50",238.356,235.263,230.734,0.43,2.903,8.449
"2026-07-03 10:55",235.815,232.518,233.064,0.426,2.298,1.055
"2026-07-03 11:00",239.925,237.496,238.534,0.438,1.71,1.096
"2026-07-03 11:05",238.082,236.443,231.737,0.44,1.237,8.26
"2026-07-03 11:10",239.679,237.949,237.884,0.432,0.562,1.092
"2026-07-03 11:15",236.585,235.699,234.781,0.423,0.56,1.08
"2026-07-03 11:20",237.337,236.03,230.733,0.425,0.925,8.504
"2026-07-03 11:25",237.27,235.41,232.91,,,
"2026-07-03 11:30",237.194,234.788,235.085,0.428,1.281,1.088
"2026-07-03 11:35",238.891,237.885,237.65,0.431,1.914,1.105
"2026-07-03 11:40",237.473,236.738,231.423,0.421,2.246,8.634
"2026-07-03 11:45",238.558,236.983,237.556,0.424,2.195,1.101
"2026-07-03 11:50",236.695,235.637,236.456,0.423,2.125,1.093
"2026-07-03 11:55",237.832,237.384,232.621,0.43,1.719,8.431
"2026-07-03 12:00",239.15,237.75,235.2,,,
"2026-07-03 12:05",240.459,238.112,237.78,0.438,1.589,1.1
"2026-07-03 12:10",239.881,236.589,231.563,0.436,1.745,8.34
"2026-07-03 12:15",240.009,237.643,238.279,0.44,1.239,1.103
"2026-07-03 12:20",237.617,238.245,239.118,0.433,1.622,1.112
"2026-07-03 12:25",238.3,240.149,231.634,0.437,1.317,8.343
"2026-07-03 12:30",238.938,239.086,235.554,0.432,1.654,1.089
"2026-07-03 12:35",238.371,238.458,235.608,0.432,1.451,1.089
"2026-07-03 12:40",238.639,237.716,235.668,0.433,1.527,1.092
"2026-07-03 12:45",239.122,239.137,231.888,0.442,1.264,8.412
"2026-07-03 12:50",238.944,236.279,236.366,0.436,1.427,1.091
"2026-07-03 12:55",239.696,237.785,237.13,0.429,0.567,1.101
"2026-07-03 13:00",238.49,238.502,234.039,0.428,0.57,8.604
"2026-07-03 13:05",237.528,237.753,238.164,0.427,0.586,1.111
"2026-07-03 13:10",238.361,239.878,233.824,0.428,0.602,8.554
"2026-07-03 13:15",239.232,239.271,237.536,0.429,0.578,1.101
"2026-07-03 13:20",236.622,236.131,234.46,0.423,0.563,1.088
"2026-07-03 13:25",239.178,237.749,233.798,0.428,0.561,8.575
"2026-07-03 13:30",238.947,238.087,238.629,0.427,0.566,1.122
"2026-07-03 13:35",236.996,236.937,236.633,0.433,1.427,1.104
"2026-07-03 13:40",235.209,235.349,229.937,0.425,2.022,8.585
"2026-07-03 13:45",238.354,238.257,236.584,0.42,0.561,1.109
"2026-07-03 13:50",237.146,238.732,234.347,0.425,0.57,1.084
"2026-07-03 13:55",240.772,239.329,232.839,0.439,1.45,8.572
"2026-07-03 14:00",237.485,236.79,236.238,0.424,0.589,1.089
"2026-07-03 14:05",236.88,236.156,228.133,0.422,0.564,7.726
"2026-07-03 14:10",236.273,234.856,229.381,0.422,0.549,8.442
"2026-07-03 14:15",236.698,233.635,233.932,0.425,1.665,1.101
"2026-07-03 14:20",236.98,233.917,234.177,0.425,2.042,1.079
"2026-07-03 14:25",230.683,228.459,226.934,0.41,0.572,1.033
"2026-07-03 14:30",233.415,231.328,225.891,0.417,0.542,8.345
"2026-07-03 14:35",234.915,231.744,231.558,0.423,1.193,1.065
"2026-07-03 14:40",236.637,233.796,233.903,0.422,2.49,1.075
"2026-07-03 14:45",235.918,232.443,232.66,0.42,2.28,1.069
"2026-07-03 14:50",234.769,232.828,227.56,0.416,0.545,8.369
"2026-07-03 14:55",230.966,228.869,228.028,0.408,0.538,1.047
"2026-07-03 15:00",238.304,235.966,235.922,0.426,0.558,1.09
"2026-07-03 15:05",237.783,235.562,235.456,0.424,0.556,1.088
"2026-07-03 15:10",236.462,234.872,229.122,0.422,0.547,8.561
"2026-07-03 15:15",237.598,235.901,234.675,0.424,0.557,1.091
"2026-07-03 15:20",240.431,238.602,238.297,0.43,0.563,1.114
"2026-07-03 15:25",238.242,236.893,231.353,0.426,0.554,8.694
"2026-07-03 15:30",236.193,233.923,233.289,0.424,1.872,1.077
"2026-07-03 15:35",236.16,233.102,228.687,0.419,2.298,8.352
"2026-07-03 15:40",237.878,234.432,235.069,0.423,1.943,1.088
"2026-07-03 15:45",238.818,235.593,236.427,0.427,1.993,1.095
"2026-07-03 15:50",239.906,237.97,238.408,0.429,2.265,1.108
"2026-07-03 15:55",239.917,239.132,233.374,0.435,1.092,8.466
"2026-07-03 16:00",239.753,238.819,238.046,0.428,2.389,1.102
"2026-07-03 16:05",236.412,234.892,234.535,0.423,2.072,1.074
"2026-07-03 16:10",238.808,238.432,233.054,0.43,2.005,8.636
"2026-07-03 16:15",237.702,236.883,236.28,0.427,1.72,1.083
"2026-07-03 16:20",237.163,235.879,235.706,0.43,1.462,1.086
"2026-07-03 16:25",240.002,239.163,238.98,0.433,1.819,1.108
"2026-07-03 16:30",238.849,238.411,232.523,0.431,1.867,8.386
"2026-07-03 16:35",239.506,238.45,238.429,0.428,2.732,1.098
"2026-07-03 16:40",240.813,239.209,238.664,0.431,3.055,1.096
"2026-07-03 16:45",236.803,237.387,231.444,0.421,2.71,8.433
"2026-07-03 16:50",238.487,236.46,236.648,0.425,3.059,1.083
"2026-07-03 16:55",237.979,236.553,236.641,0.426,3.233,1.076
"2026-07-03 17:00",240.169,240.053,238.952,0.43,3.106,1.089
"2026-07-03 17:05",240.177,236.956,231.913,0.432,2.786,8.298
"2026-07-03 17:10",237.94,235.427,235.464,0.427,2.853,1.072
"2026-07-03 17:15",239.723,237.439,236.839,0.43,2.947,1.081
"2026-07-03 17:20",238.453,236.922,231.956,0.429,2.99,8.406
"2026-07-03 17:25",238.096,236.395,236.645,0.427,3.015,1.081
"2026-07-03 17:30",237.937,236.179,236.009,0.426,3.188,1.075
"2026-07-03 17:35",238.235,236.611,237.374,0.425,3.119,1.081
"2026-07-03 17:40",238.122,236.886,232.585,0.429,3.282,8.489
"2026-07-03 17:45",239.046,236.827,236.747,0.429,3.42,1.07
"2026-07-03 17:50",239.113,235.191,237.278,0.429,3.511,1.073
"2026-07-03 17:55",236.388,235.165,236.255,0.425,3.614,1.067
"2026-07-03 18:00",238.3,236.58,237.3,,,
"2026-07-03 18:05",240.209,238.003,238.345,0.433,3.576,1.081
"2026-07-03 18:10",238.594,236.407,237.97,0.425,3.613,1.083
"2026-07-03 18:15",238.068,236.491,237.66,0.426,3.625,1.083
"2026-07-03 18:20",238.985,237.269,238.377,0.427,3.611,1.09
"2026-07-03 18:25",237.074,236.183,231.664,0.427,3.618,8.231
"2026-07-03 18:30",237.401,234.741,234.733,0.426,3.639,1.054
"2026-07-03 18:35",238.139,236.712,236.986,0.428,3.619,1.068
"2026-07-03 18:40",238.617,236.71,236.687,0.432,3.616,1.07
"2026-07-03 18:45",235.846,234.453,228.638,0.428,3.632,8.17
"2026-07-03 18:50",237.051,234.636,235.267,0.427,3.648,1.05
"2026-07-03 18:55",239.558,234.896,235.54,0.432,3.64,1.054
"2026-07-03 19:00",238.186,233.797,234.331,0.43,3.655,1.049
"2026-07-03 19:05",235.044,230.261,230.796,0.422,3.71,1.027
"2026-07-03 19:10",239.165,235.12,230.713,0.433,3.623,8.236
"2026-07-03 19:15",240.222,235.572,236.322,0.437,3.633,1.058
"2026-07-03 19:20",240.145,236.131,236.506,0.437,3.622,1.063
"2026-07-03 19:25",239.612,236.621,237.063,0.435,3.622,1.07
"2026-07-03 19:30",237.691,234.826,235.01,0.43,3.643,1.055
"2026-07-03 19:35",237.5,235.09,230.198,0.431,3.633,8.267
"2026-07-03 19:40",237.859,235.196,235.157,0.43,3.642,1.048
"2026-07-03 19:45",238.728,234.372,236.207,0.433,3.645,1.056
"2026-07-03 19:50",240.212,238.077,238.672,0.436,3.595,1.078
"2026-07-03 19:55",236.666,234.801,234.555,0.428,3.655,1.053
"2026-07-03 20:00",237.764,233.983,229.198,0.433,3.656,8.301
"2026-07-03 20:05",236.899,232.106,232.954,0.431,3.666,1.034
"2026-07-03 20:10",237.044,234.471,234.861,0.43,3.677,1.051
"2026-07-03 20:15",246.019,242.901,245.026,0.456,3.522,1.126
"2026-07-03 20:20",237.868,235.178,235.828,0.429,3.633,1.064
"2026-07-03 20:25",238.888,237.112,232.347,0.433,3.606,8.43
"2026-07-03 20:30",240.091,238.535,237.534,0.433,3.61,1.071
"2026-07-03 20:35",237.32,235.314,235.791,0.43,3.648,1.06
"2026-07-03 20:40",236.715,234.518,235.448,0.427,3.649,1.056
"2026-07-03 20:45",236.877,234.316,234.248,0.426,3.619,1.065
"2026-07-03 20:50",236.532,234.549,230.057,0.427,3.627,8.231
"2026-07-03 20:55",238.585,236.068,236.627,0.43,3.62,1.061
"2026-07-03 21:00",235.054,230.449,230.956,0.425,3.702,1.023
"2026-07-03 21:05",233.554,228.457,228.831,0.42,3.732,1.005
"2026-07-03 21:10",233.492,228.155,228.425,0.418,3.73,1.003
"2026-07-03 21:15",229.21,224.049,219.718,0.41,3.775,7.939
"2026-07-03 21:20",230.939,225.824,225.94,0.414,3.758,0.979
"2026-07-03 21:25",229.691,223.916,224.041,0.41,3.788,0.969
"2026-07-03 21:30",234.284,228.795,229.329,0.421,3.714,1.012
"2026-07-03 21:35",232.559,227.281,227.61,0.418,3.744,1.002
"2026-07-03 21:40",230.75,226.357,221.345,0.413,3.758,7.703
"2026-07-03 21:45",230.123,224.818,224.4,0.41,3.791,0.968
"2026-07-03 21:50",228.991,223.981,223.356,0.409,3.782,0.967
"2026-07-03 21:55",230.671,225.831,225.847,0.412,3.759,0.986
"2026-07-03 22:00",229.627,224.076,224.021,0.41,3.783,0.973
"2026-07-03 22:05",229.543,224.234,223.773,0.409,3.793,0.969
"2026-07-03 22:10",230.896,226.062,221.313,0.415,3.752,7.698
"2026-07-03 22:15",226.77,221.349,221.408,0.403,3.822,0.952
"2026-07-03 22:20",225.464,220.182,219.877,0.402,3.848,0.938
"2026-07-03 22:25",225.906,220.211,219.32,0.4,3.86,0.928
"2026-07-03 22:30",224.129,218.442,217.673,0.399,3.896,0.92
"2026-07-03 22:35",220.085,214.864,209.665,0.394,3.928,7.602
"2026-07-03 22:40",219.511,213.197,212.939,0.391,3.948,0.876
"2026-07-03 22:45",221.689,215.609,215.498,0.395,3.922,0.897
"2026-07-03 22:50",220.329,214.144,213.937,0.392,3.944,0.89
"2026-07-03 22:55",220.38,214.284,214.004,0.394,3.958,0.89
"2026-07-03 23:00",215.531,211.073,210.756,0.387,4,0.864
"2026-07-03 23:05",220.312,213.945,209.573,0.393,3.95,7.545
"2026-07-03 23:10",219.691,214.721,214.696,0.392,3.939,0.893
"2026-07-03 23:15",219.575,213.319,213.105,0.39,3.991,0.883
"2026-07-03 23:20",217.561,211.604,211.219,0.387,4.002,0.871
"2026-07-03 23:25",217.306,211.502,210.591,0.387,4.007,0.866
"2026-07-03 23:30",215.539,210.018,205.013,0.387,4.018,7.779
"2026-07-03 23:35",215.684,209.702,209.09,0.385,4.019,0.848
"2026-07-03 23:40",215.027,209.303,210.588,0.385,4.013,0.855
"2026-07-03 23:45",216.683,211.556,210.8,0.386,3.992,0.864
"2026-07-03 23:50",218.146,213.428,212.24,0.389,3.999,0.878
"2026-07-03 23:55",220.593,216.071,210.898,0.394,3.912,7.785
"2026-07-04 00:00",221.13,216.25,213.72,,,
"2026-07-04 00:05",221.66,216.424,216.55,0.394,3.893,0.906
"2026-07-04 00:10",223.724,219.22,218.833,0.399,3.862,0.926
"2026-07-04 00:15",220.754,216.157,215.908,0.398,3.884,0.906
"2026-07-04 00:20",224.65,219.366,219.186,0.4,3.856,0.939
"2026-07-04 00:25",224.677,219.493,214.299,0.399,3.846,7.652
"2026-07-04 00:30",225.836,220.718,220.456,0.402,3.839,0.941
"2026-07-04 00:35",229.046,224.462,224.123,0.409,3.779,0.968
"2026-07-04 00:40",232.559,227.52,227.926,0.416,3.739,1.001
"2026-07-04 00:45",232.529,227.694,228.108,0.418,3.738,1.004
"2026-07-04 00:50",231.557,227.027,222.665,0.417,3.743,8.009
"2026-07-04 00:55",230.378,225.679,226.201,0.414,3.762,0.986
"2026-07-04 01:00",230.764,224.794,224.899,0.413,3.771,0.987
"2026-07-04 01:05",230.177,225.548,226.076,0.413,3.773,0.986
"2026-07-04 01:10",232.379,227.667,228.083,0.418,3.736,1.006
"2026-07-04 01:15",235.198,231.037,231.384,0.427,3.691,1.029
"2026-07-04 01:20",232.759,228.866,224.349,0.422,3.714,7.882
"2026-07-04 01:25",234.233,229.589,230.324,0.424,3.707,1.015
"2026-07-04 01:30",234.589,229.951,230.597,0.424,3.699,1.019
"2026-07-04 01:35",235.598,230.707,231.499,0.427,3.706,1.028
"2026-07-04 01:40",235.75,231.566,232.566,0.428,3.685,1.036
"2026-07-04 01:45",238.319,234.657,230.654,0.436,3.641,8.281
"2026-07-04 01:50",236.468,232.57,233.326,0.43,3.703,1.033
"2026-07-04 01:55",236.782,232.71,233.647,0.432,3.672,1.043
"2026-07-04 02:00",236.891,233.092,233.888,0.43,3.662,1.043
"2026-07-04 02:05",236.6,232.36,233.363,0.431,3.669,1.043
"2026-07-04 02:10",238.735,234.727,235.801,0.435,3.654,1.06
"2026-07-04 02:15",239.002,235.17,231.82,0.438,3.63,8.22
"2026-07-04 02:20",238.091,233.872,235.286,0.434,3.64,1.053
"2026-07-04 02:25",239.83,235.8,236.523,0.437,3.623,1.061
"2026-07-04 02:30",239.478,235.236,236.107,0.437,3.636,1.059
"2026-07-04 02:35",239.653,235.117,236.327,0.436,3.635,1.063
"2026-07-04 02:40",237.206,234.792,230.391,0.432,3.657,8.125
"2026-07-04 02:45",237.931,234.829,235.741,0.432,3.642,1.052
"2026-07-04 02:50",237.811,234.863,235.819,0.433,3.635,1.055
"2026-07-04 02:55",238.855,236.103,236.598,0.434,3.62,1.062
"2026-07-04 03:00",239.985,237.067,238.185,0.437,3.61,1.076
"2026-07-04 03:05",240.698,237.784,238.773,0.439,3.602,1.081
"2026-07-04 03:10",239.422,237.674,233.108,0.437,3.593,8.261
"2026-07-04 03:15",237.886,236.799,236.752,0.433,3.622,1.063
"2026-07-04 03:20",237.271,235.699,235.729,0.431,3.632,1.056
"2026-07-04 03:25",237.832,236.546,236.687,0.432,3.622,1.063
"2026-07-04 03:30",239.604,237.986,237.416,0.435,3.625,1.075
"2026-07-04 03:35",239.017,237.977,233.048,0.437,3.593,8.243
"2026-07-04 03:40",239.99,238.072,237.901,0.437,3.596,1.069
"2026-07-04 03:45",240.145,238.196,238.588,0.437,3.596,1.082
"2026-07-04 03:50",240.848,238.901,239.328,0.439,3.584,1.087
"2026-07-04 03:55",238.094,235.854,236.194,0.435,3.642,1.071
"2026-07-04 04:00",236.717,234.25,234.685,0.431,3.668,1.059
"2026-07-04 04:05",237.438,235.884,231.365,0.435,3.621,8.328
"2026-07-04 04:10",239.85,237.506,238.522,0.437,3.598,1.077
"2026-07-04 04:15",238.78,236.082,236.214,0.434,3.622,1.062
"2026-07-04 04:20",237.095,234.651,234.493,0.432,3.638,1.052
"2026-07-04 04:25",237.892,235.662,235.556,0.434,3.636,1.061
"2026-07-04 04:30",238.16,236.137,236.157,0.436,3.653,1.065
"2026-07-04 04:35",240.31,238.056,234.096,0.44,3.59,8.298
"2026-07-04 04:40",238.984,237.224,237.722,0.436,3.603,1.075
"2026-07-04 04:45",239.783,238.307,238.628,0.439,3.595,1.079
"2026-07-04 04:50",240.093,237.767,238.53,0.439,3.604,1.08
"2026-07-04 04:55",239.446,237.115,237.29,0.437,3.611,1.072
"2026-07-04 05:00",238.831,237.056,232.539,0.438,3.599,8.433
"2026-07-04 05:05",239.665,237.378,237.67,0.437,3.606,1.068
"2026-07-04 05:10",238.582,236.587,236.806,0.434,3.613,1.065
"2026-07-04 05:15",238.936,236.858,237.136,0.437,3.608,1.069
"2026-07-04 05:20",239.03,236.638,236.83,0.436,3.621,1.07
"2026-07-04 05:25",238.31,235.699,236.027,0.433,3.657,1.063
"2026-07-04 05:30",239.169,237.276,232.477,0.438,3.598,8.161
"2026-07-04 05:35",240.02,237.362,238.234,0.439,3.608,1.076
"2026-07-04 05:40",240.221,238.058,238.599,0.44,3.591,1.079
"2026-07-04 05:45",239.215,236.654,238.264,0.437,3.635,1.078
"2026-07-04 05:50",238.99,236.645,238.263,0.437,3.647,1.078
"2026-07-04 05:55",237.628,235.853,232.521,0.436,3.626,8.28
"2026-07-04 06:00",238.27,234.88,234.98,,,
"2026-07-04 06:05",238.914,233.9,237.433,0.438,3.675,1.069
"2026-07-04 06:10",236.042,234.836,236.512,0.432,3.641,1.061
"2026-07-04 06:15",238.44,235.839,236.367,0.437,3.636,1.063
"2026-07-04 06:20",238.173,237.867,233.408,0.44,3.593,8.092
"2026-07-04 06:25",243.712,239.361,241.091,0.456,4.552,1.093
"2026-07-04 06:30",236.434,235.283,234.229,0.437,3.712,1.046
"2026-07-04 06:35",240.687,236.573,237.996,0.448,3.587,1.074
"2026-07-04 06:40",238.94,235.494,237.033,0.443,3.637,1.067
"2026-07-04 06:45",238.624,235.019,236.587,0.441,3.639,1.068
"2026-07-04 06:50",237.926,235.926,232.235,0.441,3.618,8.414
"2026-07-04 06:55",240.747,237.585,238.575,0.442,3.599,1.079
"2026-07-04 07:00",236.773,234.913,235.698,0.433,3.121,1.06
"2026-07-04 07:05",238.641,235.034,236.55,0.439,3.457,1.074
"2026-07-04 07:10",236.594,236.846,236.792,0.432,3.436,1.074
"2026-07-04 07:15",239.344,235.902,231.742,0.442,3.443,8.258
"2026-07-04 07:20",240.603,238.772,239.244,0.439,3.328,1.081
"2026-07-04 07:25",236.13,233.785,232.723,0.428,3.396,1.05
"2026-07-04 07:30",239.253,237.893,238.944,0.435,3.223,1.084
"2026-07-04 07:35",238.201,235.041,236.3,0.433,3.108,1.069
"2026-07-04 07:40",237.513,236.085,236.623,0.431,3.066,1.071
"2026-07-04 07:45",237.637,236.183,231.861,0.434,3.127,8.135
"2026-07-04 07:50",238.428,236.826,237.154,0.432,3.044,1.072
"2026-07-04 07:55",240.676,238.777,239.434,0.437,2.766,1.088
"2026-07-04 08:00",238.142,235.955,236.616,0.426,2.844,1.083
"2026-07-04 08:05",240.071,236.628,232.675,0.435,2.573,8.551
"2026-07-04 08:10",238.645,236.075,236.804,0.433,2.795,1.068
"2026-07-04 08:15",237.571,237.437,237.307,0.429,3.331,1.073
"2026-07-04 08:20",237.975,236.596,235.312,0.431,3.421,1.059
"2026-07-04 08:25",239.548,236.135,238.166,0.434,3.154,1.08
"2026-07-04 08:30",238.065,236.629,232.579,0.431,2.653,8.373
"2026-07-04 08:35",239.798,238.514,239.244,0.436,2.643,1.087
"2026-07-04 08:40",241.123,239.418,239.589,0.439,2.732,1.096
"2026-07-04 08:45",238.022,236.853,236.195,0.433,2.755,1.076
"2026-07-04 08:50",239.024,239.053,238.439,0.433,2.68,1.087
"2026-07-04 08:55",237.264,237.235,231.628,0.43,3.093,8.176
"2026-07-04 09:00",238.854,238.188,237.77,0.434,2.692,1.082
"2026-07-04 09:05",236.92,236.211,235.439,0.432,2.839,1.069
"2026-07-04 09:10",237.573,236.636,235.441,0.43,2.674,1.066
"2026-07-04 09:15",239.377,238.208,232.412,0.433,3.14,8.436
"2026-07-04 09:20",239.57,239.155,239.383,0.433,2.96,1.084
"2026-07-04 09:25",241.604,239.717,239.64,0.44,2.803,1.09
"2026-07-04 09:30",242.768,241.343,241.402,0.443,2.142,1.107
"2026-07-04 09:35",236.384,238.586,231.651,0.436,1.526,8.515
"2026-07-04 09:40",239.12,238.189,238.813,0.439,1.973,1.091
"2026-07-04 09:45",237.927,236.481,235.854,0.432,2.911,1.075
"2026-07-04 09:50",238.111,236.911,237.542,0.431,2.919,1.083
"2026-07-04 09:55",237.473,236.056,236.055,0.433,2.622,1.073
"2026-07-04 10:00",239.182,237.503,233.449,0.442,1.747,8.482
"2026-07-04 10:05",237.037,238.648,237.463,0.434,1.713,1.078
"2026-07-04 10:10",236.746,239.364,231.725,0.441,1.522,8.338
"2026-07-04 10:15",240.416,236.902,235.938,0.442,1.315,1.078
"2026-07-04 10:20",239.76,239.345,239.357,0.433,2.353,1.096
"2026-07-04 10:25",237.957,237.047,231.627,0.433,2.086,8.374
"2026-07-04 10:30",238.206,237.847,237.076,0.431,0.563,1.085
"2026-07-04 10:35",236.109,238.005,235.606,0.431,0.568,1.082
"2026-07-04 10:40",239.223,238.066,232.308,0.443,1.668,8.413
"2026-07-04 10:45",239.984,238.056,237.948,0.44,1.347,1.098
"2026-07-04 10:50",240.502,238.307,238.223,0.441,1.258,1.094
"2026-07-04 10:55",240.866,237.738,232.759,0.443,1.655,8.319
"2026-07-04 11:00",240.002,237.189,238.686,0.435,2.292,1.092
"2026-07-04 11:05",238.716,238.528,238.494,0.432,2.857,1.094
"2026-07-04 11:10",236.559,235.851,236.656,0.425,3.327,1.077
"2026-07-04 11:15",236.96,236.862,236.265,0.426,2.925,1.07
"2026-07-04 11:20",239.138,236.843,232.902,0.436,2.812,8.285
"2026-07-04 11:25",236.233,235.831,235.238,0.434,1.922,1.064
"2026-07-04 11:30",237.446,237.795,236.603,0.435,1.067,1.081
"2026-07-04 11:35",239.771,239.122,233.465,0.449,1.299,8.417
"2026-07-04 11:40",241.05,240.878,239.539,0.438,0.579,1.111
"2026-07-04 11:45",238.61,237.519,236.616,0.439,1.866,1.093
"2026-07-04 11:50",234.421,233.985,227.715,0.429,1.842,8.151
"2026-07-04 11:55",239.758,238.15,237.657,0.434,1.169,1.099
"2026-07-04 12:00",239.37,238.59,235.14,,,
"2026-07-04 12:05",238.975,239.03,232.628,0.434,0.954,8.32
"2026-07-04 12:10",240.262,239.97,238.8,0.432,0.579,1.104
"2026-07-04 12:15",237.608,237.179,230.824,0.423,0.559,8.559
"2026-07-04 12:20",240.725,240.081,238.967,0.43,0.586,1.116
"2026-07-04 12:25",238.874,238.64,238.167,0.424,0.57,1.108
"2026-07-04 12:30",237.24,237.836,231.906,0.424,0.562,8.395
"2026-07-04 12:35",238.301,238.225,237.317,0.425,0.566,1.106
"2026-07-04 12:40",236.314,235.449,234.896,0.429,1.749,1.085
"2026-07-04 12:45",238.927,239.158,233.211,0.437,1.146,8.631
"2026-07-04 12:50",238.13,237.519,235.656,0.423,0.563,1.085
"2026-07-04 12:55",239.437,238.877,237.524,0.426,0.572,1.101
"2026-07-04 13:00",237.274,237.035,230.309,0.424,0.559,8.459
"2026-07-04 13:05",238.035,235.713,236.126,0.428,2.09,1.093
"2026-07-04 13:10",237.298,237.671,235.998,0.423,0.566,1.091
"2026-07-04 13:15",237.879,237.667,236.551,0.43,1.623,1.099
"2026-07-04 13:20",237.814,238.314,232.318,0.427,2.611,8.511
"2026-07-04 13:25",238.648,235.499,236.113,0.422,2.642,1.09
"2026-07-04 13:30",236.894,238.013,232.246,0.425,2.26,8.414
"2026-07-04 13:35",236.649,236.72,235.756,0.424,2.253,1.071
"2026-07-04 13:40",239.207,239.23,238.64,0.425,2.932,1.096
"2026-07-04 13:45",238.099,238.1,230.916,0.428,2.271,8.423
"2026-07-04 13:50",239.747,239.102,238.433,0.437,1.699,1.097
"2026-07-04 13:55",237.664,236.771,236.198,0.433,1.223,1.082
"2026-07-04 14:00",238.109,237.515,233.067,0.433,1.39,8.319
"2026-07-04 14:05",239.161,238.382,237.906,0.432,0.9,1.092
"2026-07-04 14:10",237.759,236.997,236.669,0.431,0.966,1.086
"2026-07-04 14:15",237.011,235.535,235.515,0.425,1.072,1.086
"2026-07-04 14:20",237.516,237.259,231.388,0.424,0.56,8.357
"2026-07-04 14:25",239.708,240.114,238.518,0.428,0.576,1.102
"2026-07-04 14:30",237.986,238.645,237.121,0.426,0.575,1.094
"2026-07-04 14:35",238.62,239.174,232.562,0.428,0.575,8.47
"2026-07-04 14:40",237.568,236.446,235.598,0.431,1.831,1.088
"2026-07-04 14:45",234.971,234.532,229.381,0.432,1.497,8.399
"2026-07-04 14:50",240.222,238.686,238.371,0.44,1.242,1.106
"2026-07-04 14:55",239.197,238.216,238.01,0.431,1.444,1.101
"2026-07-04 15:00",240.229,239.733,234.01,0.437,1.371,8.494
"2026-07-04 15:05",240.135,239.272,238.224,0.435,1.399,1.1
"2026-07-04 15:10",236.756,235.179,234.896,0.427,1.909,1.075
"2026-07-04 15:15",237.534,237.264,232.296,0.426,2.33,8.565
"2026-07-04 15:20",237.117,236.676,236.234,0.422,2.476,1.085
"2026-07-04 15:25",238.557,238.45,237.81,0.428,2.02,1.097
"2026-07-04 15:30",237.961,238.07,237.942,0.426,2.605,1.095
"2026-07-04 15:35",237.41,236.865,231.646,0.423,3.145,8.301
"2026-07-04 15:40",240.054,239.472,239.518,0.427,3.364,1.097
"2026-07-04 15:45",239.372,237.091,236.827,0.43,3.585,1.076
"2026-07-04 15:50",236.962,234.594,229.988,0.427,3.504,8.113
"2026-07-04 15:55",238.914,236.222,235.676,0.431,3.512,1.07
"2026-07-04 16:00",239.278,236.219,236.271,0.432,3.586,1.065
"2026-07-04 16:05",240.625,237.807,238.013,0.436,3.556,1.079
"2026-07-04 16:10",236.317,234.188,229.589,0.427,3.623,8.11
"2026-07-04 16:15",238.151,235.886,236.461,0.427,3.558,1.073
"2026-07-04 16:20",237.92,236.448,237.894,0.425,3.409,1.09
"2026-07-04 16:25",240.812,238.649,239.016,0.434,3.389,1.088
"2026-07-04 16:30",236.834,236.359,236.984,0.425,3.437,1.075
"2026-07-04 16:35",237.314,236.872,222.313,0.426,3.406,7.175
"2026-07-04 16:40",238.679,238.719,233.134,0.432,3.267,1.106
"2026-07-04 16:45",236.596,235.414,237.272,0.427,3.24,1.074
"2026-07-04 16:50",241.569,240.455,242.268,0.438,3.119,1.094
"2026-07-04 16:55",237.288,235.443,234.78,0.429,3.178,1.052
"2026-07-04 17:00",238.922,237.921,235.098,0.437,3.176,8.566
"2026-07-04 17:05",237.533,236.481,235.636,0.431,3.203,1.05
"2026-07-04 17:10",238.577,236.459,237.043,0.432,3.236,1.064
"2026-07-04 17:15",239.769,236.917,237.936,0.479,3.601,1.067
"2026-07-04 17:20",239.018,237.573,237.96,0.433,3.373,1.071
"2026-07-04 17:25",238.795,237.505,232.809,0.436,3.393,8.187
"2026-07-04 17:30",240.186,238.543,239.045,0.437,3.45,1.078
"2026-07-04 17:35",239.729,237.111,237.15,0.436,3.469,1.066
"2026-07-04 17:40",238.459,235.144,235.582,0.431,3.518,1.053
"2026-07-04 17:45",237.615,235.425,231.07,0.43,3.533,8.243
"2026-07-04 17:50",239.647,235.787,237.712,0.48,3.585,1.063
"2026-07-04 17:55",239.644,235.78,237.816,0.477,3.586,1.071
"2026-07-04 18:00",239.4,236.46,236.23,,,
"2026-07-04 18:05",239.15,237.15,234.65,,,
"2026-07-04 18:10",238.898,237.829,233.066,0.474,3.588,8.189
"2026-07-04 18:15",238.7,237.21,234.75,,,
"2026-07-04 18:20",238.506,236.588,236.429,0.47,3.632,1.057
"2026-07-04 18:25",239.128,237.335,237.173,0.473,3.6,1.066
"2026-07-04 18:30",240.552,236.08,236.799,0.475,3.624,1.058
"2026-07-04 18:35",237.683,236.258,233.074,0.472,3.617,8.164
"2026-07-04 18:40",237.158,235.149,237.088,0.471,3.634,1.058
"2026-07-04 18:45",239.065,236.88,239.049,0.474,3.614,1.072
"2026-07-04 18:50",237.759,235.642,236.513,0.47,3.618,1.058
"2026-07-04 18:55",237.775,235.456,231.837,0.47,3.628,8.283
"2026-07-04 19:00",240.875,239.087,239.954,0.476,3.58,1.077
"2026-07-04 19:05",236.411,234.058,234.882,0.467,3.653,1.046
"2026-07-04 19:10",235.618,232.559,233.143,0.465,3.692,1.035
"2026-07-04 19:15",239.446,237.281,238.708,0.472,3.603,1.073
"2026-07-04 19:20",236.927,235.614,231.826,0.468,3.617,8.301
"2026-07-04 19:25",236.207,234.421,235.768,0.466,3.646,1.06
"2026-07-04 19:30",238.572,237.091,237.595,0.467,3.63,1.065
"2026-07-04 19:35",237.49,234.806,235.725,0.467,3.627,1.057
"2026-07-04 19:40",237.672,235.14,235.511,0.47,3.666,1.052
"2026-07-04 19:45",239.395,237.33,233.214,0.474,3.602,8.252
"2026-07-04 19:50",239.117,236.218,237.108,0.471,3.616,1.068
"2026-07-04 19:55",239.773,236.965,237.647,0.47,3.61,1.069
"2026-07-04 20:00",239.963,237.574,239.022,0.473,3.606,1.076
"2026-07-04 20:05",237.886,235.302,235.706,0.468,3.637,1.055
"2026-07-04 20:10",237.143,234.837,230.151,0.47,3.638,8.006
"2026-07-04 20:15",235.314,232.917,233.304,0.462,3.662,1.034
"2026-07-04 20:20",236.484,234.228,234.362,0.464,3.637,1.045
"2026-07-04 20:25",238.364,235.156,236.098,0.468,3.63,1.057
"2026-07-04 20:30",238.473,235.359,236.446,0.468,3.631,1.062
"2026-07-04 20:35",236.481,233.916,229.481,0.464,3.644,7.954
"2026-07-04 20:40",238.19,234.037,233.525,0.467,3.649,1.038
"2026-07-04 20:45",238.833,234.582,234.461,0.469,3.637,1.045
"2026-07-04 20:50",239.557,235.509,235.429,0.47,3.627,1.057
"2026-07-04 20:55",238.628,234.714,234.897,0.469,3.669,1.049
"2026-07-04 21:00",236.819,235.107,230.623,0.466,3.652,8.076
"2026-07-04 21:05",238.625,235.409,235.466,0.468,3.629,1.052
"2026-07-04 21:10",237.503,233.592,234.248,0.464,3.648,1.046
"2026-07-04 21:15",237.167,232.649,233.552,0.466,3.66,1.041
"2026-07-04 21:20",236.8,233.027,232.508,0.464,3.665,1.035
"2026-07-04 21:25",232.796,228.894,224.199,0.459,3.706,7.907
"2026-07-04 21:30",232.191,227.855,227.186,0.456,3.729,0.991
"2026-07-04 21:35",235.192,230.668,230.493,0.461,3.693,1.016
"2026-07-04 21:40",236.139,231.746,231.057,0.463,3.682,1.019
"2026-07-04 21:45",236.761,232.262,231.75,0.463,3.692,1.027
"2026-07-04 21:50",234.318,230.413,225.169,0.461,3.685,8.052
"2026-07-04 21:55",238.075,232.852,232.696,0.465,3.652,1.034
"2026-07-04 22:00",238.723,234.51,234.358,0.469,3.641,1.046
"2026-07-04 22:05",238.289,233.658,233.509,0.467,3.654,1.04
"2026-07-04 22:10",236.977,232.713,232.742,0.466,3.668,1.038
"2026-07-04 22:15",236.701,231.455,231.538,0.465,3.692,1.03
"2026-07-04 22:20",233.071,228.57,224.067,0.459,3.738,7.725
"2026-07-04 22:25",233.497,228.686,229.04,0.456,3.72,1.003
"2026-07-04 22:30",233.207,228.219,228.4,0.458,3.718,0.999
"2026-07-04 22:35",233.869,229.034,228.037,0.459,3.715,1.005
"2026-07-04 22:40",231.936,227.633,222.631,0.456,3.722,7.925
"2026-07-04 22:45",231.33,226.188,225.986,0.455,3.751,0.981
"2026-07-04 22:50",233.311,228.137,228.071,0.458,3.725,0.997
"2026-07-04 22:55",231.908,226.48,226.704,0.455,3.753,0.99
"2026-07-04 23:00",237.327,232.981,233.229,0.465,3.657,1.036
"2026-07-04 23:05",237.351,233.55,229.106,0.47,3.637,7.976
"2026-07-04 23:10",238.111,233.974,234.162,0.47,3.667,1.047
"2026-07-04 23:15",239.083,235.496,235.472,0.469,3.625,1.056
"2026-07-04 23:20",239.051,234.41,234.791,0.472,3.63,1.052
"2026-07-04 23:25",239.711,235.871,236.408,0.475,3.625,1.062
"2026-07-04 23:30",238.665,236.079,236.56,0.465,3.619,1.065
"2026-07-04 23:35",238.893,236.322,231.957,0.474,3.631,8.191
"2026-07-04 23:40",239.342,236.59,237.451,0.472,3.622,1.073
"2026-07-04 23:45",239.246,236.47,237.067,0.472,3.614,1.067
"2026-07-04 23:50",238.423,235.527,236.592,0.47,3.625,1.065
"2026-07-04 23:55",238.536,235.863,236.221,0.471,3.642,1.066
"2026-07-05 00:00",239.04,235.91,236.46,,,
"2026-07-05 00:05",239.55,235.947,236.7,0.473,3.624,1.054
"2026-07-05 00:10",239.362,235.762,236.584,0.472,3.625,1.054
"2026-07-05 00:15",239.463,236.455,237.337,0.473,3.621,1.068
"2026-07-05 00:20",238.256,236.922,237.296,0.471,3.642,1.069
"2026-07-05 00:25",239.224,238.062,233.984,0.474,3.591,8.24
"2026-07-05 00:30",240.183,237.977,238.625,0.476,3.606,1.065
"2026-07-05 00:35",238.374,236.32,236.603,0.473,3.624,1.057
"2026-07-05 00:40",238.809,236.94,237.491,0.472,3.608,1.064
"2026-07-05 00:45",241.482,239.352,239.513,0.476,3.573,1.079
"2026-07-05 00:50",237.936,235.587,236.433,0.468,3.624,1.055
"2026-07-05 00:55",240.36,238.608,233.785,0.477,3.58,8.265
"2026-07-05 01:00",238.89,237.476,237.594,0.474,3.605,1.053
"2026-07-05 01:05",238.151,236.604,236.756,0.472,3.608,1.058
"2026-07-05 01:10",238.826,237.574,237.474,0.472,3.601,1.063
"2026-07-05 01:15",239.167,237.428,237.864,0.475,3.608,1.068
"2026-07-05 01:20",237.952,236.78,231.979,0.474,3.604,8.298
"2026-07-05 01:25",237.057,235.599,235.851,0.473,3.616,1.057
"2026-07-05 01:30",237.705,236.457,236.852,0.471,3.62,1.06
"2026-07-05 01:35",239.206,237.803,237.957,0.474,3.615,1.07
"2026-07-05 01:40",238.758,237.325,237.906,0.473,3.631,1.069
"2026-07-05 01:45",237.941,237.47,232.266,0.474,3.598,8.361
"2026-07-05 01:50",238.652,237.037,237.149,0.474,3.608,1.062
"2026-07-05 01:55",238.141,236.56,236.53,0.475,3.605,1.06
"2026-07-05 02:00",238.803,237.69,237.854,0.475,3.601,1.069
"2026-07-05 02:05",237.157,235.437,237.906,0.473,3.648,1.071
"2026-07-05 02:10",236.334,235.546,232.467,0.475,3.64,7.906
"2026-07-05 02:15",238.005,236.835,238.147,0.477,3.602,1.07
"2026-07-05 02:20",238.121,235.585,235.831,0.473,3.622,1.057
"2026-07-05 02:25",237.304,234.946,234.918,0.473,3.622,1.051
"2026-07-05 02:30",238.248,235.933,235.581,0.476,3.625,1.054
"2026-07-05 02:35",238.219,236.028,235.73,0.475,3.65,1.055
"2026-07-05 02:40",239.904,238.011,232.867,0.481,3.586,8.255
"2026-07-05 02:45",240.579,238.232,238.133,0.479,3.587,1.053
"2026-07-05 02:50",238.302,236.021,236.33,0.474,3.617,1.056
"2026-07-05 02:55",239.36,235.984,237.276,0.48,3.633,1.069
"2026-07-05 03:00",239.399,238.518,238.488,0.483,3.591,1.077
"2026-07-05 03:05",237.564,235.817,231.944,0.478,3.621,7.784
"2026-07-05 03:10",236.337,234.541,234.562,0.475,3.635,1.049
"2026-07-05 03:15",240.82,237.816,238.639,0.482,3.596,1.075
"2026-07-05 03:20",240.035,237.678,238.23,0.48,3.603,1.075
"2026-07-05 03:25",240.203,238.323,238.859,0.481,3.593,1.079
"2026-07-05 03:30",236.36,236.335,236.657,0.475,3.649,1.066
"2026-07-05 03:35",236.881,236.814,231.446,0.479,3.605,8.338
"2026-07-05 03:40",237.05,236.435,236.41,0.477,3.616,1.055
"2026-07-05 03:45",237.343,236.375,236.676,0.478,3.616,1.058
"2026-07-05 03:50",238.235,235.778,236.26,0.48,3.617,1.06
"2026-07-05 03:55",238.092,236.31,236.745,0.48,3.612,1.063
"2026-07-05 04:00",238.084,236.258,236.438,0.479,3.645,1.061
"2026-07-05 04:05",236.241,234.84,229.947,0.474,3.626,8.003
"2026-07-05 04:10",237.66,236.154,235.972,0.476,3.625,1.052
"2026-07-05 04:15",238.795,236.001,237.021,0.477,3.623,1.063
"2026-07-05 04:20",240.121,237.09,237.758,0.477,3.606,1.07
"2026-07-05 04:25",239.781,236.733,237.306,0.473,3.638,1.07
"2026-07-05 04:30",239.625,236.848,233.389,0.47,3.605,8.172
"2026-07-05 04:35",239.363,235.908,237.466,0.465,3.629,1.059
"2026-07-05 04:40",241.276,237.921,239.893,0.467,3.598,1.083
"2026-07-05 04:45",236.674,234.101,236.119,0.457,3.629,1.057
"2026-07-05 04:50",238.087,236.848,237.178,0.459,3.605,1.066
"2026-07-05 04:55",238.197,237.032,237.21,0.457,3.64,1.067
"2026-07-05 05:00",237.565,236.846,231.973,0.455,3.605,8.329
"2026-07-05 05:05",237.268,235.835,235.798,0.451,3.626,1.05
"2026-07-05 05:10",238.436,237.714,237.691,0.449,3.61,1.065
"2026-07-05 05:15",237.733,236.735,236.582,0.445,3.611,1.065
"2026-07-05 05:20",238.258,237.247,237.196,0.445,3.606,1.061
"2026-07-05 05:25",239.121,238.024,238.111,0.45,3.6,1.064
"2026-07-05 05:30",238.817,237.32,230.661,0.448,3.594,8.039
"2026-07-05 05:35",238.449,236.866,234.698,0.445,3.619,1.038
"2026-07-05 05:40",238.957,236.169,236.561,0.445,3.622,1.055
"2026-07-05 05:45",238.855,235.807,236.02,0.443,3.647,1.048
"2026-07-05 05:50",238.959,236.253,236.793,0.442,3.644,1.055
"2026-07-05 05:55",238.146,235.783,231.172,0.442,3.624,8.156
"2026-07-05 06:00",238.75,236.32,234.69,,,
"2026-07-05 06:05",239.36,236.859,238.212,0.441,3.64,1.062
"2026-07-05 06:10",240.216,237.438,239.545,0.441,3.601,1.074
"2026-07-05 06:15",240.23,236.81,235.994,0.44,3.619,1.048
"2026-07-05 06:20",239.538,235.9,235.924,0.438,3.627,1.04
"2026-07-05 06:25",239.326,236.985,231.579,0.444,3.541,8.122
"2026-07-05 06:30",235.432,233.875,234.268,0.431,3.713,1.167
"2026-07-05 06:35",239.151,237.432,237.934,0.441,3.564,1.164
"2026-07-05 06:40",238.537,236.615,237.181,0.44,3.807,1.23
"2026-07-05 06:45",239.285,237.182,237.589,0.44,3.465,1.217
"2026-07-05 06:50",238.857,237.489,232.664,0.442,3.603,8.358
"2026-07-05 06:55",238.96,237.638,237.975,0.44,3.623,1.227
"2026-07-05 07:00",239.249,237.893,238.567,0.439,3.602,1.234
"2026-07-05 07:05",238.713,237.245,237.957,0.438,3.614,1.224
"2026-07-05 07:10",239.117,237.801,238.148,0.438,3.613,1.228
"2026-07-05 07:15",238.29,236.863,237.656,0.438,3.622,1.156
"2026-07-05 07:20",238.281,235.125,231.538,0.438,3.627,8.143
"2026-07-05 07:25",238.376,238.899,239.153,0.443,3.098,1.235
"2026-07-05 07:30",238.274,237.318,236.918,0.438,3.303,1.203
"2026-07-05 07:35",239.229,235.982,236.453,0.439,3.432,1.204
"2026-07-05 07:40",239.616,236.368,236.96,0.439,3.461,1.223
"2026-07-05 07:45",239.048,236.514,231.659,0.439,3.257,8.334
"2026-07-05 07:50",239.803,236.706,236.09,0.436,3.099,1.214
"2026-07-05 07:55",239.357,236.769,236.483,0.436,3.015,1.217
"2026-07-05 08:00",239.487,236.73,236.625,0.435,2.941,1.224
"2026-07-05 08:05",239.066,236.425,236.286,0.434,3.034,1.152
"2026-07-05 08:10",239.065,236.887,231.918,0.436,2.86,8.447
"2026-07-05 08:15",238.954,236.141,236.297,0.434,2.599,1.206
"2026-07-05 08:20",240.379,237.587,237.606,0.437,2.626,1.226
"2026-07-05 08:25",238.299,235.935,234.961,0.431,2.636,1.21
"2026-07-05 08:30",237.679,236.815,231.496,0.433,2.794,8.403
"2026-07-05 08:35",238.454,236.154,238.15,0.432,2.981,1.225
"2026-07-05 08:40",238.062,236.196,238.002,0.433,2.798,1.16
"2026-07-05 08:45",240.41,237.277,235.697,0.439,2.6,1.198
"2026-07-05 08:50",239.886,236.841,236.085,0.437,2.603,1.209
"2026-07-05 08:55",239.251,237.028,231.842,0.438,2.585,8.259
"2026-07-05 09:00",239.512,237.017,236.883,0.435,2.754,1.207
"2026-07-05 09:05",238.098,236.36,236.253,0.432,2.483,1.183
"2026-07-05 09:10",239.142,237.466,237.768,0.436,2.509,1.221
"2026-07-05 09:15",237.696,236.516,231.408,0.433,2.52,8.482
"2026-07-05 09:20",239.196,236.908,237.371,0.433,2.775,1.211
"2026-07-05 09:25",238.578,237.031,237.064,0.432,2.5,1.218
"2026-07-05 09:30",239.401,237.766,238.041,0.436,2.341,1.232
"2026-07-05 09:35",240.062,238.312,238.516,0.437,2.387,1.232
"2026-07-05 09:40",239.383,237.856,232.949,0.438,2.427,8.449
"2026-07-05 09:45",239.756,237.722,237.791,0.437,2.431,1.191
"2026-07-05 09:50",238.918,237.187,237.137,0.437,2.059,1.224
"2026-07-05 09:55",238.063,236.865,236.377,0.434,2.01,1.218
"2026-07-05 10:00",239.329,238.936,233.745,0.441,2.042,8.446
"2026-07-05 10:05",239.714,238.856,238.5,0.443,1.765,1.23
"2026-07-05 10:10",238.747,238.297,237.929,0.439,1.453,1.218
"2026-07-05 10:15",237.774,236.839,236.657,0.433,1.91,1.233
"2026-07-05 10:20",237.948,238.259,232.612,0.437,2.073,8.323
"2026-07-05 10:25",239.475,239.134,238.653,0.436,2.232,1.234
"2026-07-05 10:30",240.586,240.182,239.319,0.441,2.208,1.245
"2026-07-05 10:35",238.966,238.909,232.841,0.443,2.092,8.397
"2026-07-05 10:40",238.914,238.886,237.383,0.44,1.682,1.231
"2026-07-05 10:45",239.364,239.738,237.881,0.439,1.199,1.232
"2026-07-05 10:50",237.838,238.925,231.735,0.428,0.735,8.39
"2026-07-05 10:55",238.274,238.952,237.238,0.427,0.581,1.222
"2026-07-05 11:00",238.615,239.433,237.276,0.429,0.587,1.195
"2026-07-05 11:05",238.029,239.202,231.649,0.429,0.578,8.538
"2026-07-05 11:10",238.034,238.476,236.547,0.433,1.415,1.208
"2026-07-05 11:15",238.212,238.94,236.728,0.424,0.731,1.246
"2026-07-05 11:20",239.744,240.844,233.639,0.434,0.881,8.642
"2026-07-05 11:25",239.781,239.411,238.525,0.43,0.593,1.238
"2026-07-05 11:30",239.387,239.095,238.227,0.427,0.578,1.237
"2026-07-05 11:35",238.98,238.734,237.825,0.426,0.585,1.239
"2026-07-05 11:40",237.504,237.44,231.358,0.424,0.566,8.502
"2026-07-05 11:45",237.766,236.404,236.069,0.432,1.602,1.23
"2026-07-05 11:50",239.561,241.63,233.696,0.432,0.588,8.67
"2026-07-05 11:55",239.28,239.421,237.521,0.46,1.887,1.237
"2026-07-05 12:00",238.91,239.95,235.22,,,
"2026-07-05 12:05",238.538,240.471,232.914,0.428,0.587,8.639
"2026-07-05 12:10",238.789,240.09,237.564,0.428,0.578,1.241
"2026-07-05 12:15",237.838,239.62,232.175,0.429,0.572,8.647
"2026-07-05 12:20",237.751,239.097,236.914,0.427,0.578,1.232
"2026-07-05 12:25",238.524,239.604,237.006,0.424,0.578,1.242
"2026-07-05 12:30",238.92,239.42,235.02,,,
"2026-07-05 12:35",239.306,239.23,233.033,0.442,1.983,8.633
"2026-07-05 12:40",239.919,239.655,238.793,0.441,1.525,1.235
"2026-07-05 12:45",239.732,239.887,232.238,0.435,0.776,8.694
"2026-07-05 12:50",239.046,239.43,237.283,0.431,0.578,1.238
"2026-07-05 12:55",239.326,239.661,237.436,0.431,0.577,1.251
"2026-07-05 13:00",237.268,237.357,235.197,0.427,0.57,1.18
"2026-07-05 13:05",236.53,236.871,231.124,0.426,0.562,8.546
"2026-07-05 13:10",238.001,237.854,232.966,0.429,0.57,8.94
"2026-07-05 13:15",237.02,237.305,232.123,0.427,0.563,8.612
"2026-07-05 13:20",238.268,238.156,237.757,0.436,1.118,1.245
"2026-07-05 13:25",237.44,236.428,231.677,0.428,2.076,8.623
"2026-07-05 13:30",240.219,238.661,239.548,0.439,2.006,1.249
"2026-07-05 13:35",239.437,238.643,238.338,0.439,1.73,1.241
"2026-07-05 13:40",237.194,237.805,231.939,0.427,0.563,8.561
"2026-07-05 13:45",236.772,236.94,236.094,0.423,0.564,1.248
"2026-07-05 13:50",238.833,239.134,231.342,0.432,0.571,8.762
"2026-07-05 13:55",237.608,237.06,235.494,0.424,0.56,1.2
"2026-07-05 14:00",238.895,240.494,238.193,0.43,0.578,1.234
"2026-07-05 14:05",235.784,238.266,231.109,0.424,0.567,8.64
"2026-07-05 14:10",237.626,237.628,237.126,0.431,1.997,1.241
"2026-07-05 14:15",237.255,237.222,231.799,0.429,2.352,8.574
"2026-07-05 14:20",237.541,237.031,236.87,0.427,2.694,1.214
"2026-07-05 14:25",236.801,235.992,235.876,0.425,2.619,1.231
"2026-07-05 14:30",236.852,235.186,230.301,0.425,2.718,8.525
"2026-07-05 14:35",237.89,237.68,237.597,0.426,2.752,1.234
"2026-07-05 14:40",237.75,237.407,237.231,0.432,2.043,1.227
"2026-07-05 14:45",237.29,237.527,232.221,0.432,2.185,8.723
"2026-07-05 14:50",238.111,239.036,233.342,0.43,0.569,8.751
"2026-07-05 14:55",238.984,239.767,238.838,0.434,0.611,1.26
"2026-07-05 15:00",238.692,239.395,233.238,0.433,0.573,8.696
"2026-07-05 15:05",239.565,238.852,237.122,0.435,0.581,1.222
"2026-07-05 15:10",238.616,238.581,231.851,0.432,0.609,8.626
"2026-07-05 15:15",242.357,242.223,240.87,0.447,0.595,1.262
"2026-07-05 15:20",236.677,236.326,230.668,0.428,0.56,8.634
"2026-07-05 15:25",237.693,237.317,236.157,0.428,0.569,1.217
"2026-07-05 15:30",237.43,237.816,231.511,0.43,0.564,8.625
"2026-07-05 15:35",239.456,239.083,238.206,0.433,0.579,1.247
"2026-07-05 15:40",239.08,238.784,233.008,0.436,0.573,8.643
"2026-07-05 15:45",238.272,237.825,237.101,0.429,0.568,1.232
"2026-07-05 15:50",238.812,238.464,237.665,0.431,0.584,1.248
"2026-07-05 15:55",237.512,236.78,235.809,0.426,0.565,1.228
"2026-07-05 16:00",239.152,239.914,233.228,0.433,0.576,8.786
"2026-07-05 16:05",239.482,237.848,231.729,0.436,2.688,8.642
"2026-07-05 16:10",239.563,237.569,236.354,0.434,2.566,1.228
"2026-07-05 16:15",239.973,239.285,232.381,0.442,1.25,8.61
"2026-07-05 16:20",239.811,238.367,232.502,0.437,2.45,8.591
"2026-07-05 16:25",240.511,238.719,237.786,0.437,2.376,1.236
"2026-07-05 16:30",239.198,237.134,236.155,0.433,2.491,1.207
"2026-07-05 16:35",238.417,237.12,230.869,0.435,2.303,8.63
"2026-07-05 16:40",240.244,238.262,237.113,0.437,2.712,1.226
"2026-07-05 16:45",238.993,236.683,235.852,0.432,3.108,1.216
"2026-07-05 16:50",241.23,238.961,238.119,0.437,3.083,1.242
"2026-07-05 16:55",239.55,236.741,231.614,0.436,3.127,8.749
"2026-07-05 17:00",239.05,235.836,231.326,0.432,3.248,8.562
"2026-07-05 17:05",238.367,235.096,230.802,0.429,3.243,8.37
"2026-07-05 17:10",241.078,237.063,237.768,0.436,3.274,1.23
"2026-07-05 17:15",240.426,236.45,236.999,0.433,3.293,1.153
"2026-07-05 17:20",238.64,236.29,237.716,0.431,3.295,7.248
"2026-07-05 17:25",238.506,236.718,232.832,0.433,3.306,8.598
"2026-07-05 17:30",239.465,237.062,238.591,0.433,3.347,1.235
"2026-07-05 17:35",239.49,237.533,233.76,0.435,3.308,8.655
"2026-07-05 17:40",238.615,236.761,233.582,0.433,3.34,8.652
"2026-07-05 17:45",239.406,237.112,238.582,0.433,3.338,1.244
"2026-07-05 17:50",238.244,235.962,237.741,0.429,3.325,1.23
"2026-07-05 17:55",238.852,237.086,233.149,0.434,3.351,8.694
"2026-07-05 18:00",239.22,237.24,235.94,,,
"2026-07-05 18:05",239.59,237.404,238.732,0.432,3.538,1.137
"2026-07-05 18:10",239.073,236.795,232.219,0.429,3.597,8.554
"2026-07-05 18:15",237.946,236.105,232.242,0.426,3.619,8.53
"2026-07-05 18:20",237.947,236.404,237.366,0.424,3.631,1.235
"2026-07-05 18:25",237.679,236.38,237.502,0.424,3.62,1.236
"2026-07-05 18:30",238.438,238.417,232.327,0.427,3.603,8.643
"2026-07-05 18:35",238.126,235.192,236.278,0.423,3.634,1.219
"2026-07-05 18:40",236.913,236.3,236.709,0.421,3.622,1.227
"2026-07-05 18:45",237.774,235.74,234.412,0.422,3.633,1.219
"2026-07-05 18:50",237.72,235.237,229.537,0.426,3.615,8.317
"2026-07-05 18:55",237.893,235.552,236.13,0.425,3.65,1.229
"2026-07-05 19:00",238.518,235.582,236.509,0.424,3.624,1.157
"2026-07-05 19:05",237.169,235.975,235.861,0.421,3.617,8.293
"2026-07-05 19:10",236.616,235.306,230.061,0.422,3.615,1.545
"2026-07-05 19:15",238.142,235.845,237.084,0.425,3.645,1.222
"2026-07-05 19:20",237.899,235.089,236.249,0.427,3.635,1.205
"2026-07-05 19:25",237.038,234.417,235.527,0.426,3.639,1.218
"2026-07-05 19:30",240.243,237.578,238.613,0.433,3.599,1.239
"2026-07-05 19:35",237.608,236.552,231.579,0.431,3.628,8.313
"2026-07-05 19:40",238.076,236.307,236.379,0.428,3.645,1.211
"2026-07-05 19:45",237.105,235.072,234.788,0.426,3.631,1.207
"2026-07-05 19:50",237.431,234.872,234.813,0.426,3.638,1.202
"2026-07-05 19:55",235.551,232.958,229.265,0.425,3.639,8.382
"2026-07-05 20:00",240.672,235.923,236.517,0.434,3.625,1.218
"2026-07-05 20:05",239.341,234.631,234.853,0.432,3.639,1.207
"2026-07-05 20:10",239.196,234.982,235.589,0.432,3.66,1.215
"2026-07-05 20:15",237.935,233.996,229.422,0.432,3.644,8.109
"2026-07-05 20:20",237.93,233.869,234.058,0.427,3.654,1.177
"2026-07-05 20:25",237.786,233.614,233.023,0.429,3.67,1.184
"2026-07-05 20:30",232.586,228.725,227.518,0.415,3.728,1.15
"2026-07-05 20:35",231.972,228.142,222.303,0.417,3.721,7.77
"2026-07-05 20:40",231.84,227.595,226.262,0.414,3.74,0.704
"2026-07-05 20:45",232.82,228.401,227.081,0.418,3.732,1.124
"2026-07-05 20:50",232.77,228.249,227.644,0.416,3.727,1.15
"2026-07-05 20:55",234.068,229.362,228.233,0.419,3.706,1.157
"2026-07-05 21:00",230.596,226.873,221.012,0.412,3.776,7.86
"2026-07-05 21:05",226.286,222.33,220.41,0.403,3.814,1.089
"2026-07-05 21:10",227.456,222.382,221.026,0.404,3.815,1.106
"2026-07-05 21:15",223.835,219.076,217.942,0.398,3.86,1.063
"2026-07-05 21:20",227.672,223.253,221.273,0.405,3.813,1.108
"2026-07-05 21:25",228.487,224.053,218.386,0.408,3.787,7.691
"2026-07-05 21:30",229.688,224.85,223.084,0.408,3.786,1.12
"2026-07-05 21:35",228.841,223.993,221.93,0.405,3.788,1.106
"2026-07-05 21:40",225.762,220.208,218.479,0.401,3.854,1.08
"2026-07-05 21:45",221.498,215.714,213.095,0.394,3.945,1.026
"2026-07-05 21:50",221.477,216.715,209.853,0.394,3.904,7.859
"2026-07-05 21:55",221.826,216.373,214.256,0.394,3.918,1.037
"2026-07-05 22:00",220.406,214.647,212.521,0.392,3.94,1.018
"2026-07-05 22:05",220.732,214.926,212.929,0.392,3.936,1.032
"2026-07-05 22:10",219.023,213.9,211.491,0.389,3.948,1.023
"2026-07-05 22:15",217.86,212.502,206.055,0.388,4.006,7.687
"2026-07-05 22:20",217.759,212.31,209.546,0.386,3.991,1.005
"2026-07-05 22:25",215.271,209.309,207.612,0.383,4.042,1.004
"2026-07-05 22:30",214.653,209.193,206.384,0.382,4.047,0.99
"2026-07-05 22:35",212.647,207.437,200.828,0.381,4.066,7.892
"2026-07-05 22:40",212.78,207.139,205.122,0.38,4.068,0.905
"2026-07-05 22:45",216.187,210.722,208.9,0.384,4.015,1.007
"2026-07-05 22:50",214.551,209.068,207.312,0.383,4.009,1.003
"2026-07-05 22:55",212.744,206.658,206.731,0.38,4.062,0.993
"2026-07-05 23:00",213.033,207.092,201.539,0.382,4.048,7.88
"2026-07-05 23:05",216.074,210.04,208.083,0.385,4.009,0.971
"2026-07-05 23:10",216.914,211.342,209.538,0.386,4.005,1.008
"2026-07-05 23:15",217.768,211.918,210.538,0.387,3.988,1.034
"2026-07-05 23:20",219.272,212.553,211.809,0.388,3.979,1.016
"2026-07-05 23:25",219.911,214.214,208.788,0.39,3.955,7.585
"2026-07-05 23:30",221.675,215.728,214.334,0.392,3.928,1.05
"2026-07-05 23:35",223.529,217.145,216.306,0.395,3.903,1.058
"2026-07-05 23:40",219.715,213.535,212.519,0.39,3.943,1.046
"2026-07-05 23:45",210.37,204.989,200.099,0.377,4.096,7.966
"2026-07-05 23:50",220.836,215.228,213.497,0.392,3.926,1.041
"2026-07-05 23:55",227.45,222.265,222.359,0.405,3.817,1.103
"2026-07-06 00:00",227.49,222.24,222.08,,,
"2026-07-06 00:05",227.532,222.215,221.798,0.403,3.825,1.105
"2026-07-06 00:10",223.24,218.159,217.48,0.396,3.887,1.083
"2026-07-06 00:15",226.617,222.186,216.434,0.403,3.832,7.784
"2026-07-06 00:20",229.214,224.364,223.384,0.408,3.793,1.097
"2026-07-06 00:25",227.301,222.348,221.86,0.405,3.812,1.105
"2026-07-06 00:30",228.539,223.831,222.854,0.407,3.79,1.117
"2026-07-06 00:35",229.417,224.42,223.73,0.407,3.789,1.093
"2026-07-06 00:40",230.27,225.422,225.087,0.412,3.785,1.099
"2026-07-06 00:45",231.337,226.779,221.735,0.416,3.773,7.845
"2026-07-06 00:50",233.127,228.004,227.672,0.417,3.725,1.145
"2026-07-06 00:55",231.476,227.059,226.416,0.414,3.744,1.135
"2026-07-06 01:00",232.653,228.281,228.064,0.418,3.724,1.153
"2026-07-06 01:05",230.012,225.432,224.948,0.411,3.774,1.125
"2026-07-06 01:10",228.9,224.41,219.497,0.409,3.78,7.967
"2026-07-06 01:15",238.693,233.406,233.682,0.433,3.688,1.186
"2026-07-06 01:20",234.284,229.452,229.418,0.425,3.709,1.137
"2026-07-06 01:25",235.453,230.384,230.575,0.427,3.705,1.173
"2026-07-06 01:30",234.363,229.493,229.211,0.423,3.728,1.175
"2026-07-06 01:35",237.16,232.357,232.203,0.429,3.693,1.186
"2026-07-06 01:40",235.881,231.724,226.804,0.43,3.667,8.111
"2026-07-06 01:45",236.675,232.523,232.318,0.428,3.668,1.185
"2026-07-06 01:50",236.525,231.838,232.034,0.428,3.676,1.163
"2026-07-06 01:55",237.25,232.71,232.32,0.431,3.661,1.188
"2026-07-06 02:00",237.042,232.188,232.155,0.431,3.675,1.15
"2026-07-06 02:05",236.609,232.633,227.341,0.43,3.668,8.127
"2026-07-06 02:10",235.063,229.877,229.54,0.426,3.732,1.167
"2026-07-06 02:15",235.833,231.248,230.841,0.429,3.68,1.167
"2026-07-06 02:20",237.352,232.387,232.178,0.432,3.664,1.149
"2026-07-06 02:25",238.115,233.386,232.825,0.433,3.657,1.175
"2026-07-06 02:30",239.868,235.375,235.618,0.437,3.64,1.225
"2026-07-06 02:35",238.622,234.47,229.404,0.437,3.631,8.174
"2026-07-06 02:40",240.194,235.572,235.956,0.438,3.632,1.213
"2026-07-06 02:45",240.843,236.435,236.553,0.441,3.612,1.221
"2026-07-06 02:50",239.932,235.983,236.502,0.44,3.634,1.214
"2026-07-06 02:55",240.756,236.795,237.235,0.44,3.616,1.223
"2026-07-06 03:00",238.923,235.39,230.97,0.439,3.625,8.352
"2026-07-06 03:05",240.25,237.57,238.621,0.439,3.594,1.233
"2026-07-06 03:10",239.286,237.202,237.46,0.437,3.6,1.219
"2026-07-06 03:15",237.559,235.574,235.698,0.434,3.656,1.196
"2026-07-06 03:20",239.526,237.195,237.793,0.437,3.609,1.143
"2026-07-06 03:25",237.545,235.533,235.516,0.434,3.628,1.212
"2026-07-06 03:30",239.399,238.007,233.739,0.439,3.582,8.278
"2026-07-06 03:35",240.904,238.603,239.192,0.44,3.582,1.235
"2026-07-06 03:40",239.904,238.048,238.115,0.438,3.607,1.227
"2026-07-06 03:45",238.872,236.799,237.451,0.438,3.606,1.229
"2026-07-06 03:50",239.576,237.069,237.35,0.437,3.613,1.211
"2026-07-06 03:55",234.285,234.53,229.199,0.425,3.626,8.398
"2026-07-06 04:00",240.312,237.699,237.627,0.438,3.598,1.22
"2026-07-06 04:05",239.098,236.548,236.543,0.437,3.602,1.224
"2026-07-06 04:10",239.248,236.604,236.462,0.436,3.614,1.208
"2026-07-06 04:15",237.549,235.723,235.997,0.434,3.638,1.21
"2026-07-06 04:20",236.106,233.482,233.8,0.432,3.66,1.203
"2026-07-06 04:25",238.66,236.018,232.076,0.438,3.616,8.203
"2026-07-06 04:30",239.243,236.761,237.94,0.438,3.614,1.18
"2026-07-06 04:35",239.932,237.105,238.584,0.439,3.611,1.229
"2026-07-06 04:40",239.041,236.168,237.427,0.438,3.626,1.187
"2026-07-06 04:45",237.714,234.884,236.084,0.436,3.635,1.171
"2026-07-06 04:50",237.607,235.194,231.561,0.437,3.626,8.141
"2026-07-06 04:55",237.514,234.525,235.382,0.435,3.633,1.207
"2026-07-06 05:00",238.27,235.453,236.822,0.435,3.624,1.216
"2026-07-06 05:05",238.607,235.684,236.495,0.436,3.626,1.215
"2026-07-06 05:10",237.938,233.163,233.79,0.435,3.665,1.208
"2026-07-06 05:15",240.017,235.952,236.031,0.438,3.62,1.214
"2026-07-06 05:20",237.422,233.924,229.096,0.434,3.648,8.256
"2026-07-06 05:25",240.127,235.514,236.42,0.441,3.653,1.215
"2026-07-06 05:30",237.807,234.657,234.873,0.434,3.633,1.209
"2026-07-06 05:35",239.001,236.195,236.205,0.435,3.614,1.224
"2026-07-06 05:40",240.119,237.058,237.884,0.437,3.619,1.176
"2026-07-06 05:45",236.728,234.873,229.951,0.433,3.649,8.295
"2026-07-06 05:50",239.536,237.449,237.555,0.438,3.596,1.225
"2026-07-06 05:55",240.517,237.626,238.545,0.44,3.597,1.232
"2026-07-06 06:00",239.21,237.57,237.8,,,
"2026-07-06 06:05",237.912,237.51,237.046,0.437,3.621,1.221
"2026-07-06 06:10",240.216,238.094,238.503,0.441,3.591,1.234
"2026-07-06 06:15",237.485,235.641,231.023,0.435,3.62,8.287
"2026-07-06 06:20",236.329,234.69,234.425,0.43,3.636,1.199
"2026-07-06 06:25",239.67,237.895,237.706,0.441,4.15,1.245
"2026-07-06 06:30",237.443,236.579,236.524,0.435,3.123,1.217
"2026-07-06 06:35",239.74,237.832,240.718,0.444,3.601,1.216
"2026-07-06 06:40",236.85,235.517,234.506,0.436,3.641,1.169
"2026-07-06 06:45",237.284,235.082,230.833,0.44,3.638,8.164
"2026-07-06 06:50",238.217,235.332,236.228,0.437,3.648,1.207
"2026-07-06 06:55",240.301,237.243,238.102,0.44,3.603,1.231
"2026-07-06 07:00",238.57,235.622,236.118,0.437,3.376,1.129
"2026-07-06 07:05",236.726,234.181,234.828,0.431,3.481,1.196
"2026-07-06 07:10",236.669,235.579,231.089,0.433,3.498,8.475
"2026-07-06 07:15",236.889,234.787,234.666,0.431,3.522,1.195
"2026-07-06 07:20",238.491,237.084,238.091,0.435,3.469,1.226
"2026-07-06 07:25",237.022,235.311,235.621,0.431,3.499,1.204
"2026-07-06 07:30",239.277,237.598,238.287,0.434,3.511,1.224
"2026-07-06 07:35",237.02,235.994,231.698,0.434,3.476,8.499
"2026-07-06 07:40",239.041,237.025,237.528,0.435,3.454,1.232
"2026-07-06 07:45",238.595,236.94,237.389,0.432,3.453,1.224
"2026-07-06 07:50",237.393,235.681,236.202,0.43,3.266,1.224
"2026-07-06 07:55",238.671,237.167,237.379,0.432,2.85,1.225
"2026-07-06 08:00",236.002,234.945,230.004,0.429,2.501,8.14
"2026-07-06 08:05",236.351,235.177,234.746,0.439,1.384,1.17
"2026-07-06 08:10",240.415,238.484,238.08,0.441,1.008,1.251
"2026-07-06 08:15",239.776,237.524,237.461,0.433,2.595,1.251
"2026-07-06 08:20",238.426,236.789,236.906,0.431,2.433,1.245
"2026-07-06 08:25",239.159,238.522,232.909,0.441,0.755,8.557
"2026-07-06 08:30",236.665,236.171,235.53,0.429,2.712,1.219
"2026-07-06 08:35",235.916,233.21,233.146,0.425,2.247,1.218
"2026-07-06 08:40",238.083,235.003,236.038,0.431,2.049,1.183
"2026-07-06 08:45",239.096,237.371,232.337,0.437,1.362,8.437
"2026-07-06 08:50",239.641,239.068,237.726,0.428,0.732,1.234
"2026-07-06 08:55",240.094,238.052,237.935,0.427,2.44,1.227
"2026-07-06 09:00",238.266,237.109,236.622,0.429,1.719,1.22
"2026-07-06 09:05",237.32,236.316,230.01,0.429,1.87,8.431
"2026-07-06 09:10",239.499,237.245,236.773,0.427,0.557,1.235
"2026-07-06 09:15",239.795,237.578,237.28,0.426,0.558,1.203
"2026-07-06 09:20",237.97,237.176,235.845,0.426,0.577,1.198
"2026-07-06 09:25",234.96,232.576,227.356,0.423,1.441,8.318
"2026-07-06 09:30",239.75,235.45,236.843,0.426,0.574,1.245
"2026-07-06 09:35",237.81,235.684,230.776,0.424,0.93,8.408
"2026-07-06 09:40",237.089,233.404,233.303,0.419,2.3,1.213
"2026-07-06 09:45",234.173,231.544,230.439,0.415,0.995,1.195
"2026-07-06 09:50",235.766,233.143,232.135,0.414,0.549,1.203
"2026-07-06 09:55",231.822,229.113,223.943,0.418,1.707,8.213
"2026-07-06 10:00",236.718,233.484,233.279,0.419,1.923,1.211
"2026-07-06 10:05",236.348,233.173,233.033,0.423,1.768,1.214
"2026-07-06 10:10",235.93,234.349,228.721,0.419,0.547,8.478
"2026-07-06 10:15",238.215,235.686,235.469,0.422,0.56,1.185
"2026-07-06 10:20",238.625,235.981,235.273,0.423,0.557,1.218
"2026-07-06 10:25",237.437,234.696,229.382,0.426,1.107,8.449
"2026-07-06 10:30",236.58,232.386,232.48,0.428,1.219,1.186
"2026-07-06 10:35",236.226,233.378,233.299,0.422,0.919,1.142
"2026-07-06 10:40",235.418,231.588,226.051,0.423,1.123,8.471
"2026-07-06 10:45",235.144,232.06,226.69,0.333,0.553,7.802
"2026-07-06 10:50",236.816,235.38,230.519,0.334,0.55,7.83
"2026-07-06 10:55",235.793,233.039,232.814,0.334,0.55,0.272
"2026-07-06 11:00",234.989,231.971,231.989,0.332,0.554,0.266
"2026-07-06 11:05",236.732,234.703,229.442,0.336,0.548,7.682
"2026-07-06 11:10",239.727,237.161,237.759,0.339,0.569,0.281
"2026-07-06 11:15",233.392,231.208,226.303,0.332,0.541,7.522
"2026-07-06 11:20",240.442,237.793,237.823,0.341,0.563,0.282
"2026-07-06 11:25",235.329,232.594,232.373,0.334,0.548,0.274
"2026-07-06 11:30",236.346,234.573,229.121,0.334,0.611,7.781
"2026-07-06 11:35",234.604,232.117,231.364,0.332,0.545,0.273
"2026-07-06 11:40",234.993,232.651,231.663,0.334,0.582,0.266
"2026-07-06 11:45",234.06,232.245,226.259,0.334,0.541,7.617
"2026-07-06 11:50",235.749,233.63,232.879,0.332,0.548,0.278
"2026-07-06 11:55",236.541,233.638,233.372,0.329,3.344,0.268
"2026-07-06 12:00",238.16,236.41,233.65,,,
"2026-07-06 12:05",239.779,239.18,233.921,0.355,1.575,7.895
"2026-07-06 12:10",236.849,235.161,234.214,0.336,0.559,0.272
"2026-07-06 12:15",239.607,237.79,237.963,0.341,0.564,0.27
"2026-07-06 12:20",238.468,238.364,233.004,0.34,0.559,7.881
"2026-07-06 12:25",238.027,237.433,237.336,0.336,0.561,0.276
"2026-07-06 12:30",238.573,237.508,236.985,0.351,1.541,0.269
"2026-07-06 12:35",239.703,239.166,232.407,0.353,1.435,7.916
"2026-07-06 12:40",239.837,238.75,237.8,0.347,1.018,0.265
"2026-07-06 12:45",238.621,237.413,237.64,0.345,1.7,0.27
"2026-07-06 12:50",236.553,236.689,231.376,0.348,1.394,7.771
"2026-07-06 12:55",237.229,237.299,231.814,0.349,1.327,7.817
"2026-07-06 13:00",237.814,237.609,237.508,0.338,0.566,0.275
"2026-07-06 13:05",237.876,237.684,236.594,0.336,0.562,0.269
"2026-07-06 13:10",237.42,237.889,231.449,0.339,0.556,8.024
"2026-07-06 13:15",235.529,235.844,229.689,0.337,0.553,7.766
"2026-07-06 13:20",237.636,237.595,237.241,0.339,0.564,0.275
"2026-07-06 13:25",239.989,241.664,240.658,0.337,0.576,0.272
"2026-07-06 13:30",237.183,236.844,231.482,0.349,1.52,7.967
"2026-07-06 13:35",239.992,239.089,238.922,0.352,1.436,0.276
"2026-07-06 13:40",239.312,238.406,237.848,0.355,1.429,0.27
"2026-07-06 13:45",235.904,236.532,229.711,0.338,0.556,7.863
"2026-07-06 13:50",236.244,237.519,231.032,0.337,0.561,7.817
"2026-07-06 13:55",237.722,237.351,236.954,0.335,0.569,0.274
"2026-07-06 14:00",238.482,238.176,237.452,0.345,1.064,0.269
"2026-07-06 14:05",232.761,230.515,225.402,0.332,0.551,7.737
"2026-07-06 14:10",232.69,230.352,225.377,0.333,0.537,7.703
"2026-07-06 14:15",232.363,229.642,229.774,0.33,0.539,0.271
"2026-07-06 14:20",230.729,228.361,223.185,0.329,0.53,7.793
"2026-07-06 14:25",233.596,230.108,230.798,0.337,1.446,0.264
"2026-07-06 14:30",232.729,229.378,230.393,0.345,1.439,0.265
"2026-07-06 14:35",234.582,232.092,232.748,0.335,0.547,0.266
"2026-07-06 14:40",235.546,232.533,228.023,0.335,0.542,8.043
"2026-07-06 14:45",234.467,231.056,226.388,0.334,0.538,7.883
"2026-07-06 14:50",228.471,226.993,227.301,0.325,0.535,0.268
"2026-07-06 14:55",231.694,229.434,225.225,0.331,1.019,7.871
"2026-07-06 15:00",235.567,231.802,232.693,0.334,0.55,0.272
"2026-07-06 15:05",228.209,225.529,221.617,0.329,1.032,7.622
"2026-07-06 15:10",224.314,222.033,221.081,0.318,0.53,0.265
"2026-07-06 15:15",227.797,224.564,225.906,0.327,1.918,0.262
"2026-07-06 15:20",227.117,223.87,224.621,0.325,1.945,0.262
"2026-07-06 15:25",222.43,216.212,212.427,0.322,2.292,7.479
"2026-07-06 15:30",229.301,225.862,227.1,0.33,2.005,0.269
"2026-07-06 15:35",226.894,222.717,223.982,0.324,2.103,0.261
"2026-07-06 15:40",228.294,226.075,222.316,0.33,2.077,7.773
"2026-07-06 15:45",226.084,224.064,219.574,0.33,1.6,7.595
"2026-07-06 15:50",230.903,228.004,228.776,0.333,1.509,0.269
"2026-07-06 15:55",225.18,222.723,222.582,0.312,0.524,0.259
"2026-07-06 16:00",227.844,225.269,221.781,0.334,1.158,7.826
"2026-07-06 16:05",230.661,228.885,224.929,0.335,1.051,7.743
"2026-07-06 16:10",235.597,232.431,233.081,0.341,1.506,0.273
"2026-07-06 16:15",231.688,228.644,225.087,0.341,1.532,7.719
"2026-07-06 16:20",234.449,230.926,232.558,0.338,1.915,0.273
"2026-07-06 16:25",234.936,231.304,233.159,0.331,2.504,0.264
"2026-07-06 16:30",236.012,232.898,229.923,0.336,2.63,7.777
"2026-07-06 16:35",236.848,233.105,235.435,0.335,2.802,0.275
"2026-07-06 16:40",236.993,233.7,231.067,0.336,2.882,7.759
"2026-07-06 16:45",238.844,235.137,237.601,0.336,2.846,0.276
"2026-07-06 16:50",236.735,232.641,235.227,0.334,3.077,0.269
"2026-07-06 16:55",240.051,238.997,240.155,0.339,3.144,0.272
"2026-07-06 17:00",239.246,238.986,233.75,0.34,3.275,7.762
"2026-07-06 17:05",237.771,238.185,238.242,0.341,3.343,0.277
"2026-07-06 17:10",239.205,237.237,237.889,0.34,3.319,0.27
"2026-07-06 17:15",237.966,237.985,232.966,0.342,3.343,7.888
"2026-07-06 17:20",238.252,236.118,236.559,0.337,3.41,0.28
"2026-07-06 17:25",241.42,238.401,239.554,0.343,3.392,0.277
"2026-07-06 17:30",236.722,235.258,236.251,0.337,3.436,0.27
"2026-07-06 17:35",236.283,234.892,231.412,0.341,3.381,7.583
"2026-07-06 17:40",239.262,237.249,237.915,0.342,3.471,0.277
"2026-07-06 17:45",238.506,237.691,238.242,0.339,3.455,0.271
"2026-07-06 17:50",236.506,236.672,230.847,0.339,3.488,7.727
"2026-07-06 17:55",238.788,235.88,236.627,0.342,3.547,0.284
"2026-07-06 18:00",239.53,236.62,237.31,,,
"2026-07-06 18:05",240.269,237.359,237.984,0.343,3.559,0.272
"2026-07-06 18:10",238.433,237.035,233.02,0.338,3.556,7.875
"2026-07-06 18:15",240.167,238.014,239.034,0.343,3.566,0.278
"2026-07-06 18:20",239.68,237.841,239.211,0.337,3.58,0.271
"2026-07-06 18:25",239.37,237.71,239.26,,,
"2026-07-06 18:30",239.069,237.583,239.306,0.34,3.629,0.272
"2026-07-06 18:35",235.576,234.077,230.717,0.339,3.662,7.539
"2026-07-06 18:40",235.593,234.146,235.408,0.333,3.648,0.268
"2026-07-06 18:45",238.768,236.689,237.613,0.338,3.613,0.27
"2026-07-06 18:50",238.546,235.759,236.085,0.339,3.621,0.271
"2026-07-06 18:55",232.562,228.36,224.587,0.333,3.741,7.514
"2026-07-06 19:00",231.381,226.772,227.334,0.328,3.775,0.26
"2026-07-06 19:05",228.496,223.206,223.859,0.324,3.799,0.259
"2026-07-06 19:10",227.255,222.007,222.857,0.324,3.8,0.261
"2026-07-06 19:15",224.089,219.305,215.064,0.324,3.86,7.403
"2026-07-06 19:20",225.452,220.369,220.503,0.321,3.856,0.263
"2026-07-06 19:25",228.309,223.259,223.951,0.327,3.797,0.259
"2026-07-06 19:30",223.928,217.364,217.308,0.32,3.891,0.256
"2026-07-06 19:35",222.205,216.888,217.035,0.32,3.979,0.256
"2026-07-06 19:40",221.097,216.344,211.701,0.321,3.911,7.465
"2026-07-06 19:45",219.288,214.267,213.628,0.318,3.948,0.25
"2026-07-06 19:50",214.112,209.708,209.228,0.314,3.999,0.25
"2026-07-06 19:55",215.038,209.832,209.667,0.314,4.023,0.251
"2026-07-06 20:00",219.549,214.575,210.003,0.318,3.936,7.104
"2026-07-06 20:05",220.635,215.503,216.064,0.318,3.908,0.264
"2026-07-06 20:10",227.84,223.308,223.294,0.326,3.819,0.257
"2026-07-06 20:15",221.576,216.193,216.717,0.319,3.911,0.255
"2026-07-06 20:20",221.589,216.635,216.39,0.32,3.903,0.257
"2026-07-06 20:25",215.736,210.59,205.825,0.316,3.997,7.414
"2026-07-06 20:30",219.163,213.855,213.262,0.316,3.959,0.25
"2026-07-06 20:35",219.278,214.306,213.455,0.317,3.972,0.252
"2026-07-06 20:40",218.348,213.05,212.675,0.316,4.008,0.254
"2026-07-06 20:45",216.923,211.059,210.774,0.316,3.985,0.255
"2026-07-06 20:50",213.726,209.229,203.7,0.312,4.034,7.33
"2026-07-06 20:55",216.389,211.689,210.766,0.313,4.002,0.249
"2026-07-06 21:00",213.869,208.658,207.762,0.309,4.07,0.249
"2026-07-06 21:05",211.509,205.971,204.963,0.312,4.108,0.251
"2026-07-06 21:10",215.006,209.66,209.191,0.313,4.065,0.252
"2026-07-06 21:15",208.717,203.714,198.096,0.31,4.203,7.382
"2026-07-06 21:20",213.68,209.789,208.633,0.311,4.025,0.249
"2026-07-06 21:25",211.144,205.53,203.201,0.308,4.154,0.246
"2026-07-06 21:30",208.764,202.983,200.863,0.307,4.256,0.248
"2026-07-06 21:35",213.126,207.767,209.131,0.312,4.038,0.253
"2026-07-06 21:40",210.684,206.192,200.901,0.312,4.062,7.461
"2026-07-06 21:45",212.401,207.446,206.239,0.31,4.089,0.246
"2026-07-06 21:50",218.412,213.809,212.975,0.315,3.968,0.252
"2026-07-06 21:55",219.006,213.713,213.519,0.317,3.997,0.255
"2026-07-06 22:00",215.953,211.823,207.042,0.315,3.997,7.047
"2026-07-06 22:05",212.902,207.509,207.085,0.311,4.068,0.245
"2026-07-06 22:10",204.396,198.158,200.326,0.308,4.173,0.245
"2026-07-06 22:15",208.873,203.117,202.418,0.309,4.176,0.246
"2026-07-06 22:20",208.894,202.975,202.376,0.308,4.167,0.249
"2026-07-06 22:25",208.422,203.432,199.46,0.31,4.165,6.8
"2026-07-06 22:30",199.864,196.827,195.232,0.307,4.281,0.249
"2026-07-06 22:35",208.214,202.401,202.057,0.309,4.185,0.244
"2026-07-06 22:40",205.036,199.486,199.561,0.307,4.198,0.244
"2026-07-06 22:45",208.78,202.798,203.098,0.309,4.183,0.249
"2026-07-06 22:50",208.067,203.555,198.505,0.31,4.159,7.251
"2026-07-06 22:55",203.677,198.312,197.888,0.308,4.266,0.241
"2026-07-06 23:00",209.255,203.618,203.523,0.308,4.154,0.244
"2026-07-06 23:05",206.758,200.903,201.149,0.307,4.198,0.246
"2026-07-06 23:10",208.249,201.728,201.492,0.307,4.217,0.247
"2026-07-06 23:15",209.503,203.112,203.068,0.309,4.21,0.247
"2026-07-06 23:20",205.64,200.179,195.535,0.311,4.166,7.285
"2026-07-06 23:25",205.741,199.912,199.829,0.308,4.254,0.241
"2026-07-06 23:30",214.631,209.239,209.746,0.313,4.041,0.246
"2026-07-06 23:35",210.649,205.519,205.708,0.312,4.146,0.246
"2026-07-06 23:40",212.302,207.329,207.217,0.311,4.077,0.249
"2026-07-06 23:45",213.349,208.656,204.443,0.314,4.047,7.435
"2026-07-06 23:50",214.157,208.94,208.043,0.313,4.068,0.244
"2026-07-06 23:55",216.288,210.743,210.584,0.315,4.011,0.247
"2026-07-07 00:00",217.37,211.98,212.06,,,
"2026-07-07 00:05",218.448,213.226,213.528,0.318,3.962,0.253
"2026-07-07 00:10",214.995,210.582,207.357,0.312,3.997,6.994
"2026-07-07 00:15",218.3,213.217,213.34,0.317,3.973,0.259
"2026-07-07 00:20",216.58,211.576,211.848,0.316,3.999,0.247
"2026-07-07 00:25",220.212,215.381,215.61,0.319,3.935,0.25
"2026-07-07 00:30",219.009,214.523,214.997,0.318,3.944,0.253
"2026-07-07 00:35",219.496,214.578,215.032,0.317,3.934,0.254
"2026-07-07 00:40",217.095,212.788,208.688,0.317,3.962,7.121
"2026-07-07 00:45",219.399,215.033,215.414,0.317,3.939,0.249
"2026-07-07 00:50",218.144,213.471,213.922,0.316,3.959,0.249
"2026-07-07 00:55",219.419,214.773,214.837,0.317,3.948,0.25
"2026-07-07 01:00",219.265,214.73,215.108,0.318,3.937,0.253
"2026-07-07 01:05",221.19,217.194,212.317,0.322,3.899,7.337
"2026-07-07 01:10",220.561,216.463,217.226,0.321,3.914,0.257
"2026-07-07 01:15",222.692,218.389,219.047,0.321,3.907,0.253
"2026-07-07 01:20",223.779,218.81,220.099,0.323,3.878,0.255
"2026-07-07 01:25",227.324,222.681,223.536,0.327,3.808,0.258
"2026-07-07 01:30",224.81,221.152,217.488,0.326,3.846,7.322
"2026-07-07 01:35",226.805,222.261,223.535,0.328,3.815,0.254
"2026-07-07 01:40",229.374,224.682,226.082,0.333,3.776,0.257
"2026-07-07 01:45",226.689,221.811,222.874,0.327,3.816,0.256
"2026-07-07 01:50",228.846,224.162,225.407,0.332,3.79,0.259
"2026-07-07 01:55",228.724,224.718,221.225,0.333,3.782,7.108
"2026-07-07 02:00",228.354,223.868,225.168,0.331,3.802,0.252
"2026-07-07 02:05",226.428,222.203,223.474,0.328,3.842,0.254
"2026-07-07 02:10",225.338,220.511,221.882,0.327,3.839,0.255
"2026-07-07 02:15",225.715,221.202,222.578,0.326,3.832,0.257
"2026-07-07 02:20",225.106,221.507,217.96,0.328,3.823,7.25
"2026-07-07 02:25",228.033,223.349,224.459,0.33,3.802,0.259
"2026-07-07 02:30",226.932,222.814,224.182,0.331,3.806,0.256
"2026-07-07 02:35",227.691,223.176,224.649,0.33,3.799,0.255
"2026-07-07 02:40",227.94,223.761,224.92,0.332,3.79,0.258
"2026-07-07 02:45",229.084,224.345,225.977,0.335,3.796,0.259
"2026-07-07 02:50",223.714,219.78,216.145,0.327,3.848,7.323
"2026-07-07 02:55",225.76,221.099,222.432,0.327,3.834,0.254
"2026-07-07 03:00",226.319,221.481,223.04,0.329,3.83,0.254
"2026-07-07 03:05",226.585,221.783,223.198,0.329,3.851,0.257
"2026-07-07 03:10",227.534,222.635,225.209,0.333,3.828,0.26
"2026-07-07 03:15",226.029,222.267,219.238,0.33,3.813,7.227
"2026-07-07 03:20",228.951,224.427,226.581,0.333,3.788,0.255
"2026-07-07 03:25",231.359,227.138,228.707,0.337,3.744,0.258
"2026-07-07 03:30",231.364,226.962,228.527,0.339,3.749,0.259
"2026-07-07 03:35",232.028,227.649,229.877,0.341,3.737,0.263
"2026-07-07 03:40",232.377,227.616,229.975,0.342,3.744,0.263
"2026-07-07 03:45",228.632,221.37,219.681,0.337,3.823,7.142
"2026-07-07 03:50",234.518,230.45,232.511,0.346,3.695,0.26
"2026-07-07 03:55",233,228.598,230.635,0.344,3.757,0.258
"2026-07-07 04:00",232.841,228.538,230.242,0.341,3.731,0.261
"2026-07-07 04:05",233.924,229.597,231.421,0.343,3.712,0.264
"2026-07-07 04:10",234.218,229.896,227.147,0.345,3.704,7.512
"2026-07-07 04:15",234.471,229.948,232.148,0.344,3.698,0.266
"2026-07-07 04:20",233.853,229.187,231.205,0.343,3.706,0.26
"2026-07-07 04:25",234.158,229.416,231.608,0.345,3.711,0.264
"2026-07-07 04:30",234.874,230.541,232.625,0.347,3.69,0.265
"2026-07-07 04:35",235.073,230.744,232.907,0.346,3.693,0.266
"2026-07-07 04:40",233.672,229.705,227.207,0.346,3.689,7.306
"2026-07-07 04:45",236.178,231.753,233.833,0.347,3.67,0.262
"2026-07-07 04:50",235.769,231.464,233.454,0.347,3.71,0.263
"2026-07-07 04:55",235.871,231.682,233.24,0.347,3.68,0.264
"2026-07-07 05:00",235.305,230.788,233.044,0.348,3.684,0.266
"2026-07-07 05:05",235.206,231.008,228.324,0.347,3.681,7.522
"2026-07-07 05:10",237.693,233.592,236.08,0.348,3.646,0.263
"2026-07-07 05:15",237.567,233.333,235.856,0.35,3.677,0.264
"2026-07-07 05:20",236.166,231.797,234.196,0.349,3.683,0.266
"2026-07-07 05:25",236.09,231.98,234.36,0.346,3.677,0.268
"2026-07-07 05:30",237.131,233.1,230.427,0.349,3.634,7.592
"2026-07-07 05:35",239.802,235.664,238.299,0.352,3.624,0.272
"2026-07-07 05:40",239.226,234.915,237.346,0.348,3.631,0.267
"2026-07-07 05:45",238.204,234.536,235.441,0.351,3.639,0.268
"2026-07-07 05:50",239.756,236.473,237.331,0.352,3.613,0.27
"2026-07-07 05:55",237.124,234.66,230.351,0.349,3.625,7.528
"2026-07-07 06:00",238.5,236.34,234.68,,,
"2026-07-07 06:05",239.873,238.013,239.001,0.349,3.597,0.269
"2026-07-07 06:10",239.121,235.974,236.244,0.349,3.621,0.268
"2026-07-07 06:15",237.297,235.793,236.951,0.349,3.627,0.27
"2026-07-07 06:20",237.638,236.23,232.488,0.352,4.247,7.707
"2026-07-07 06:25",238.047,236.999,236.452,0.353,3.781,0.272
"2026-07-07 06:30",240.512,237.708,238.189,0.357,3.411,0.265
"2026-07-07 06:35",240.61,237.589,239.447,0.356,3.583,0.27
"2026-07-07 06:40",238.877,236.47,238.082,0.354,3.623,0.27
"2026-07-07 06:45",237.718,235.738,232.431,0.354,3.627,7.11
"2026-07-07 06:50",239.222,237.106,238.638,0.355,3.634,0.277
"2026-07-07 06:55",239.816,238.302,239.641,0.359,3.597,0.268
"2026-07-07 07:00",238.515,235.493,238.425,0.347,3.629,0.268
"2026-07-07 07:05",238.476,236.143,237.722,0.347,3.632,0.27
"2026-07-07 07:10",238.718,236.755,238.337,0.344,3.609,0.272
"2026-07-07 07:15",236.104,233.545,229.976,0.345,3.633,7.551
"2026-07-07 07:20",240.803,239.356,240.912,0.347,3.585,0.268
"2026-07-07 07:25",238.658,237.179,237.911,0.343,3.606,0.267
"2026-07-07 07:30",240.254,238.833,239.706,0.348,3.553,0.269
"2026-07-07 07:35",237.99,236.228,236.81,0.343,3.974,0.269
"2026-07-07 07:40",235.015,233.861,229.167,0.342,3.534,7.331
"2026-07-07 07:45",238.916,236.54,238.228,0.346,3.436,0.267
"2026-07-07 07:50",238.234,236.426,238.125,0.343,3.469,0.267
"2026-07-07 07:55",237.293,235.248,236.302,0.342,3.475,0.269
"2026-07-07 08:00",235.564,233.299,234.917,0.342,3.455,0.268
"2026-07-07 08:05",237.39,236.303,232.542,0.343,3.466,7.573
"2026-07-07 08:10",238.475,237.181,237.475,0.344,3.486,0.265
"2026-07-07 08:15",238.857,237.53,237.492,0.344,3.449,0.267
"2026-07-07 08:20",241.674,239.05,240.386,0.347,3.36,0.27
"2026-07-07 08:25",236.189,234.063,235.314,0.341,3.52,0.268
"2026-07-07 08:30",238.461,235.823,231.942,0.347,3.417,7.447
"2026-07-07 08:35",236.57,233.228,234.22,0.342,3.387,0.262
"2026-07-07 08:40",238.08,234.948,235.862,0.344,3.095,0.264
"2026-07-07 08:45",238.257,234.57,235.895,0.343,3.227,0.264
"2026-07-07 08:50",238.884,236.891,233.107,0.343,2.983,7.737
"2026-07-07 08:55",238.415,234.965,236.407,0.341,3.032,0.269
"2026-07-07 09:00",238.584,236.198,237.028,0.342,2.995,0.265
"2026-07-07 09:05",235.323,233.138,232.286,0.338,2.844,0.263
"2026-07-07 09:10",237.77,234.204,235.419,0.343,2.686,0.267
"2026-07-07 09:15",238.556,235.771,231.106,0.345,2.45,7.71
"2026-07-07 09:20",237.031,233.92,235.247,0.343,2.26,0.262
"2026-07-07 09:25",239.564,236.19,237.521,0.346,2.291,0.264
"2026-07-07 09:30",239.911,237.5,238.358,0.354,1.781,0.266
"2026-07-07 09:35",236.678,234.163,230.048,0.353,1.63,7.484
"2026-07-07 09:40",237.706,234.975,235.629,0.347,1.763,0.261
"2026-07-07 09:45",238.362,235.628,236.595,0.347,1.88,0.263
"2026-07-07 09:50",238.589,235.827,236.272,0.349,1.849,0.265
"2026-07-07 09:55",239.247,236.132,237.684,0.345,2.321,0.267
"2026-07-07 10:00",235.508,232.568,228.817,0.343,2.718,7.428
"2026-07-07 10:05",238.583,234.771,235.949,0.342,3.189,0.263
"2026-07-07 10:10",235.639,231.612,232.191,0.341,2.47,0.263
"2026-07-07 10:15",236.076,232.934,233.578,0.35,1.345,0.265
"2026-07-07 10:20",234.591,232.906,227.754,0.341,0.593,7.691
"2026-07-07 10:25",233.681,231.232,231.215,0.338,0.547,0.262
"2026-07-07 10:30",233.263,231.218,231.011,0.331,0.55,0.263
"2026-07-07 10:35",237.847,236.072,230.976,0.344,0.555,7.558
"2026-07-07 10:40",239.869,238.381,237.728,0.34,0.562,0.275
"2026-07-07 10:45",239.809,238.185,237.753,0.352,1.439,0.269
"2026-07-07 10:50",236.774,237.021,231.872,0.344,0.581,7.789
"2026-07-07 10:55",237.099,236.678,235.339,0.335,0.558,0.266
"2026-07-07 11:00",235.745,234.719,233.107,0.333,0.556,0.268
"2026-07-07 11:05",237.331,236.724,230.947,0.337,0.586,7.892
"2026-07-07 11:10",235.96,233.465,231.947,0.333,0.553,0.275
"2026-07-07 11:15",232.825,230.493,230.717,0.328,0.547,0.267
"2026-07-07 11:20",237.898,235.431,230.123,0.343,1.802,7.734
"2026-07-07 11:25",235.561,232.85,232.725,0.333,2.067,0.276
"2026-07-07 11:30",236.166,233.661,233.582,0.34,1.259,0.269
"2026-07-07 11:35",235.154,233.657,227.944,0.332,2.08,7.727
"2026-07-07 11:40",234.072,231.822,232.662,0.331,0.55,0.276
"2026-07-07 11:45",235.295,233.522,227.867,0.333,0.545,7.674
"2026-07-07 11:50",237.859,234.98,235.415,0.343,1.713,0.281
"2026-07-07 11:55",236.582,233.901,233.629,0.332,0.551,0.268
"2026-07-07 12:00",236.63,235.27,234.86,,,
"2026-07-07 12:05",236.675,236.63,236.096,0.338,1.167,0.281
"2026-07-07 12:10",238.924,237.982,237.242,0.335,0.564,0.27
"2026-07-07 12:15",236.532,236.328,230.539,0.335,0.559,7.85
"2026-07-07 12:20",238.733,237.894,232.771,0.346,1.775,7.861
"2026-07-07 12:25",239.58,239.173,238.536,0.339,0.584,0.279
"2026-07-07 12:30",238.632,237.486,238.288,0.342,2.056,0.272
"2026-07-07 12:35",239.224,238.693,233.547,0.355,1.254,7.871
"2026-07-07 12:40",240.268,241.004,240.449,0.345,0.593,0.28
"2026-07-07 12:45",238.029,237.196,236.343,0.339,0.567,0.269
"2026-07-07 12:50",238.652,237.35,232.09,0.354,1.221,7.743
"2026-07-07 12:55",236.202,236.863,236.445,0.337,0.566,0.28
"2026-07-07 13:00",236.625,236.997,237.003,0.338,0.568,0.27
"2026-07-07 13:05",237.231,237.43,232.258,0.349,2.794,7.933
"2026-07-07 13:10",235.956,235.369,234.818,0.339,0.969,0.267
"2026-07-07 13:15",238.259,237.779,238.509,0.338,0.566,0.27
"2026-07-07 13:20",237.859,237.887,232.558,0.338,0.559,8.027
"2026-07-07 13:25",239.885,238.717,238.528,0.348,0.949,0.281
"2026-07-07 13:30",238.154,236.732,236.919,0.348,1.394,0.269
"2026-07-07 13:35",238.116,237.716,237.259,0.346,1.249,0.271
"2026-07-07 13:40",238.918,239.163,233.09,0.34,0.565,7.89
"2026-07-07 13:45",233.718,237.218,234.614,0.333,0.565,0.283
"2026-07-07 13:50",239.795,239.331,238.218,0.34,0.575,0.269
"2026-07-07 13:55",237.362,236.493,230.958,0.338,0.553,7.889
"2026-07-07 14:00",235.86,236.217,235.417,0.337,1.149,0.28
"2026-07-07 14:05",228.405,225.086,226.146,0.325,1.857,0.261
"2026-07-07 14:10",231.727,228.791,224.685,0.336,1.998,7.66
"2026-07-07 14:15",229.802,227.258,222.72,0.334,1.882,7.558
"2026-07-07 14:20",229.293,226.204,226.6,0.335,1.443,0.269
"2026-07-07 14:25",226.725,224,223.454,0.325,0.957,0.262
"2026-07-07 14:30",224.179,222.54,216.804,0.316,0.523,7.727
"2026-07-07 14:35",217.937,215.785,215.488,0.317,0.515,0.265
"2026-07-07 14:40",220.217,218.047,212.211,0.366,1.093,7.586
"2026-07-07 14:45",214.887,211.933,205.46,0.361,1.664,8.005
"2026-07-07 14:50",212.537,210.33,204.46,0.361,1.053,7.58
"2026-07-07 14:55",219.354,216.404,211.221,0.366,0.514,7.589
"2026-07-07 15:00",216.367,213.945,212.735,0.361,0.505,0.264
"2026-07-07 15:05",221.325,220.714,215.608,0.368,0.514,7.569
"2026-07-07 15:10",224.145,220.101,216.9,0.365,1.738,0.264
"2026-07-07 15:15",217.919,214.076,214.477,0.367,2.12,0.254
"2026-07-07 15:20",219.571,216.388,212.306,0.367,2.31,7.616
"2026-07-07 15:25",223.026,219.096,219.708,0.373,1.617,0.27
"2026-07-07 15:30",218.674,215.211,215.388,0.36,1.924,0.256
"2026-07-07 15:35",223.85,222.017,216.952,0.373,0.892,7.671
"2026-07-07 15:40",222.368,219.914,219.294,0.366,0.522,0.266
"2026-07-07 15:45",225.605,223.296,223.182,0.367,0.527,0.259
"2026-07-07 15:50",220.679,218.997,213.869,0.366,0.513,7.765
"2026-07-07 15:55",221.334,218.863,218.425,0.365,0.521,0.266
"2026-07-07 16:00",225.388,222.669,217.476,0.376,1.319,7.567
"2026-07-07 16:05",228.181,225.139,226.545,0.371,2.291,0.273
"2026-07-07 16:10",229.597,226.186,227.765,0.372,2.628,0.261
"2026-07-07 16:15",225.5,221.28,218.449,0.365,3.023,7.561
"2026-07-07 16:20",230.268,226.338,228.59,0.375,3.282,0.27
"2026-07-07 16:25",232.001,227.65,229.178,0.376,3.376,0.265
"2026-07-07 16:30",223.429,219.9,216.802,0.366,3.449,7.592
"2026-07-07 16:35",224.573,220.553,223.044,0.367,3.378,0.267
"2026-07-07 16:40",222.549,218.222,221.464,0.366,3.305,0.258
"2026-07-07 16:45",221.326,217.027,218.332,0.361,3.277,0.255
"2026-07-07 16:50",219.732,216.019,212.401,0.362,3.317,7.597
"2026-07-07 16:55",232.165,227.944,230.149,0.377,3.018,0.277
"2026-07-07 17:00",238.371,237.341,238.613,0.388,3,0.271
"2026-07-07 17:05",239.587,237.985,238.665,0.393,3.094,0.27
"2026-07-07 17:10",237.436,236.303,232.282,0.389,3.246,7.816
"2026-07-07 17:15",238.238,236.739,237.396,0.387,3.26,0.275
"2026-07-07 17:20",239.852,238.025,238.785,0.392,3.29,0.27
"2026-07-07 17:25",239.681,238.565,234.229,0.412,3.288,7.937
"2026-07-07 17:30",238.356,235.527,236.551,0.389,3.34,0.282
"2026-07-07 17:35",238.625,237.413,231.354,0.388,3.423,7.603
"2026-07-07 17:40",238.19,236.799,230.549,0.389,3.446,8.492
"2026-07-07 17:45",237.702,237.212,234.876,0.388,3.452,1.19
"2026-07-07 17:50",237.087,237.765,236.465,0.387,3.493,1.224
"2026-07-07 17:55",237.936,238.018,236.149,0.388,3.538,1.245
"2026-07-07 18:00",237.02,236.72,235.02,,,
"2026-07-07 18:05",236.098,235.418,233.883,0.387,3.62,1.195
"2026-07-07 18:10",239.591,237.576,238.051,0.388,3.615,1.213
"2026-07-07 18:15",233.949,230.499,225.42,0.377,3.695,8.164
"2026-07-07 18:20",237.491,233.384,233.227,0.379,3.653,1.177
"2026-07-07 18:25",239.099,234.909,234.947,0.384,3.627,1.207
"2026-07-07 18:30",232.006,227.755,226.244,0.375,3.752,1.069
"2026-07-07 18:35",230.09,226.367,220.517,0.373,3.75,8.177
"2026-07-07 18:40",230.988,227.026,225.851,0.372,3.739,1.141
"2026-07-07 18:45",228.372,223.968,222.633,0.368,3.799,1.107
"2026-07-07 18:50",219.651,214.041,212.459,0.367,3.927,1.041
"2026-07-07 18:55",221.074,216.335,209.885,0.37,3.92,7.853
"2026-07-07 19:00",220.987,216.444,214.424,0.37,3.916,0.961
"2026-07-07 19:05",209.455,203.916,202.323,0.36,4.141,0.909
"2026-07-07 19:10",209.491,203.037,201.395,0.355,4.179,0.951
"2026-07-07 19:15",224.205,219.984,217.931,0.371,3.886,1.049
"2026-07-07 19:20",228.302,224.221,221.522,0.376,3.839,1.108
"2026-07-07 19:25",219.205,215.498,208.831,0.371,3.928,7.871
"2026-07-07 19:30",220.231,215.28,214.634,0.373,3.933,0.868
"2026-07-07 19:35",238.2,233.475,234.817,0.39,3.66,1.2
"2026-07-07 19:40",235.373,230.846,230.78,0.386,3.695,1.172
"2026-07-07 19:45",234.422,231.219,226.2,0.386,3.705,8.124
"2026-07-07 19:50",229.769,225.734,225.213,0.378,3.754,1.123
"2026-07-07 19:55",221.68,217.517,216.68,0.374,3.895,1.084
"2026-07-07 20:00",218.679,214.131,212.68,0.37,3.952,0.967
"2026-07-07 20:05",219.424,214.77,213.718,0.372,3.939,1.059
"2026-07-07 20:10",221.026,216.82,210.97,0.374,3.905,7.652
"2026-07-07 20:15",223.111,218.946,216.651,0.374,3.874,1.081
"2026-07-07 20:20",219.854,216.409,214.829,0.374,3.909,0.986
"2026-07-07 20:25",224.123,220.202,218.535,0.375,3.86,0.996
"2026-07-07 20:30",220.867,216.651,210.429,0.371,3.904,7.866
"2026-07-07 20:35",218.59,214.274,211.108,0.369,3.952,1.011
"2026-07-07 20:40",220.429,215.6,213.898,0.372,3.955,1.043
"2026-07-07 20:45",221.096,216.636,214.928,0.369,3.908,1
"2026-07-07 20:50",219.276,214.821,213.793,0.372,3.938,1.038
"2026-07-07 20:55",209.981,206.045,200.219,0.367,4.109,8.03
"2026-07-07 21:00",211.916,207.326,205.13,0.368,4.11,0.968
"2026-07-07 21:05",211.061,206.302,204.73,0.367,4.083,0.963
"2026-07-07 21:10",210.131,205.778,204.592,0.366,4.107,0.955
"2026-07-07 21:15",210.058,205.045,204.033,0.365,4.132,0.97
"2026-07-07 21:20",206.308,201.629,195.988,0.362,4.166,7.788
"2026-07-07 21:25",229.179,234.799,225.5,0.391,6.49,1.09
"2026-07-07 21:30",221.75,227.05,215.984,0.384,4.356,1.052
"2026-07-07 21:35",220.992,225.801,214.087,0.382,3.588,1.034
"2026-07-07 21:40",221.384,225.123,213.371,0.382,3.789,0.947
"2026-07-07 21:45",221.233,224.523,208.498,0.383,3.782,7.605
"2026-07-07 21:50",224.46,227.028,215.11,0.383,3.734,1.046
"2026-07-07 21:55",224.843,227.169,215.127,0.385,3.776,1.044
"2026-07-07 22:00",222.398,224.659,212.905,0.38,3.784,1.034
"2026-07-07 22:05",222.804,225.833,209.4,0.383,3.759,7.578
"2026-07-07 22:10",222.395,224.681,212.776,0.382,3.784,1.033
"2026-07-07 22:15",221.708,223.716,212.344,0.382,3.8,1.024
"2026-07-07 22:20",221.441,223.603,212.186,0.38,3.828,1.028
"2026-07-07 22:25",221.049,222.74,211.743,0.382,3.814,1.014
"2026-07-07 22:30",220.597,223.068,207.373,0.382,3.8,7.886
"2026-07-07 22:35",222.685,223.787,212.672,0.38,3.808,1.032
"2026-07-07 22:40",222.077,223.109,212.156,0.38,3.827,1.022
"2026-07-07 22:45",222.025,223.193,211.978,0.38,3.826,0.863
"2026-07-07 22:50",222.208,223.642,211.978,0.38,3.809,1.024
"2026-07-07 22:55",221.38,223.491,207.623,0.381,3.798,7.863
"2026-07-07 23:00",221.905,223.326,212.163,0.379,3.796,0.994
"2026-07-07 23:05",221.22,222.912,211.538,0.378,3.801,1.041
"2026-07-07 23:10",221.201,222.566,211.394,0.378,3.846,0.987
"2026-07-07 23:15",219.206,220.81,209.517,0.378,3.842,1.009
"2026-07-07 23:20",223.09,225.297,209.355,0.38,3.766,7.633
"2026-07-07 23:25",224.6,226.332,214.652,0.381,3.752,1.052
"2026-07-07 23:30",225.397,227.204,215.682,0.381,3.743,1.047
"2026-07-07 23:35",225.619,227.149,215.899,0.379,3.771,1.03
"2026-07-07 23:40",226.182,227.972,216.618,0.379,3.732,1.073
"2026-07-07 23:45",224.606,225.664,214.742,0.38,3.767,1.043
"2026-07-07 23:50",224.543,226.931,211.119,0.381,3.743,7.575
"2026-07-07 23:55",225.889,228.54,217.615,0.38,3.738,1.082
"2026-07-08 00:00",225,227.59,216.84,,,
"2026-07-08 00:05",224.116,226.645,216.069,0.37,3.747,0.995
"2026-07-08 00:10",223.755,226.553,215.763,0.376,3.757,1.022
"2026-07-08 00:15",225.267,228.481,212.699,0.383,3.741,7.654
"2026-07-08 00:20",226.207,228.997,217.89,0.381,3.709,1.069
"2026-07-08 00:25",224.699,227.267,216.505,0.38,3.741,1.08
"2026-07-08 00:30",224.507,227.337,216.412,0.381,3.738,1.057
"2026-07-08 00:35",224.515,227.237,216.217,0.38,3.74,1.059
"2026-07-08 00:40",225.235,228.462,213.004,0.382,3.748,7.751
"2026-07-08 00:45",225.658,228.379,217.196,0.382,3.73,1.075
"2026-07-08 00:50",226.672,229.115,217.884,0.383,3.712,0.753
"2026-07-08 00:55",227.438,230.44,219.095,0.383,3.696,0.994
"2026-07-08 01:00",226.273,230.208,220.029,0.383,3.701,0.987
"2026-07-08 01:05",222.502,227.288,212.595,0.382,3.773,7.744
"2026-07-08 01:10",222.601,226.323,216.139,0.378,3.756,1.013
"2026-07-08 01:15",222.593,226.905,216.131,0.374,3.744,0.876
"2026-07-08 01:20",223.626,227.648,216.956,0.371,3.735,1.055
"2026-07-08 01:25",222.907,227.097,216.383,0.367,3.742,0.782
"2026-07-08 01:30",222.642,227.58,212.553,0.364,3.738,7.627
"2026-07-08 01:35",223.536,227.807,217.087,0.361,3.736,0.643
"2026-07-08 01:40",223.505,227.992,217.225,0.359,3.731,0.993
"2026-07-08 01:45",223.545,227.794,217.194,0.354,3.736,1.084
"2026-07-08 01:50",224.148,228.365,217.684,0.353,3.725,1.084
"2026-07-08 01:55",224.189,228.549,217.864,0.351,3.724,0.665
"2026-07-08 02:00",224.162,229.324,214.311,0.349,3.706,7.614
"2026-07-08 02:05",224.901,229.105,218.801,0.346,3.728,1.079
"2026-07-08 02:10",224.485,228.999,218.722,0.345,3.72,1.055
"2026-07-08 02:15",224.663,228.991,218.908,0.343,3.736,0.699
"2026-07-08 02:20",224.856,229.238,219.01,0.341,3.725,0.947
"2026-07-08 02:25",224.205,229.237,214.09,0.341,3.706,7.687
"2026-07-08 02:30",225.7,230.01,219.872,0.341,3.701,1.081
"2026-07-08 02:35",225.996,230.589,220.17,0.34,3.694,1.088
"2026-07-08 02:40",225.894,230.591,219.964,0.34,3.695,1.053
"2026-07-08 02:45",224.267,228.825,218.531,0.337,3.722,0.981
"2026-07-08 02:50",223.773,228.761,213.98,0.334,3.736,7.625
"2026-07-08 02:55",224.615,229.349,218.94,0.336,3.72,0.841
"2026-07-08 03:00",226.161,230.89,220.142,0.337,3.684,1.036
"2026-07-08 03:05",227.003,231.644,220.793,0.338,3.69,0.678
"2026-07-08 03:10",227.232,231.75,220.855,0.338,3.691,0.76
"2026-07-08 03:15",226.596,232.002,216.709,0.338,3.669,7.639
"2026-07-08 03:20",227.382,233.022,222.456,0.334,3.667,1.071
"2026-07-08 03:25",226.327,231.86,221.257,0.333,3.705,1.076
"2026-07-08 03:30",226.032,231.466,220.735,0.333,3.682,0.69
"2026-07-08 03:35",226.052,231.414,221.036,0.334,3.685,0.932
"2026-07-08 03:40",225.824,231.349,220.996,0.333,3.708,1.053
"2026-07-08 03:45",225.434,231.447,216.559,0.333,3.673,7.58
"2026-07-08 03:50",226.356,232.251,221.562,0.334,3.673,1.091
"2026-07-08 03:55",226.463,231.873,221.745,0.334,3.674,1.082
"2026-07-08 04:00",226.376,232.207,221.539,0.335,3.672,0.921
"2026-07-08 04:05",225.579,230.645,220.474,0.333,3.717,0.692
"2026-07-08 04:10",225.381,231.299,216.33,0.334,3.712,7.611
"2026-07-08 04:15",225.704,231.283,221.051,0.334,3.684,1.075
"2026-07-08 04:20",226.195,231.94,221.383,0.334,3.672,1.069
"2026-07-08 04:25",225.945,231.731,221.3,0.334,3.686,1.097
"2026-07-08 04:30",225.977,231.731,221.333,0.334,3.681,1.105
"2026-07-08 04:35",225.745,231.575,216.986,0.335,3.701,7.69
"2026-07-08 04:40",226.452,232.013,221.649,0.335,3.67,0.807
"2026-07-08 04:45",226.303,231.914,221.426,0.335,3.676,1.118
"2026-07-08 04:50",226.464,232.019,221.815,0.334,3.671,0.997
"2026-07-08 04:55",226.905,232.398,222.136,0.334,3.692,0.682
"2026-07-08 05:00",226.3,232.487,217.596,0.334,3.685,7.85
"2026-07-08 05:05",225.805,232.337,222.135,0.332,3.668,0.677
"2026-07-08 05:10",226.433,232.878,222.624,0.335,3.666,1.084
"2026-07-08 05:15",226.406,232.882,222.664,0.335,3.672,1.103
"2026-07-08 05:20",225.915,232.353,222.353,0.335,3.669,0.723
"2026-07-08 05:25",226.106,232.464,222.361,0.333,3.672,0.68
"2026-07-08 05:30",226.066,232.936,218.315,0.335,3.664,7.399
"2026-07-08 05:35",227.841,234.468,224.354,0.336,3.637,0.68
"2026-07-08 05:40",226.074,233.06,223.37,0.334,3.655,1.136
"2026-07-08 05:45",226.446,233.759,223.881,0.334,3.646,1.035
"2026-07-08 05:50",225.119,232.041,222.331,0.333,3.7,1.068
"2026-07-08 05:55",224.773,232.455,218.196,0.334,3.691,7.662
"2026-07-08 06:00",225.3,233.42,221.73,,,
"2026-07-08 06:05",225.828,234.39,225.255,0.334,3.665,0.689
"2026-07-08 06:10",226.523,235.447,225.533,0.335,3.636,0.947
"2026-07-08 06:15",227.361,236.161,226.143,0.335,3.627,1.115
"2026-07-08 06:20",227.454,236.545,222.145,0.342,2.185,7.681
"2026-07-08 06:25",232.506,235.917,231.564,0.341,3.775,1.182
"2026-07-08 06:30",232.977,235.23,231.148,0.344,3.604,1.184
"2026-07-08 06:35",231.621,233.996,230.295,0.342,3.666,0.973
"2026-07-08 06:40",231.77,234.07,230.56,0.341,3.657,0.773
"2026-07-08 06:45",231.604,233.971,230.336,0.341,3.662,1.161
"2026-07-08 06:50",231.706,234.742,226.063,0.344,3.629,7.95
"2026-07-08 06:55",232.625,235.01,231.535,0.342,3.637,0.732
"2026-07-08 07:00",232.605,235.129,231.279,0.343,3.635,1.035
"2026-07-08 07:05",233.484,236.112,231.947,0.343,3.618,0.776
"2026-07-08 07:10",232.415,234.879,230.723,0.342,3.639,1.157
"2026-07-08 07:15",231.855,234.661,226.453,0.343,3.633,7.701
"2026-07-08 07:20",232.621,235.2,231.54,0.344,3.963,0.993
"2026-07-08 07:25",232.196,234.92,230.966,0.343,3.462,0.762
"2026-07-08 07:30",232.36,235.064,231.202,0.343,3.18,1.195
"2026-07-08 07:35",232.506,235.935,231.79,0.344,2.844,1.158
"2026-07-08 07:40",231.686,235.419,226.703,0.343,2.648,7.938
"2026-07-08 07:45",232.185,235.306,231.487,0.342,3.111,1.167
"2026-07-08 07:50",230.426,233.495,229.463,0.34,3.308,1.092
"2026-07-08 07:55",232.268,235.81,230.692,0.34,3.09,1.164
"2026-07-08 08:00",231.313,234.977,225.992,0.341,2.763,7.93
"2026-07-08 08:05",231.83,235.19,228.45,,,
"2026-07-08 08:10",232.347,235.397,230.907,0.341,2.515,1.142
"2026-07-08 08:15",231.648,233.512,229.977,0.342,2.347,1.172
"2026-07-08 08:20",228.689,230.701,227.13,0.339,2.132,1.162
"2026-07-08 08:25",228.227,231.858,222.814,0.338,2.465,7.947
"2026-07-08 08:30",229.131,232.174,227.958,0.338,2.578,1.134
"2026-07-08 08:35",228.971,231.934,227.823,0.336,2.609,1.064
"2026-07-08 08:40",228.575,231.552,227.721,0.336,2.511,1.163
"2026-07-08 08:45",228.731,232.23,223.556,0.338,2.413,8.233
"2026-07-08 08:50",228.879,232.131,228.315,0.338,2.181,0.64
"2026-07-08 08:55",229.262,231.876,227.979,0.338,2.36,1.152
"2026-07-08 09:00",228.7,231.469,227.813,0.336,2.409,1.129
"2026-07-08 09:05",227.312,230.45,221.951,0.338,2.194,7.849
"2026-07-08 09:10",227.511,230.421,225.699,0.335,2.519,1.144
"2026-07-08 09:15",227.743,230.855,226.018,0.334,2.58,1.107
"2026-07-08 09:20",229.693,232.662,227.691,0.339,2.496,1.165
"2026-07-08 09:25",228.649,231.6,222.336,0.337,2.913,8.05
"2026-07-08 09:30",229.334,231.878,227.378,0.337,2.756,0.669
"2026-07-08 09:35",229.522,232.228,227.376,0.337,2.728,1.122
"2026-07-08 09:40",229.493,232.493,227.615,0.336,2.517,1.103
"2026-07-08 09:45",228.949,231.571,227.301,0.337,2.432,0.767
"2026-07-08 09:50",229.152,232.476,222.922,0.338,2.475,7.924
"2026-07-08 09:55",229.614,232.686,227.689,0.339,2.465,1.092
"2026-07-08 10:00",229.582,232.736,227.654,0.337,2.41,1.145
"2026-07-08 10:05",227.814,231.544,221.967,0.341,1.841,7.656
"2026-07-08 10:10",227.754,230.996,226.155,0.34,1.806,1.155
"2026-07-08 10:15",227.526,230.74,225.956,0.341,1.468,0.689
"2026-07-08 10:20",226.299,230.578,220.601,0.334,0.576,7.885
"2026-07-08 10:25",226.328,230.694,225.105,0.335,1.86,1.153
"2026-07-08 10:30",226.788,230.705,224.687,0.338,1.276,1.053
"2026-07-08 10:35",226.418,231.378,220.423,0.336,1.821,7.916
"2026-07-08 10:40",228.354,232.89,225.928,0.339,1.865,0.645
"2026-07-08 10:45",228.325,233.762,226.724,0.338,1.152,0.644
"2026-07-08 10:50",227.23,232.768,221.4,0.339,1.795,7.888
"2026-07-08 10:55",227.391,232.246,225.529,0.335,1.825,0.716
"2026-07-08 11:00",227.79,233.068,226.361,0.34,1.679,0.638
"2026-07-08 11:05",227.188,232.476,221.475,0.333,2.048,7.712
"2026-07-08 11:10",227.691,232.394,226.234,0.33,2.214,0.64
"2026-07-08 11:15",226.717,231.053,225.1,0.332,2.721,0.634
"2026-07-08 11:20",226.644,230.782,224.618,0.327,2.866,0.633
"2026-07-08 11:25",226.239,231.276,220.758,0.331,2.677,7.634
"2026-07-08 11:30",226.48,231.213,225.365,0.327,2.918,0.693
"2026-07-08 11:35",227.607,232.351,226.333,0.332,2.718,1.112
"2026-07-08 11:40",226.363,231.548,220.813,0.334,2.477,8.16
"2026-07-08 11:45",225.945,230.165,224.728,0.332,2.225,0.662
"2026-07-08 11:50",227.929,232.905,226.269,0.336,1.851,0.638
"2026-07-08 11:55",225.934,231.759,220.32,0.341,1.259,7.767
"2026-07-08 12:00",226.45,232.08,222.78,,,
"2026-07-08 12:05",226.967,232.408,225.238,0.328,0.549,0.876
"2026-07-08 12:10",225.727,232.144,219.741,0.327,0.541,8.222
"2026-07-08 12:15",225.473,231.758,219.388,0.328,0.541,8.232
"2026-07-08 12:20",226.701,232.865,221.273,0.33,0.541,7.731
"2026-07-08 12:25",227.323,233.603,221.764,0.328,0.543,7.713
"2026-07-08 12:30",226.234,231.724,220.376,0.334,2.161,7.552
"2026-07-08 12:35",225.642,231.533,220.563,0.337,1.471,7.526
"2026-07-08 12:40",227.301,232.929,221.896,0.339,1.796,7.499
"2026-07-08 12:45",224.975,231.296,219.329,0.365,0.538,7.759
"2026-07-08 12:50",223.816,230.931,219.442,0.332,1.961,7.482
"2026-07-08 12:55",226.143,232.244,225.311,0.337,1.316,0.272
"2026-07-08 13:00",226.885,234.003,225.771,0.327,0.549,0.26
"2026-07-08 13:05",226.718,234.105,221.205,0.333,0.86,7.677
"2026-07-08 13:10",228.099,235.308,227.169,0.339,1.153,0.272
"2026-07-08 13:15",228.79,235.635,227.411,0.329,0.553,0.267
"2026-07-08 13:20",228.023,234.403,226.366,0.337,1.26,0.26
"2026-07-08 13:25",227.177,234.565,221.232,0.329,0.546,7.528
"2026-07-08 13:30",228.201,234.733,226.422,0.336,1.032,0.267
"2026-07-08 13:35",226.989,233.607,225.593,0.337,1.285,0.26
"2026-07-08 13:40",226.317,233.767,225.525,0.334,1.34,0.26
"2026-07-08 13:45",226.037,234.237,220.556,0.328,0.544,7.558
"2026-07-08 13:50",227.449,234.972,226.543,0.326,0.552,0.265
"2026-07-08 13:55",226.214,233.093,225.11,0.327,0.546,0.259
"2026-07-08 14:00",226.491,233.451,225.433,0.326,0.578,0.261
"2026-07-08 14:05",225.342,232.827,220.027,0.328,0.615,7.797
"2026-07-08 14:10",224.343,231.344,223.19,0.328,0.575,0.271
"2026-07-08 14:15",223.611,231.018,222.754,0.327,0.556,0.257
"2026-07-08 14:20",225.15,231.68,224.07,,,
"2026-07-08 14:25",226.69,232.347,225.386,0.33,2.428,0.258
"2026-07-08 14:30",226.678,233.629,225.658,0.328,0.548,0.259
"2026-07-08 14:35",225.315,232.7,219.534,0.33,0.578,7.694
"2026-07-08 14:40",226.275,232.744,224.873,0.327,0.549,0.257
"2026-07-08 14:45",225.306,232.708,219.816,0.334,1.067,7.681
"2026-07-08 14:50",226.624,233.452,225.431,0.331,0.554,0.265
"2026-07-08 14:55",225.827,232.158,220.024,0.333,2.137,7.652
"2026-07-08 15:00",224.656,230.264,222.735,0.332,2.176,0.264
"2026-07-08 15:05",224.834,231.408,223.517,0.331,2.082,0.259
"2026-07-08 15:10",225.241,232.327,219.599,0.329,2.783,7.691
"2026-07-08 15:15",223.185,230.061,217.928,0.328,2.87,7.536
"2026-07-08 15:20",224.855,233.158,224.157,0.327,3.157,0.264
"2026-07-08 15:25",226.927,235.396,226.362,0.331,2.971,0.26
"2026-07-08 15:30",226.99,235.514,222.206,0.332,3.034,7.692
"2026-07-08 15:35",226.298,234.389,226.039,0.327,3.254,0.272
"2026-07-08 15:40",227.436,234.787,227.104,0.33,3.292,0.261
"2026-07-08 15:45",227.303,233.423,227.318,0.332,3.286,0.263
"2026-07-08 15:50",225.581,231.962,221.45,0.328,3.272,7.336
"2026-07-08 15:55",224.14,229.932,224.131,0.318,3.22,0.263
"2026-07-08 16:00",224.505,230.581,224.429,0.325,3.135,0.258
"2026-07-08 16:05",225.952,232.321,225.859,0.332,3.282,0.259
"2026-07-08 16:10",226.558,233.029,222.201,0.335,3.334,7.489
"2026-07-08 16:15",228.135,234.221,228.043,0.335,3.194,0.273
"2026-07-08 16:20",229.157,234.169,228.781,0.337,3.103,0.259
"2026-07-08 16:25",228.57,234.142,228.299,0.336,3.184,0.259
"2026-07-08 16:30",228.324,233.965,223.419,0.337,3.309,7.547
"2026-07-08 16:35",227.331,232.872,227.019,0.335,3.484,0.275
"2026-07-08 16:40",228.328,233.432,227.998,0.335,3.535,0.259
"2026-07-08 16:45",228.752,233.503,228.386,0.335,3.524,0.259
"2026-07-08 16:50",229.533,234.283,228.99,0.335,3.424,0.261
"2026-07-08 16:55",229.281,234.85,224.65,0.337,3.343,7.41
"2026-07-08 17:00",230.151,234.976,229.591,0.336,3.437,0.258
"2026-07-08 17:05",229.694,234.533,229.185,0.336,3.425,0.257
"2026-07-08 17:10",229.111,234.426,224.613,0.338,3.494,7.53
"2026-07-08 17:15",230.082,235.287,229.72,0.335,3.428,0.263
"2026-07-08 17:20",231.587,234.734,230.193,0.339,3.062,0.259
"2026-07-08 17:25",229.703,233.156,228.278,0.339,2.723,0.257
"2026-07-08 17:30",229.077,232.763,223.338,0.339,2.965,7.416
"2026-07-08 17:35",229.261,232.697,227.618,0.338,3.293,0.272
"2026-07-08 17:40",228.056,230.99,226.582,0.336,3.5,0.256
"2026-07-08 17:45",229.177,232.269,227.845,0.337,3.497,0.26
"2026-07-08 17:50",229.425,232.704,223.635,0.337,3.582,7.393
"2026-07-08 17:55",230.703,233.722,229.161,0.34,3.625,0.264
"2026-07-08 18:00",,,,,,
"2026-07-08 18:05",,,,,,
"2026-07-08 18:10",,,,,,
"2026-07-08 18:15",,,,,,
"2026-07-08 18:20",,,,,,
"2026-07-08 18:25",,,,,,
"2026-07-08 18:30",,,,,,
"2026-07-08 18:35",,,,,,
"2026-07-08 18:40",,,,,,
"2026-07-08 18:45",,,,,,
"2026-07-08 18:50",,,,,,
"2026-07-08 18:55",,,,,,
"2026-07-08 19:00",,,,,,
"2026-07-08 19:05",,,,,,
"2026-07-08 19:10",,,,,,
"2026-07-08 19:15",,,,,,
"2026-07-08 19:20",,,,,,
"2026-07-08 19:25",,,,,,
"2026-07-08 19:30",,,,,,
"2026-07-08 19:35",,,,,,
"2026-07-08 19:40",,,,,,
"2026-07-08 19:45",,,,,,
"2026-07-08 19:50",,,,,,
"2026-07-08 19:55",,,,,,
"2026-07-08 20:00",,,,,,
"2026-07-08 20:05",,,,,,
"2026-07-08 20:10",,,,,,
"2026-07-08 20:15",,,,,,
"2026-07-08 20:20",,,,,,
"2026-07-08 20:25",,,,,,
"2026-07-08 20:30",,,,,,
"2026-07-08 20:35",,,,,,
"2026-07-08 20:40",,,,,,
"2026-07-08 20:45",,,,,,
"2026-07-08 20:50",,,,,,
"2026-07-08 20:55",,,,,,
"2026-07-08 21:00",,,,,,
"2026-07-08 21:05",,,,,,
"2026-07-08 21:10",,,,,,
"2026-07-08 21:15",,,,,,
"2026-07-08 21:20",,,,,,
"2026-07-08 21:25",,,,,,
"2026-07-08 21:30",,,,,,
"2026-07-08 21:35",,,,,,
"2026-07-08 21:40",,,,,,
"2026-07-08 21:45",,,,,,
"2026-07-08 21:50",,,,,,
"2026-07-08 21:55",,,,,,
"2026-07-08 22:00",,,,,,
"2026-07-08 22:05",,,,,,
"2026-07-08 22:10",,,,,,
"2026-07-08 22:15",,,,,,
"2026-07-08 22:20",,,,,,
"2026-07-08 22:25",,,,,,
"2026-07-08 22:30",,,,,,
"2026-07-08 22:35",,,,,,
"2026-07-08 22:40",,,,,,
"2026-07-08 22:45",,,,,,
"2026-07-08 22:50",,,,,,
"2026-07-08 22:55",,,,,,
"2026-07-08 23:00",,,,,,
"2026-07-08 23:05",,,,,,
"2026-07-08 23:10",,,,,,
"2026-07-08 23:15",,,,,,
"2026-07-08 23:20",,,,,,
"2026-07-08 23:25",,,,,,
"2026-07-08 23:30",,,,,,
"2026-07-08 23:35",,,,,,
"2026-07-08 23:40",,,,,,
"2026-07-08 23:45",,,,,,
"2026-07-08 23:50",,,,,,
"2026-07-08 23:55",,,,,,
"2026-07-09 00:00",,,,,,
"2026-07-09 00:05",225.475,226.891,216.159,0.331,3.763,0.67
"2026-07-09 00:10",225.565,227.308,216.467,0.332,3.735,0.673
"2026-07-09 00:15",226.227,228.292,212.828,0.333,3.745,7.414
"2026-07-09 00:20",226.589,228.015,217.212,0.332,3.725,0.67
"2026-07-09 00:25",226.595,228.169,217.377,0.33,3.725,0.673
"2026-07-09 00:30",226.568,228.054,217.411,0.33,3.726,0.676
"2026-07-09 00:35",227.587,229.314,214.529,0.333,3.703,6.019
"2026-07-09 00:40",227.051,229.097,217.15,0.335,3.736,0.69
"2026-07-09 00:45",226.621,228.755,218.453,0.333,3.709,0.677
"2026-07-09 00:50",227.309,229.442,218.925,0.334,3.703,0.681
"2026-07-09 00:55",227.456,230.487,220.321,0.334,3.701,0.688
"2026-07-09 01:00",224.389,228.82,219.211,0.332,3.722,0.686
"2026-07-09 01:05",224.513,229.754,215.933,0.335,3.695,7.44
"2026-07-09 01:10",225.135,229.767,220.425,0.332,3.732,0.685
"2026-07-09 01:15",225.09,229.919,220.261,0.332,3.695,0.687
"2026-07-09 01:20",224.077,228.983,219.128,0.331,3.712,0.684
"2026-07-09 01:25",222.84,228.389,214.036,0.332,3.731,7.665
"2026-07-09 01:30",223.806,228.507,218.84,0.331,3.742,0.683
"2026-07-09 01:35",222.981,227.761,218.062,0.33,3.723,0.678
"2026-07-09 01:40",224.292,229.049,219.561,0.332,3.718,0.684
"2026-07-09 01:45",223.339,228.28,218.658,0.332,3.72,0.682
"2026-07-09 01:50",222.365,227.812,213.824,0.334,3.729,7.603
"2026-07-09 01:55",222.897,227.858,218.692,0.331,3.729,0.683
"2026-07-09 02:00",223.853,228.968,219.222,0.333,3.733,0.683
"2026-07-09 02:05",223.383,228.401,219,0.331,3.724,0.746
"2026-07-09 02:10",223.709,228.554,218.854,0.331,3.717,0.686
"2026-07-09 02:15",224.066,229.805,215.876,0.336,3.695,7.499
"2026-07-09 02:20",224.141,229.176,219.562,0.33,3.71,0.685
"2026-07-09 02:25",224.243,229.345,220.049,0.332,3.706,0.689
"2026-07-09 02:30",224.947,230.052,220.441,0.333,3.692,0.69
"2026-07-09 02:35",225.546,230.654,220.862,0.334,3.69,0.692
"2026-07-09 02:40",225.142,230.895,216.572,0.337,3.691,7.639
"2026-07-09 02:45",225.689,230.992,221.198,0.334,3.697,0.692
"2026-07-09 02:50",226.062,231.405,221.473,0.334,3.696,0.691
"2026-07-09 02:55",226.27,231.53,221.777,0.335,3.681,0.695
"2026-07-09 03:00",226.051,231.347,221.588,0.334,3.676,0.695
"2026-07-09 03:05",226.024,231.794,217.674,0.338,3.665,7.362
"2026-07-09 03:10",225.715,231.093,221.408,0.332,3.692,0.692
"2026-07-09 03:15",225.208,230.502,220.967,0.331,3.718,0.691
"2026-07-09 03:20",224.396,229.847,220.174,0.329,3.723,0.69
"2026-07-09 03:25",225.747,231.094,221.181,0.334,3.688,0.694
"2026-07-09 03:30",225.928,231.647,217.304,0.335,3.667,7.711
"2026-07-09 03:35",226.805,232.236,222.388,0.335,3.664,0.697
"2026-07-09 03:40",227.15,232.657,222.758,0.336,3.662,0.696
"2026-07-09 03:45",226.993,232.387,222.33,0.336,3.662,0.695
"2026-07-09 03:50",227.653,233.053,223.14,0.337,3.661,0.7
"2026-07-09 03:55",226.355,232.272,217.671,0.337,3.659,7.679
"2026-07-09 04:00",226.615,231.914,221.962,0.335,3.671,0.691
"2026-07-09 04:05",226.332,231.624,221.693,0.334,3.673,0.692
"2026-07-09 04:10",226.905,232.111,222.136,0.336,3.672,0.695
"2026-07-09 04:15",225.857,231.255,221.257,0.335,3.71,0.694
"2026-07-09 04:20",225.781,231.49,216.916,0.338,3.673,7.68
"2026-07-09 04:25",226.062,231.505,221.604,0.335,3.672,0.694
"2026-07-09 04:30",225.592,230.698,220.779,0.334,3.686,0.689
"2026-07-09 04:35",226.551,231.688,221.592,0.337,3.673,0.694
"2026-07-09 04:40",226.045,231.397,221.071,0.334,3.699,0.694
"2026-07-09 04:45",226.075,231.944,217.25,0.337,3.662,7.521
"2026-07-09 04:50",226.961,232.517,222.259,0.335,3.662,0.694
"2026-07-09 04:55",227.272,232.622,222.569,0.337,3.656,0.695
"2026-07-09 05:00",227.029,232.329,222.202,0.335,3.663,0.696
"2026-07-09 05:05",226.719,231.905,222.088,0.335,3.669,0.697
"2026-07-09 05:10",225.945,231.718,217.285,0.337,3.677,7.513
"2026-07-09 05:15",226.407,231.58,221.836,0.335,3.673,0.696
"2026-07-09 05:20",226.952,232.126,222.329,0.335,3.668,0.696
"2026-07-09 05:25",227.105,232.292,222.633,0.334,3.677,0.698
"2026-07-09 05:30",227.807,233.15,223.562,0.332,3.659,0.705
"2026-07-09 05:35",224.805,231.386,217.701,0.337,3.701,7.368
"2026-07-09 05:40",225.911,231.991,222.486,0.336,3.664,0.695
"2026-07-09 05:45",225.803,231.971,222.466,0.335,3.675,0.696
"2026-07-09 05:50",227.469,233.765,224.156,0.338,3.656,0.702
"2026-07-09 05:55",225.468,233.322,224.415,0.337,3.652,0.758
"2026-07-09 06:00",226.22,234.09,223.12,,,
"2026-07-09 06:05",226.972,234.85,221.823,0.34,3.615,7.501
"2026-07-09 06:10",228.582,234.791,226.957,0.34,3.627,0.708
"2026-07-09 06:15",223.645,229.547,221.741,0.332,3.731,0.693
"2026-07-09 06:20",224.035,230.968,222.761,0.332,3.958,0.699
"2026-07-09 06:25",232.739,234.77,231.284,0.343,3.666,0.726
"2026-07-09 06:30",229.239,231.96,223.68,0.344,3.645,7.591
"2026-07-09 06:35",231.891,233.99,230.575,0.343,3.654,0.726
"2026-07-09 06:40",229.52,231.325,228.121,0.34,3.701,0.716
"2026-07-09 06:45",229.794,232.075,228.383,0.342,3.664,0.718
"2026-07-09 06:50",230.427,232.821,229.176,0.342,3.66,0.721
"2026-07-09 06:55",229.947,232.856,224.436,0.344,3.652,7.84
"2026-07-09 07:00",230.806,233.082,229.466,0.343,3.666,0.716
"2026-07-09 07:05",231.314,233.662,229.947,0.344,3.646,0.719
"2026-07-09 07:10",230.978,233.482,229.916,0.342,3.67,0.72
"2026-07-09 07:15",231.326,233.705,230.224,0.342,3.646,0.723
"2026-07-09 07:20",231.858,234.5,226.089,0.344,3.626,7.94
"2026-07-09 07:25",231.704,234.338,230.81,0.343,3.635,0.723
"2026-07-09 07:30",232.425,234.755,231.288,0.343,3.631,0.723
"2026-07-09 07:35",231.817,234.46,230.669,0.342,3.636,0.722
"2026-07-09 07:40",231.186,233.706,230.018,0.343,3.684,0.721
"2026-07-09 07:45",230.369,233.584,224.89,0.343,3.638,7.871
"2026-07-09 07:50",230.325,232.616,229.157,0.34,3.662,0.718
"2026-07-09 07:55",229.972,232.448,229.019,0.339,3.659,0.714
"2026-07-09 08:00",230.259,232.66,229.427,0.341,3.732,0.717
"2026-07-09 08:05",231.025,233.692,230.164,0.342,3.004,0.718
"2026-07-09 08:10",231.528,234.648,226.225,0.345,3.442,7.761
"2026-07-09 08:15",232.053,234.572,230.954,0.342,3.454,0.725
"2026-07-09 08:20",231.6,233.763,230.128,0.342,3.418,0.857
"2026-07-09 08:25",230.254,232.639,229.203,0.34,3.215,0.716
"2026-07-09 08:30",229.683,232.201,228.665,0.339,3.162,0.717
"2026-07-09 08:35",229.887,232.986,224.897,0.343,2.925,7.691
"2026-07-09 08:40",231.108,234.058,230.403,0.341,2.74,0.715
"2026-07-09 08:45",231.459,233.944,230.449,0.341,2.676,0.717
"2026-07-09 08:50",230.515,233.285,229.222,0.339,2.712,0.715
"2026-07-09 08:55",229.503,232.308,224.382,0.342,3.122,7.761
"2026-07-09 09:00",230.289,232.65,229.313,0.339,3.305,0.718
"2026-07-09 09:05",229.954,232.138,228.587,0.336,3.409,0.714
"2026-07-09 09:10",230.36,232.764,229.58,0.34,3.366,0.717
"2026-07-09 09:15",229.516,231.826,228.703,0.34,3.351,0.716
"2026-07-09 09:20",229.014,231.838,223.552,0.343,3.003,7.636
"2026-07-09 09:25",229.893,232.403,228.714,0.342,2.889,0.71
"2026-07-09 09:30",229.714,232.345,228.619,0.34,2.632,0.712
"2026-07-09 09:35",229.461,233.096,228.743,0.345,1.852,0.714
"2026-07-09 09:40",228.499,231.914,223.124,0.342,2.367,7.933
"2026-07-09 09:45",229.313,232.309,228.329,0.342,2.191,0.716
"2026-07-09 09:50",228.953,231.887,227.878,0.342,1.956,0.712
"2026-07-09 09:55",229.462,231.937,228.32,0.34,2.581,0.715
"2026-07-09 10:00",229.352,232.983,224.462,0.345,2.252,7.716
"2026-07-09 10:05",228.702,231.929,228.087,0.34,2.348,0.713
"2026-07-09 10:10",228.434,231.742,227.593,0.338,1.954,0.717
"2026-07-09 10:15",229.518,232.73,228.794,0.342,2.055,0.721
"2026-07-09 10:20",229.2,233.234,224.365,0.349,1.781,7.737
"2026-07-09 10:25",229.557,232.991,229.001,0.342,1.641,0.718
"2026-07-09 10:30",228.278,232.01,227.592,0.336,1.516,0.719
"2026-07-09 10:35",229.523,233.555,228.85,0.339,0.796,0.722
"2026-07-09 10:40",228.55,233.4,223.944,0.337,0.556,7.815
"2026-07-09 10:45",229.303,233.784,228.691,0.337,0.551,0.726
"2026-07-09 10:50",229.578,234.181,229.514,0.335,0.898,0.731
"2026-07-09 10:55",228.259,232.354,223.584,0.338,2.062,7.851
"2026-07-09 11:00",229.046,232.064,228.589,0.334,2.745,0.721
"2026-07-09 11:05",228.666,232.217,224.132,0.338,3.073,7.75
"2026-07-09 11:10",229.05,232.242,228.414,0.336,2.795,0.719
"2026-07-09 11:15",229.484,232.625,228.945,0.34,2.933,0.717
"2026-07-09 11:20",228.925,231.613,227.982,0.339,3.278,0.714
"2026-07-09 11:25",228.519,231.267,227.869,0.34,3.233,0.715
"2026-07-09 11:30",229.03,231.723,228.066,0.339,3.156,0.714
"2026-07-09 11:35",229.164,232.719,224.214,0.344,2.695,7.661
"2026-07-09 11:40",229.052,232.356,228.33,0.343,2.26,0.71
"2026-07-09 11:45",230.212,229.825,223.836,0.336,2.169,7.878
"2026-07-09 11:50",228.934,231.522,227.837,0.338,1.562,0.977
"2026-07-09 11:55",227.616,231.28,225.755,0.329,0.66,1.174
"2026-07-09 12:00",,,,,,
"2026-07-09 12:05",,,,,,
"2026-07-09 12:10",,,,,,
"2026-07-09 12:15",,,,,,
"2026-07-09 12:20",,,,,,
"2026-07-09 12:25",,,,,,
"2026-07-09 12:30",,,,,,
"2026-07-09 12:35",,,,,,
"2026-07-09 12:40",,,,,,
"2026-07-09 12:45",,,,,,
"2026-07-09 12:50",,,,,,
"2026-07-09 12:55",,,,,,
"2026-07-09 13:00",,,,,,
"2026-07-09 13:05",,,,,,
"2026-07-09 13:10",,,,,,
"2026-07-09 13:15",,,,,,
"2026-07-09 13:20",,,,,,
"2026-07-09 13:25",,,,,,
"2026-07-09 13:30",,,,,,
"2026-07-09 13:35",,,,,,
"2026-07-09 13:40",,,,,,
"2026-07-09 13:45",,,,,,
"2026-07-09 13:50",,,,,,
"2026-07-09 13:55",,,,,,
"2026-07-09 14:00",,,,,,
"2026-07-09 14:05",,,,,,
"2026-07-09 14:10",,,,,,
"2026-07-09 14:15",,,,,,
"2026-07-09 14:20",,,,,,
"2026-07-09 14:25",,,,,,
"2026-07-09 14:30",,,,,,
"2026-07-09 14:35",,,,,,
"2026-07-09 14:40",,,,,,
"2026-07-09 14:45",,,,,,
"2026-07-09 14:50",,,,,,
"2026-07-09 14:55",,,,,,
"2026-07-09 15:00",,,,,,
"2026-07-09 15:05",,,,,,
"2026-07-09 15:10",,,,,,
"2026-07-09 15:15",,,,,,
"2026-07-09 15:20",,,,,,
"2026-07-09 15:25",,,,,,
"2026-07-09 15:30",,,,,,
"2026-07-09 15:35",,,,,,
"2026-07-09 15:40",,,,,,
"2026-07-09 15:45",,,,,,
"2026-07-09 15:50",,,,,,
"2026-07-09 15:55",,,,,,
"2026-07-09 16:00",,,,,,
"2026-07-09 16:05",,,,,,
"2026-07-09 16:10",,,,,,
"2026-07-09 16:15",,,,,,
"2026-07-09 16:20",,,,,,
"2026-07-09 16:25",,,,,,
"2026-07-09 16:30",,,,,,
"2026-07-09 16:35",,,,,,
"2026-07-09 16:40",,,,,,
"2026-07-09 16:45",,,,,,
"2026-07-09 16:50",,,,,,
"2026-07-09 16:55",,,,,,
"2026-07-09 17:00",,,,,,
"2026-07-09 17:05",,,,,,
"2026-07-09 17:10",,,,,,
"2026-07-09 17:15",,,,,,
"2026-07-09 17:20",,,,,,
"2026-07-09 17:25",,,,,,
"2026-07-09 17:30",,,,,,
"2026-07-09 17:35",,,,,,
"2026-07-09 17:40",,,,,,
"2026-07-09 17:45",,,,,,
"2026-07-09 17:50",,,,,,
"2026-07-09 17:55",,,,,,
"2026-07-09 18:00",,,,,,
"2026-07-09 18:05",229.245,230.577,228.113,0.334,3.695,0.717
"2026-07-09 18:10",228.724,234.152,225.477,0.329,3.644,0.704
"2026-07-09 18:15",228.145,234.04,220.769,0.327,3.645,7.787
"2026-07-09 18:20",227.813,233.325,224.615,0.326,3.657,0.707
"2026-07-09 18:25",227.802,233.947,225.764,0.33,3.645,0.707
"2026-07-09 18:30",224.813,230.668,222.697,0.322,3.698,0.699
"2026-07-09 18:35",225.282,231.206,222.792,0.325,3.688,0.701
"2026-07-09 18:40",225.899,232.403,223.305,0.328,3.672,0.701
"2026-07-09 18:45",224.848,231.811,218.118,0.329,3.674,7.554
"2026-07-09 18:50",223.614,229.992,221.249,0.325,3.732,0.69
"2026-07-09 18:55",223.189,230.203,220.511,0.327,3.697,0.689
"2026-07-09 19:00",223.153,230.328,220.923,0.325,3.702,0.693
"2026-07-09 19:05",220.34,227.615,214.008,0.321,3.734,7.751
"2026-07-09 19:10",223.829,229.856,220.194,0.328,3.706,0.688
"2026-07-09 19:15",223.771,229.92,220.186,0.328,3.707,0.685
"2026-07-09 19:20",223.676,229.639,219.759,0.327,3.719,0.685
"2026-07-09 19:25",224.164,230.22,220.597,0.328,3.701,0.689
"2026-07-09 19:30",223.598,230.195,216.017,0.328,3.688,7.513
"2026-07-09 19:35",223.633,229.879,220.058,0.326,3.705,0.685
"2026-07-09 19:40",223.612,229.624,220.01,0.327,3.711,0.684
"2026-07-09 19:45",223.529,229.763,220.019,0.327,3.736,0.686
"2026-07-09 19:50",222.725,229.318,215.359,0.328,3.713,7.532
"2026-07-09 19:55",222.976,229.012,219.513,0.327,3.725,0.679
"2026-07-09 20:00",223.934,230.13,220.538,0.328,3.702,0.684
"2026-07-09 20:05",224.005,230.427,220.81,0.328,3.699,0.687
"2026-07-09 20:10",223.615,229.826,219.786,0.327,3.706,0.685
"2026-07-09 20:15",222.539,229.405,215.196,0.328,3.707,7.493
"2026-07-09 20:20",223.317,229.592,219.429,0.326,3.705,0.685
"2026-07-09 20:25",222.76,228.591,219.159,0.326,3.722,0.681
"2026-07-09 20:30",222.373,228.292,218.765,0.326,3.72,0.682
"2026-07-09 20:35",222.419,228.303,218.821,0.325,3.718,0.682
"2026-07-09 20:40",221.909,228.481,214.427,0.327,3.746,7.418
"2026-07-09 20:45",221.861,227.95,218.587,0.324,3.729,0.676
"2026-07-09 20:50",221.438,227.549,218.26,0.325,3.739,0.678
"2026-07-09 20:55",221.937,228.279,218.712,0.325,3.729,0.68
"2026-07-09 21:00",221.537,227.757,218.437,0.324,3.74,0.68
"2026-07-09 21:05",220.76,227.588,213.838,0.325,3.726,7.43
"2026-07-09 21:10",221.604,227.826,218.261,0.324,3.76,0.675
"2026-07-09 21:15",222.068,227.249,217.581,0.324,3.778,0.674
"2026-07-09 21:20",222.221,226.471,216.335,0.325,3.761,0.673
"2026-07-09 21:25",221.577,226.777,212.075,0.326,3.749,7.545
"2026-07-09 21:30",222.602,227.065,217.108,0.324,3.768,0.674
"2026-07-09 21:35",222.436,226.658,216.308,0.324,3.779,0.671
"2026-07-09 21:40",225.235,229.748,219.326,0.326,3.701,0.682
"2026-07-09 21:45",224.929,229.384,218.801,0.326,3.714,0.681
"2026-07-09 21:50",224.463,229.122,214.255,0.325,3.71,7.679
"2026-07-09 21:55",224.281,228.664,218.296,0.325,3.723,0.678
"2026-07-09 22:00",224.651,228.902,218.636,0.325,3.739,0.678
"2026-07-09 22:05",224.129,228.487,218.358,0.324,3.732,0.678
"2026-07-09 22:10",223.988,228.518,218.309,0.324,3.732,0.68
"2026-07-09 22:15",222.635,227.34,212.686,0.323,3.734,7.748
"2026-07-09 22:20",223.367,227.483,217.162,0.323,3.739,0.675
"2026-07-09 22:25",223.454,227.525,217.166,0.323,3.739,0.672
"2026-07-09 22:30",222.929,227.112,216.925,0.323,3.776,0.671
"2026-07-09 22:35",226.333,228.039,208.622,0.324,3.71,5.679
"2026-07-09 22:40",226.786,229.21,213.796,0.328,3.702,0.698
"2026-07-09 22:45",226.783,229.454,218.523,0.326,3.731,0.676
"2026-07-09 22:50",226.588,229.466,218.599,0.326,3.715,0.676
"2026-07-09 22:55",226.258,228.836,218.477,0.326,3.75,0.678
"2026-07-09 23:00",225.919,228.537,218.194,0.325,3.724,0.678
"2026-07-09 23:05",225.598,228.534,213.644,0.326,3.717,7.68
"2026-07-09 23:10",226.366,228.659,217.917,0.325,3.732,0.672
"2026-07-09 23:15",226.364,228.875,218.39,0.325,3.715,0.675
"2026-07-09 23:20",225.789,228.193,217.343,0.323,3.732,0.676
"2026-07-09 23:25",225.565,227.894,217.241,0.323,3.766,0.674
"2026-07-09 23:30",226.5,229.629,214.165,0.326,3.698,7.686
"2026-07-09 23:35",226.407,230.652,220.55,0.326,3.692,0.682
"2026-07-09 23:40",226.327,230.344,220.516,0.326,3.693,0.684
"2026-07-09 23:45",227.012,231.51,221.312,0.327,3.697,0.688
"2026-07-09 23:50",227.021,231.498,221.12,0.327,3.687,0.688
"2026-07-09 23:55",226.425,231.342,216.358,0.328,3.677,7.448
"2026-07-10 00:00",226.31,230.96,218.36,,,
"2026-07-10 00:05",226.196,230.579,220.353,0.327,3.712,0.685
"2026-07-10 00:10",226.016,231.507,221.253,0.327,3.69,0.69
"2026-07-10 00:15",222.588,228.372,218.85,0.324,3.725,0.683
"2026-07-10 00:20",222.943,229.059,219.398,0.324,3.718,0.686
"2026-07-10 00:25",221.966,228.239,214.207,0.325,3.719,7.375
"2026-07-10 00:30",222.413,228.307,218.776,0.321,3.725,0.68
"2026-07-10 00:35",222.549,228.404,218.98,0.324,3.732,0.681
"2026-07-10 00:40",221.805,227.875,218.314,0.323,3.766,0.679
"2026-07-10 00:45",222.456,228.314,218.908,0.323,3.727,0.682
"2026-07-10 00:50",222.257,228.664,214.684,0.325,3.71,7.498
"2026-07-10 00:55",222.315,228.181,218.636,0.323,3.727,0.683
"2026-07-10 01:00",222.12,227.819,218.43,0.322,3.751,0.679
"2026-07-10 01:05",222.353,227.914,218.679,0.323,3.734,0.682
"2026-07-10 01:10",223.093,228.77,219.161,0.324,3.754,0.686
"2026-07-10 01:15",222.205,228.411,214.494,0.326,3.724,7.69
"2026-07-10 01:20",226.113,230.325,220.173,0.327,3.706,0.687
"2026-07-10 01:25",225.86,230.286,220.385,0.326,3.697,0.686
"2026-07-10 01:30",226.897,231.275,221.183,0.328,3.68,0.692
"2026-07-10 01:35",227.105,231.298,221.438,0.329,3.688,0.694
"2026-07-10 01:40",226.762,231.719,217.301,0.331,3.701,7.689
"2026-07-10 01:45",226.836,231.86,222.154,0.329,3.676,0.695
"2026-07-10 01:50",226.679,231.797,222.165,0.328,3.672,0.693
"2026-07-10 01:55",226.132,231.835,222.523,0.329,3.691,0.695
"2026-07-10 02:00",226.255,231.911,222.56,0.329,3.677,0.696
"2026-07-10 02:05",224.419,230.669,216.525,0.33,3.721,7.672
"2026-07-10 02:10",225.293,231.26,221.638,0.327,3.683,0.694
"2026-07-10 02:15",225.029,231.057,221.555,0.327,3.684,0.692
"2026-07-10 02:20",225.295,231.265,221.599,0.327,3.697,0.693
"2026-07-10 02:25",224.565,230.383,220.617,0.326,3.7,0.693
"2026-07-10 02:30",225.088,231.765,217.66,0.33,3.672,7.398
"2026-07-10 02:35",225.209,231.19,221.399,0.328,3.715,0.692
"2026-07-10 02:40",225.399,231.542,221.829,0.328,3.688,0.691
"2026-07-10 02:45",225.224,231.279,221.603,0.328,3.678,0.693
"2026-07-10 02:50",225.728,231.959,222.23,0.328,3.685,0.695
"2026-07-10 02:55",226.089,232.322,222.586,0.33,3.676,0.698
"2026-07-10 03:00",225.855,232.469,218.154,0.331,3.657,7.407
"2026-07-10 03:05",225.216,231.243,221.576,0.328,3.7,0.692
"2026-07-10 03:10",225.328,231.301,221.488,0.328,3.71,0.692
"2026-07-10 03:15",225.945,232.24,222.154,0.328,3.674,0.695
"2026-07-10 03:20",225.323,231.418,221.732,0.328,3.689,0.696
"2026-07-10 03:25",225.263,231.943,217.622,0.331,3.668,7.443
"2026-07-10 03:30",225.924,232.154,222.273,0.33,3.671,0.695
"2026-07-10 03:35",225.028,231.009,221.573,0.329,3.684,0.692
"2026-07-10 03:40",224.854,230.764,221.214,0.329,3.698,0.693
"2026-07-10 03:45",225.193,230.799,221.332,0.329,3.704,0.693
"2026-07-10 03:50",224.612,231.061,217.048,0.331,3.682,7.516
"2026-07-10 03:55",225.891,232.112,222.388,0.329,3.672,0.697
"2026-07-10 04:00",225.79,231.474,222.125,0.329,3.7,0.693
"2026-07-10 04:05",226.095,232.216,222.799,0.329,3.666,0.697
"2026-07-10 04:10",226.578,232.674,223.303,0.331,3.676,0.699
"2026-07-10 04:15",225.917,232.61,218.767,0.332,3.658,7.634
"2026-07-10 04:20",227.519,233.537,223.816,0.331,3.654,0.7
"2026-07-10 04:25",227.278,233.309,223.945,0.331,3.656,0.699
"2026-07-10 04:30",227.629,233.794,224.105,0.331,3.645,0.7
"2026-07-10 04:35",226.186,232.966,223.803,0.329,3.668,0.701
"2026-07-10 04:40",225.683,232.914,219.209,0.331,3.652,7.496
"2026-07-10 04:45",226.345,233.207,223.844,0.33,3.654,0.699
"2026-07-10 04:50",225.743,232.657,223.202,0.328,3.666,0.697
"2026-07-10 04:55",226.583,233.606,224.214,0.329,3.67,0.702
"2026-07-10 05:00",226.086,233.101,223.709,0.328,3.664,0.703
"2026-07-10 05:05",224.974,232.429,218.813,0.328,3.666,7.397
"2026-07-10 05:10",226.676,233.604,223.967,0.33,3.655,0.697
"2026-07-10 05:15",227.103,233.963,224.432,0.331,3.667,0.699
"2026-07-10 05:20",226.526,233.917,225.02,0.332,3.643,0.702
"2026-07-10 05:25",226.115,233.65,224.799,0.33,3.653,0.703
"2026-07-10 05:30",226.514,233.884,225.082,0.331,3.655,0.706
"2026-07-10 05:35",225.464,233.164,220.06,0.331,3.646,7.443
"2026-07-10 05:40",226.307,233.694,224.998,0.331,3.65,0.701
"2026-07-10 05:45",227.243,234.766,225.815,0.331,3.658,0.704
"2026-07-10 05:50",227.184,229.683,224.393,0.327,3.863,0.701
"2026-07-10 05:55",225.803,230.494,223.738,0.331,2.686,0.701
"2026-07-10 06:00",227.24,231.81,225.17,,,
"2026-07-10 06:05",228.679,233.129,226.61,0.333,3.651,0.71
"2026-07-10 06:10",228.512,232.778,226.364,0.334,3.657,0.707
"2026-07-10 06:15",229.63,233.9,227.41,0.334,3.642,0.711
"2026-07-10 06:20",229.344,233.471,227.115,0.333,4.15,0.711
"2026-07-10 06:25",232.805,235.068,226.986,0.341,4.013,7.793
"2026-07-10 06:30",233.919,236.346,232.769,0.341,3.524,0.731
"2026-07-10 06:35",234.608,235.654,232.853,0.341,3.619,0.728
"2026-07-10 06:40",234.464,235.622,232.934,0.341,3.623,0.73
"2026-07-10 06:45",233.677,234.671,231.98,0.34,3.643,0.73
"2026-07-10 06:50",233.322,234.796,227.166,0.341,3.648,7.877
"2026-07-10 06:55",233.285,234.459,231.635,0.337,3.662,0.728
"2026-07-10 07:00",233.987,235.012,232.35,0.339,3.66,0.726
"2026-07-10 07:05",233.592,234.548,231.846,0.339,3.641,0.727
"2026-07-10 07:10",234.616,235.783,233.037,0.34,3.625,0.732
"2026-07-10 07:15",233.512,234.864,227.279,0.342,3.644,7.627
"2026-07-10 07:20",234.169,235.002,232.221,0.338,3.636,0.725
"2026-07-10 07:25",234.459,235.499,232.581,0.339,3.634,0.727
"2026-07-10 07:30",234.099,235.387,232.54,0.339,3.628,0.728
"2026-07-10 07:35",234.05,235.581,232.436,0.339,3.472,0.728
"2026-07-10 07:40",233.515,235.258,227.153,0.341,3.431,7.92
"2026-07-10 07:45",233.974,235.423,232.487,0.339,3.311,0.728
"2026-07-10 07:50",233.343,234.697,231.414,0.339,2.905,0.722
"2026-07-10 07:55",232.273,234.071,230.552,0.339,2.47,0.719
"2026-07-10 08:00",231.323,233.157,229.558,0.336,2.932,0.722
"2026-07-10 08:05",230.817,233.149,224.882,0.337,2.938,7.886
"2026-07-10 08:10",231.176,233.009,229.566,0.334,2.733,0.719
"2026-07-10 08:15",230.264,231.966,228.569,0.334,2.691,0.714
"2026-07-10 08:20",229.093,231.01,227.613,0.333,2.861,0.713
"2026-07-10 08:25",229.847,231.237,228.293,0.333,2.907,0.716
"2026-07-10 08:30",228.53,230.411,222.517,0.333,2.987,7.856
"2026-07-10 08:35",228.843,230.389,227.412,0.332,3.018,0.715
"2026-07-10 08:40",227.844,230.028,226.551,0.33,3.312,0.708
"2026-07-10 08:45",230.364,233.207,228.691,0.332,3.225,0.716
"2026-07-10 08:50",231.249,234.38,229.612,0.333,2.724,0.717
"2026-07-10 08:55",230.779,234.794,225.074,0.337,2.436,7.721
"2026-07-10 09:00",231.763,235,229.922,0.335,2.475,0.718
"2026-07-10 09:05",232.021,235.446,230.208,0.336,2.439,0.72
"2026-07-10 09:10",232.01,235.262,230.046,0.335,2.783,0.72
"2026-07-10 09:15",231.071,235.667,226.065,0.336,2.99,7.959
"2026-07-10 09:20",231.521,235.648,231.361,0.335,2.498,0.725
"2026-07-10 09:25",231.556,235.677,230.934,0.334,2.762,0.72
"2026-07-10 09:30",232.536,235.464,231.415,0.336,2.68,0.722
"2026-07-10 09:35",231.521,234.766,230.543,0.335,2.596,0.722
"2026-07-10 09:40",230.495,234.364,225.203,0.34,1.887,7.734
"2026-07-10 09:45",231.119,234.449,230.068,0.338,1.717,0.72
"2026-07-10 09:50",230.016,234.298,229.623,0.34,1.047,0.724
"2026-07-10 09:55",230.686,235.141,225.781,0.341,1.104,7.744
"2026-07-10 10:00",229.979,233.781,229.074,0.335,1.662,0.726
"2026-07-10 10:05",230.801,234.805,230.164,0.331,1.62,0.731
"2026-07-10 10:10",230.577,234.794,229.856,0.332,0.713,0.732
"2026-07-10 10:15",229.592,233.585,224.607,0.336,2.059,7.858
"2026-07-10 10:20",229.95,233.511,229.104,0.332,1.986,0.714
"2026-07-10 10:25",230.131,233.565,229.26,0.331,2.426,0.722
"2026-07-10 10:30",229.838,233.336,223.913,0.333,2.303,7.894
"2026-07-10 10:35",229.672,233.488,228.57,0.334,1.915,0.725
"2026-07-10 10:40",229.288,232.597,228.36,0.329,2.328,0.72
"2026-07-10 10:45",229.065,232.746,223.713,0.332,2.778,7.882
"2026-07-10 10:50",229.338,232.557,228.453,0.331,2.891,0.721
"2026-07-10 10:55",228.967,232.345,227.911,0.332,2.625,0.714
"2026-07-10 11:00",230.61,237.068,225.945,0.336,2.293,7.778
"2026-07-10 11:05",229.177,235.408,228.788,0.334,2.637,0.717
"2026-07-10 11:10",228.178,233.644,227.996,0.333,2.986,0.711
"2026-07-10 11:15",228.585,234.675,228.508,0.333,2.549,0.714
"2026-07-10 11:20",228.664,235.311,228.528,0.339,2.159,0.716
"2026-07-10 11:25",230.985,228.588,222.285,0.343,1.741,7.653
"2026-07-10 11:30",231.225,234.616,228.506,0.342,1.576,0.717
"2026-07-10 11:35",231.972,235.349,229.397,0.339,2.081,0.72
"2026-07-10 11:40",230.617,233.327,228.604,0.334,3.08,0.716
"2026-07-10 11:45",231.792,235.12,224.585,0.338,2.867,7.79
"2026-07-10 11:50",232.584,236.044,230.125,0.341,1.858,0.714
"2026-07-10 11:55",231.288,235.854,229.906,0.342,1.093,0.714
"2026-07-10 12:00",231.35,235.7,230.27,,,
"2026-07-10 12:05",231.422,235.55,230.644,0.334,0.559,0.725
"2026-07-10 12:10",230.906,235.256,230.238,0.334,0.558,0.721
"2026-07-10 12:15",229.395,234.269,224.132,0.334,0.552,7.948
"2026-07-10 12:20",229.075,233.43,228.661,0.33,0.553,0.722
"2026-07-10 12:25",229.377,233.695,228.639,0.331,0.553,0.721
"2026-07-10 12:30",229.306,233.727,224.479,0.338,1.558,7.8
"2026-07-10 12:35",229.982,234.564,224.762,0.342,1.266,7.853
"2026-07-10 12:40",227.963,231.734,226.847,0.336,1.858,0.713
"2026-07-10 12:45",228.751,232.325,227.931,0.337,1.939,0.717
"2026-07-10 12:50",228.098,231.536,227.015,0.333,2.136,0.715
"2026-07-10 12:55",228.543,233.03,223.624,0.34,1.055,7.762
"2026-07-10 13:00",229.06,232.901,228.341,0.337,1.526,0.719
"2026-07-10 13:05",227.862,232.161,222.822,0.338,1.463,7.789
"2026-07-10 13:10",228.384,232.681,227.622,0.329,0.55,0.72
"2026-07-10 13:15",227.892,231.528,227.27,0.33,1.454,0.72
"2026-07-10 13:20",228.013,231.07,227.164,0.329,2.056,0.719
"2026-07-10 13:25",227.367,230.838,222.45,0.333,2.217,7.74
"2026-07-10 13:30",228.187,231.4,227.388,0.329,2.124,0.72
"2026-07-10 13:35",228.223,231.606,227.41,0.331,2.116,0.716
"2026-07-10 13:40",228.228,232.402,223.138,0.336,2.028,7.743
"2026-07-10 13:45",228.146,231.313,227.285,0.328,2.539,0.719
"2026-07-10 13:50",228.385,231.498,227.334,0.329,2.595,0.715
"2026-07-10 13:55",227.785,231.655,222.908,0.331,2.528,7.817
"2026-07-10 14:00",227.789,231.334,227.146,0.332,2.247,0.714
"2026-07-10 14:05",228.484,231.875,227.662,0.331,2.269,0.715
"2026-07-10 14:10",227.546,230.735,226.453,0.329,2.589,0.713
"2026-07-10 14:15",227.969,230.987,221.37,0.333,2.64,8.087
"2026-07-10 14:20",229.895,232.293,227.949,0.331,2.616,0.72
"2026-07-10 14:25",230.106,232.654,228.106,0.334,2.11,0.719
"2026-07-10 14:30",229.285,232.641,223.174,0.338,1.668,7.903
"2026-07-10 14:35",230.043,233.095,228.039,0.34,1.357,0.723
"2026-07-10 14:40",230,232.974,228.09,0.334,1.652,1.213
"2026-07-10 14:45",229.858,232.664,227.582,0.333,1.946,0.751
"2026-07-10 14:50",230.187,232.274,227.9,0.33,2.362,0.885
"2026-07-10 14:55",229.379,232.338,222.734,0.331,2.495,7.813
"2026-07-10 15:00",229.667,232.545,223.096,0.334,2.542,8.135
"2026-07-10 15:05",228.974,231.618,226.734,0.328,2.279,1.192
"2026-07-10 15:10",229.406,232.128,226.969,0.332,2.243,1.205
"2026-07-10 15:15",229.062,231.676,221.174,0.331,2.263,6.981
"2026-07-10 15:20",229.217,232.441,222.416,0.337,2.039,8.159
"2026-07-10 15:25",228.609,230.966,226.275,0.331,2.364,0.716
"2026-07-10 15:30",228.392,231.489,226.525,0.329,2.687,0.711
"2026-07-10 15:35",228.581,232.363,226.935,0.333,2.21,0.714
"2026-07-10 15:40",228.99,233.833,223.02,0.344,1.442,7.974
"2026-07-10 15:45",229.872,233.505,228.123,0.335,2.417,0.716
"2026-07-10 15:50",230.308,233.565,228.715,0.335,3.325,0.715
"2026-07-10 15:55",229.922,233.752,224.01,0.337,3.227,7.904
"2026-07-10 16:00",231.136,234.808,229.646,0.338,2.394,0.719
"2026-07-10 16:05",230.178,233.54,228.89,0.338,2.311,0.715
"2026-07-10 16:10",230.008,233.605,228.621,0.331,2.652,0.717
"2026-07-10 16:15",230.687,234.406,229.41,0.333,2.444,0.723
"2026-07-10 16:20",229.957,233.489,223.789,0.335,2.764,7.751
"2026-07-10 16:25",230.699,234.105,229.131,0.334,2.908,0.721
"2026-07-10 16:30",229.88,233.031,228.142,0.331,2.881,0.716
"2026-07-10 16:35",231.141,234.405,229.38,0.336,2.939,0.722
"2026-07-10 16:40",231.708,235.664,225.649,0.337,2.989,8.005
"2026-07-10 16:45",231.767,234.861,229.684,0.334,2.915,0.718
"2026-07-10 16:50",232.52,235.872,230.751,0.335,2.716,0.722
"2026-07-10 16:55",232.309,236.201,226.67,0.338,2.824,7.782
"2026-07-10 17:00",232.404,235.413,231.602,0.334,3.142,0.73
"2026-07-10 17:05",232.622,235.445,231.684,0.335,3.389,0.725
"2026-07-10 17:10",233.41,235.542,232.924,0.336,3.53,0.73
"2026-07-10 17:15",232.872,235.097,227.438,0.339,3.501,7.918
"2026-07-10 17:20",233.192,235.181,232.228,0.337,3.587,0.725
"2026-07-10 17:25",233.528,234.766,232.352,0.338,3.584,0.725
"2026-07-10 17:30",233.785,235.123,232.444,0.34,3.567,0.727
"2026-07-10 17:35",231.032,232.756,230.867,0.338,3.556,0.721
"2026-07-10 17:40",231.137,233.117,226.464,0.34,3.535,7.794
"2026-07-10 17:45",232.068,233.892,231.449,0.338,3.504,0.723
"2026-07-10 17:50",231.703,234.04,231.215,0.338,3.523,0.719
"2026-07-10 17:55",231.944,234.094,231.802,0.338,3.581,0.723
"2026-07-10 18:00",232.05,234.47,232.12,,,
"2026-07-10 18:05",232.155,234.852,232.444,0.34,3.581,0.726
"2026-07-10 18:10",226.852,231.089,223.858,0.33,3.685,0.695
"2026-07-10 18:15",227.075,232.358,224.675,0.328,3.682,0.699
"2026-07-10 18:20",226.21,231.985,219.359,0.33,3.681,7.67
"2026-07-10 18:25",228.025,233.375,225.4,0.331,3.662,0.702
"2026-07-10 18:30",223.956,230.139,221.816,0.326,3.698,0.688
"2026-07-10 18:35",226.105,233.404,223.731,0.328,3.683,0.694
"2026-07-10 18:40",225.744,233.207,223.741,0.327,3.66,0.697
"2026-07-10 18:45",223.008,230.337,216.755,0.326,3.697,7.55
"2026-07-10 18:50",222.022,229.268,219.978,0.323,3.712,0.682
"2026-07-10 18:55",221.853,229.148,219.421,0.326,3.732,0.68
"2026-07-10 19:00",223.578,230.288,220.162,0.326,3.721,0.685
"2026-07-10 19:05",222.25,229.456,215.077,0.326,3.702,7.415
"2026-07-10 19:10",221.326,227.714,217.527,0.324,3.729,0.677
"2026-07-10 19:15",223.049,229.521,219.654,0.326,3.701,0.68
"2026-07-10 19:20",222.679,229.556,219.347,0.326,3.704,0.68
"2026-07-10 19:25",223.491,230.195,220.264,0.326,3.705,0.685
"2026-07-10 19:30",222.418,229.963,215.268,0.326,3.728,7.669
"2026-07-10 19:35",222.723,229.672,219.711,0.325,3.704,0.683
"2026-07-10 19:40",223.653,230.487,220.468,0.327,3.693,0.682
"2026-07-10 19:45",224.11,231.135,220.878,0.327,3.679,0.685
"2026-07-10 19:50",224.169,231.033,220.722,0.327,3.706,0.685
"2026-07-10 19:55",223.482,231.07,216.144,0.328,3.683,7.473
"2026-07-10 20:00",224.039,230.65,220.362,0.326,3.717,0.682
"2026-07-10 20:05",223.236,230.03,219.751,0.324,3.699,0.682
"2026-07-10 20:10",222.829,229.35,219.089,0.325,3.71,0.679
"2026-07-10 20:15",221.843,228.84,214.386,0.325,3.71,7.499
"2026-07-10 20:20",222.062,229.021,218.562,0.324,3.714,0.679
"2026-07-10 20:25",222.682,229.291,219.123,0.325,3.742,0.677
"2026-07-10 20:30",222.492,228.874,218.542,0.324,3.717,0.677
"2026-07-10 20:35",222.642,229.194,218.93,0.325,3.723,0.68
"2026-07-10 20:40",221.971,228.657,213.992,0.326,3.711,7.574
"2026-07-10 20:45",224.66,231.111,220.504,0.327,3.68,0.685
"2026-07-10 20:50",224.14,230.838,220.285,0.326,3.686,0.682
"2026-07-10 20:55",224.084,230.304,220.383,0.325,3.691,0.685
"2026-07-10 21:00",223.99,230.321,220.216,0.325,3.706,0.685
"2026-07-10 21:05",223.704,230.593,215.944,0.327,3.681,7.674
"2026-07-10 21:10",223.356,229.089,219.538,0.324,3.713,0.683
"2026-07-10 21:15",222.752,228.545,219.067,0.325,3.721,0.679
"2026-07-10 21:20",222.187,227.917,218.642,0.324,3.734,0.676
"2026-07-10 21:25",220.939,226.634,217.141,0.322,3.749,0.675
"2026-07-10 21:30",221.431,227.05,212.54,0.324,3.743,7.41
"2026-07-10 21:35",222.713,226.3,215.652,0.324,3.748,0.667
"2026-07-10 21:40",222.578,226.288,215.215,0.324,3.755,0.666
"2026-07-10 21:45",222.387,226.09,215.374,0.324,3.789,0.669
"2026-07-10 21:50",222.167,225.778,215.056,0.323,3.761,0.668
"2026-07-10 21:55",221.305,225.233,210.158,0.325,3.761,7.446
"2026-07-10 22:00",220.944,224.491,213.56,0.322,3.783,0.663
"2026-07-10 22:05",221.736,224.802,213.579,0.323,3.801,0.659
"2026-07-10 22:10",221.371,224.251,213.21,0.322,3.811,0.66
"2026-07-10 22:15",224.369,226.369,215.432,0.324,3.75,0.669
"2026-07-10 22:20",223.83,226.536,210.891,0.325,3.749,7.651
"2026-07-10 22:25",225.315,227.74,216.476,0.325,3.728,0.671
"2026-07-10 22:30",0,0,0,0,0,0
"2026-07-10 22:35",233.554,239.209,226.362,0,0,0
"2026-07-10 22:40",0,0,0,0,0,0
"2026-07-10 22:45",0,0,0,0,0,0
"2026-07-10 22:50",0,0,0,0,0,0
"2026-07-10 22:55",0,0,0,0,0,0
"2026-07-10 23:00",226.168,234.983,225.753,0.327,4.47,0.763
"2026-07-10 23:05",220.552,227.934,217.485,0.319,3.613,0.68
"2026-07-10 23:10",219.775,227.477,213.349,0.321,3.733,7.397
"2026-07-10 23:15",219.98,227.229,217.343,0.319,3.738,0.727
"2026-07-10 23:20",220.266,227.278,217.321,0.319,3.734,0.672
"2026-07-10 23:25",220.677,227.962,217.99,0.32,3.731,0.677
"2026-07-10 23:30",220.539,227.649,217.934,0.32,3.736,0.678
"2026-07-10 23:35",220.086,227.66,213.683,0.322,3.728,7.398
"2026-07-10 23:40",221.429,227.603,217.689,0.321,3.743,0.673
"2026-07-10 23:45",221.289,227.493,217.58,0.321,3.745,0.672
"2026-07-10 23:50",221.519,227.638,217.904,0.321,3.73,0.674
"2026-07-10 23:55",221.787,228.147,218.079,0.323,3.723,0.676
"2026-07-11 00:00",221.93,228.41,216.27,,,
"2026-07-11 00:05",222.081,228.665,214.46,0.325,3.717,7.538
"2026-07-11 00:10",224.259,230.447,220.641,0.325,3.689,0.688
"2026-07-11 00:15",223.506,229.876,220.24,0.325,3.702,0.684
"2026-07-11 00:20",223.691,229.82,220.067,0.325,3.705,0.686
"2026-07-11 00:25",223.982,230.274,220.669,0.325,3.706,0.689
"2026-07-11 00:30",222.61,229.453,215.085,0.325,3.698,7.508
"2026-07-11 00:35",222.924,229.142,219.849,0.323,3.715,0.683
"2026-07-11 00:40",225.356,231.937,221.759,0.326,3.673,0.689
"2026-07-11 00:45",224.481,230.894,221.368,0.324,3.719,0.69
"2026-07-11 00:50",224.728,231.354,221.481,0.325,3.679,0.692
"2026-07-11 00:55",221.576,227.752,218.204,0.322,3.737,0.682
"2026-07-11 01:00",221.118,228.158,213.844,0.323,3.723,7.359
"2026-07-11 01:05",221.298,227.358,217.684,0.322,3.74,0.675
"2026-07-11 01:10",222.387,228.509,218.893,0.324,3.722,0.679
"2026-07-11 01:15",222.656,229.207,219.541,0.323,3.715,0.683
"2026-07-11 01:20",222.956,229.229,219.532,0.324,3.717,0.685
"2026-07-11 01:25",223.31,229.801,215.665,0.326,3.699,7.462
"2026-07-11 01:30",220.865,226.995,217.348,0.319,3.754,0.677
"2026-07-11 01:35",222.244,228.247,218.841,0.324,3.728,0.679
"2026-07-11 01:40",221.078,227.187,217.429,0.322,3.74,0.676
"2026-07-11 01:45",221.506,227.67,217.887,0.323,3.737,0.678
"2026-07-11 01:50",221.508,228.393,213.96,0.325,3.716,7.581
"2026-07-11 01:55",221.952,228.539,218.391,0.323,3.735,0.681
"2026-07-11 02:00",222.381,228.803,218.58,0.324,3.719,0.678
"2026-07-11 02:05",222.002,228.33,218.307,0.322,3.731,0.678
"2026-07-11 02:10",221.985,228.27,218.166,0.323,3.756,0.679
"2026-07-11 02:15",222.006,228.835,214.437,0.326,3.709,7.615
"2026-07-11 02:20",222.914,229.402,219.142,0.324,3.708,0.751
"2026-07-11 02:25",222.646,228.606,218.696,0.324,3.732,0.678
"2026-07-11 02:30",222.944,229.157,218.995,0.325,3.712,0.68
"2026-07-11 02:35",222.305,228.568,218.681,0.324,3.724,0.682
"2026-07-11 02:40",222.844,229.217,219.119,0.326,3.745,0.685
"2026-07-11 02:45",222.57,229.419,215.048,0.327,3.702,7.381
"2026-07-11 02:50",223.938,230.476,220.368,0.327,3.691,0.684
"2026-07-11 02:55",224.378,230.776,221.091,0.326,3.69,0.688
"2026-07-11 03:00",224.422,231.135,221.048,0.327,3.677,0.691
"2026-07-11 03:05",224.811,231.124,221.229,0.327,3.684,0.693
"2026-07-11 03:10",224.382,231.523,216.941,0.329,3.679,7.559
"2026-07-11 03:15",224.494,231.317,221.261,0.327,3.71,0.692
"2026-07-11 03:20",224.58,231.243,221.6,0.327,3.681,0.69
"2026-07-11 03:25",224.423,231.377,221.203,0.327,3.691,0.692
"2026-07-11 03:30",224.401,230.96,221.01,0.327,3.681,0.693
"2026-07-11 03:35",223.85,230.661,216.42,0.329,3.682,7.422
"2026-07-11 03:40",225.422,231.865,222.188,0.327,3.673,0.691
"2026-07-11 03:45",226.124,232.723,223.161,0.329,3.663,0.694
"2026-07-11 03:50",225.699,232.462,222.719,0.328,3.665,0.694
"2026-07-11 03:55",226.499,232.954,223.332,0.329,3.663,0.697
"2026-07-11 04:00",224.899,233.034,218.715,0.331,3.68,7.618
"2026-07-11 04:05",225.936,233.48,223.695,0.329,3.645,0.698
"2026-07-11 04:10",225.412,233.106,223.132,0.329,3.648,0.694
"2026-07-11 04:15",225.57,233.289,223.508,0.329,3.658,0.696
"2026-07-11 04:20",225.779,233.489,223.646,0.329,3.651,0.7
"2026-07-11 04:25",226.004,233.721,223.85,0.33,3.683,0.701
"2026-07-11 04:30",225.607,233.814,219.727,0.332,3.638,7.478
"2026-07-11 04:35",226.803,234.577,224.86,0.33,3.632,0.703
"2026-07-11 04:40",226.436,234.404,224.571,0.33,3.638,0.699
"2026-07-11 04:45",226.317,233.912,224.227,0.33,3.641,0.7
"2026-07-11 04:50",226.233,233.816,224.022,0.33,3.649,0.701
"2026-07-11 04:55",226.388,234.856,220.498,0.333,3.624,7.659
"2026-07-11 05:00",226.77,234.734,224.764,0.331,3.634,0.772
"2026-07-11 05:05",224.336,232.802,223.34,0.329,3.663,0.695
"2026-07-11 05:10",224.654,233.082,223.593,0.329,3.653,0.697
"2026-07-11 05:15",223.959,232.436,223.265,0.329,3.67,0.698
"2026-07-11 05:20",224.212,232.773,223.438,0.329,3.687,0.698
"2026-07-11 05:25",223.934,233.13,219.133,0.331,3.653,7.449
"2026-07-11 05:30",224.907,233.567,224.399,0.329,3.652,0.7
"2026-07-11 05:35",225.16,233.923,224.472,0.329,3.643,0.698
"2026-07-11 05:40",224.855,233.706,224.038,0.329,3.653,0.699
"2026-07-11 05:45",225.929,234.794,225.229,0.331,3.662,0.703
"2026-07-11 05:50",225.041,233.301,219.907,0.331,3.651,7.622
"2026-07-11 05:55",225.331,233.063,224.089,0.33,3.651,0.7
"2026-07-11 06:00",225.35,232.69,224.23,,,
"2026-07-11 06:05",225.368,232.317,224.362,0.331,3.665,0.701
"2026-07-11 06:10",224.311,231.313,223.2,0.33,3.683,0.699
"2026-07-11 06:15",224.838,231.883,223.796,0.331,3.673,0.702
"2026-07-11 06:20",227.238,234.435,222.147,0.335,3.652,7.431
"2026-07-11 06:25",232.47,236.316,231.962,0.341,3.615,0.791
"2026-07-11 06:30",231.651,235.698,231.185,0.339,3.626,0.722
"2026-07-11 06:35",232.782,235.68,232.286,0.341,3.629,0.726
"2026-07-11 06:40",231.678,234.989,231.36,0.339,3.193,0.725
"2026-07-11 06:45",231.297,234.753,226.555,0.341,3.809,7.595
"2026-07-11 06:50",233.179,235.086,232.181,0.34,3.664,0.728
"2026-07-11 06:55",233.514,235.29,232.425,0.341,3.613,0.725
"2026-07-11 07:00",233.376,235.11,232.38,0.34,3.629,0.728
"2026-07-11 07:05",234.159,235.644,233.093,0.341,3.639,0.731
"2026-07-11 07:10",233.931,235.838,228.6,0.343,3.613,7.666
"2026-07-11 07:15",234.109,234.472,232.512,0.34,3.644,0.727
"2026-07-11 07:20",233.598,233.959,232.189,0.339,3.68,0.726
"2026-07-11 07:25",234.099,234.064,232.499,0.342,4.132,0.728
"2026-07-11 07:30",234.126,234.518,232.423,0.344,3.521,0.802
"2026-07-11 07:35",234.103,234.805,232.545,0.344,3.458,0.817
"2026-07-11 07:40",233.111,234.171,227.326,0.346,3.478,7.74
"2026-07-11 07:45",234.097,234.501,232.419,0.343,3.505,0.729
"2026-07-11 07:50",233.482,234.096,231.816,0.342,3.507,0.723
"2026-07-11 07:55",233.413,233.682,231.34,0.343,3.614,0.724
"2026-07-11 08:00",232.799,232.981,231.013,0.343,3.581,0.724
"2026-07-11 08:05",232.572,233.376,226.273,0.346,3.51,7.868
"2026-07-11 08:10",233.548,233.696,231.765,0.345,3.441,0.725
"2026-07-11 08:15",233.049,233.084,231.077,0.343,3.491,0.722
"2026-07-11 08:20",233.684,233.794,231.489,0.345,3.394,0.724
"2026-07-11 08:25",231.799,231.604,229.394,0.345,3.485,0.72
"2026-07-11 08:30",231.817,232.482,225.284,0.347,3.431,7.544
"2026-07-11 08:35",232.377,232.706,230.354,0.345,3.192,0.719
"2026-07-11 08:40",232.134,232.722,230.112,0.345,3.001,0.718
"2026-07-11 08:45",232.356,232.938,230.305,0.347,2.696,0.718
"2026-07-11 08:50",232.192,233.17,230.244,0.347,2.462,0.72
"2026-07-11 08:55",231.084,232.48,224.734,0.35,2.348,7.807
"2026-07-11 09:00",230.26,232.558,228.77,0.344,1.977,0.716
"2026-07-11 09:05",230.322,232.454,228.742,0.345,1.927,0.714
"2026-07-11 09:10",230.016,232.703,228.678,0.345,1.653,0.716
"2026-07-11 09:15",230.937,233.589,229.506,0.345,1.822,0.72
"2026-07-11 09:20",231.161,234.682,225.651,0.349,1.525,7.752
"2026-07-11 09:25",231.73,234.838,230.744,0.344,1.385,0.727
"2026-07-11 09:30",231.538,234.216,230.088,0.345,1.936,0.722
"2026-07-11 09:35",231.694,234.419,230.551,0.343,1.969,0.725
"2026-07-11 09:40",230.422,233.623,224.76,0.348,1.682,7.947
"2026-07-11 09:45",231.24,234.002,230.288,0.342,1.978,0.725
"2026-07-11 09:50",231.354,234.373,230.095,0.347,0.966,0.723
"2026-07-11 09:55",229.548,232.096,228.283,0.343,1.837,0.718
"2026-07-11 10:00",228.803,231.355,223.631,0.341,2.282,7.424
"2026-07-11 10:05",229.408,232.057,228.274,0.341,2.149,0.732
"2026-07-11 10:10",229.536,232.125,228.613,0.342,2.104,0.717
"2026-07-11 10:15",0,0,0,0,0,0
"2026-07-11 10:20",0,0,0,0,0,0
"2026-07-11 10:25",0,0,0,0,0,0
"2026-07-11 10:30",0,0,0,0,0,0
"2026-07-11 10:35",0,0,0,0,0,0
"2026-07-11 10:40",231.592,233.465,231.089,0.336,2.685,0.73
"2026-07-11 10:45",229.919,232.356,225.051,0.383,2.64,7.843
"2026-07-11 10:50",230.294,232.973,229.152,0.385,2.412,0.727
"2026-07-11 10:55",232.5,235.492,231.074,0.389,1.753,0.729
"2026-07-11 11:00",233.119,235.646,231.724,0.385,2.688,0.73
"2026-07-11 11:05",233.714,236.812,227.915,0.389,2.494,7.806
"2026-07-11 11:10",233.592,236.122,232.142,0.387,2.407,0.732
"2026-07-11 11:15",233.789,236.49,232.86,0.387,1.875,0.733
"2026-07-11 11:20",234.148,236.488,233.645,0.389,1.845,0.737
"2026-07-11 11:25",233.341,235.715,228.522,0.389,2.347,7.848
"2026-07-11 11:30",233.401,235.239,233.087,0.385,2.536,0.736
"2026-07-11 11:35",233.405,236.004,232.96,0.389,1.634,0.733
"2026-07-11 11:40",233.397,236.436,228.597,0.39,0.971,8.057
"2026-07-11 11:45",234.477,237.473,234.161,0.385,0.913,0.743
"2026-07-11 11:50",234.26,237.462,234.148,0.388,0.564,0.741
"2026-07-11 11:55",232.062,235.159,227.409,0.389,1.038,7.821
"2026-07-11 12:00",232.26,235.29,229.88,,,
"2026-07-11 12:05",232.464,235.421,232.351,0.383,0.589,0.743
"2026-07-11 12:10",232.038,235.189,232.367,0.381,0.557,0.742
"2026-07-11 12:15",231.545,234.911,227.054,0.381,0.62,7.886
"2026-07-11 12:20",232.217,235.366,232.254,0.379,0.558,0.74
"2026-07-11 12:25",233.048,235.999,232.893,0.385,1.146,0.744
"2026-07-11 12:30",232.017,235.129,227.674,0.385,1.239,7.879
"2026-07-11 12:35",232.404,235.023,232.236,0.382,1.27,0.744
"2026-07-11 12:40",233.527,231.91,232.33,0.378,1.629,0.74
"2026-07-11 12:45",234.018,232.804,227.518,0.384,1.192,7.971
"2026-07-11 12:50",232.427,231.75,230.77,0.379,1.359,0.737
"2026-07-11 12:55",232.408,232.76,231.469,0.377,1.447,0.736
"2026-07-11 13:00",230.586,231.601,225.519,0.377,1.513,7.878
"2026-07-11 13:05",232.8,232.588,230.761,0.381,1.622,0.737
"2026-07-11 13:10",232.586,233.774,231.113,0.378,1.294,0.736
"2026-07-11 13:15",232.806,234.401,231.235,0.378,0.554,0.737
"2026-07-11 13:20",232.058,234.282,226.367,0.379,0.549,8.129
"2026-07-11 13:25",231.774,233.386,230.368,0.376,0.552,0.74
"2026-07-11 13:30",231.555,232.999,230.506,0.377,1.212,0.736
"2026-07-11 13:35",231.032,232.749,225.284,0.378,1.579,8.363
"2026-07-11 13:40",231.601,233.388,225.442,0.38,1.504,8.536
"2026-07-11 13:45",231.589,233.703,225.864,0.38,0.547,8.141
"2026-07-11 13:50",231.149,233.347,225.397,0.38,0.547,8.562
"2026-07-11 13:55",231.022,233.153,225.555,0.378,0.553,8.482
"2026-07-11 14:00",231.379,233.639,225.689,0.381,0.557,8.553
"2026-07-11 14:05",231.251,233.775,225.675,0.379,0.55,8.516
"2026-07-11 14:10",230.351,232.438,224.412,0.378,0.544,8.536
"2026-07-11 14:15",231.818,234.531,225.348,0.374,0.559,8.564
"2026-07-11 14:20",231.996,234.686,225.696,0.378,0.549,8.595
"2026-07-11 14:25",230.318,233.921,224.222,0.37,0.542,8.551
"2026-07-11 14:30",233.82,237.635,227.585,0.374,0.591,8.727
"2026-07-11 14:35",234.014,237.316,227.694,0.385,1.712,8.55
"2026-07-11 14:40",233.031,236.761,228.158,0.381,2.268,8.043
"2026-07-11 14:45",233.216,237.136,228.304,0.383,1.694,8.027
"2026-07-11 14:50",232.622,236.504,228.016,0.382,1.934,7.968
"2026-07-11 14:55",231.985,236.192,227.398,0.381,0.961,8.009
"2026-07-11 15:00",233.183,236.985,233.246,0.381,1.166,0.746
"2026-07-11 15:05",232.322,236.532,227.765,0.382,0.962,8.024
"2026-07-11 15:10",232.009,235.788,232.245,0.379,1.026,0.743
"2026-07-11 15:15",232.25,236.13,232.36,,,
"2026-07-11 15:20",232.493,236.468,232.47,0.377,0.557,0.739
"2026-07-11 15:25",232.581,236.145,227.496,0.382,1.873,8.044
"2026-07-11 15:30",233.244,236.692,233.073,0.38,1.924,0.745
"2026-07-11 15:35",233.041,236.458,232.996,0.379,1.961,0.741
"2026-07-11 15:40",233.184,236.24,233.048,0.377,2.26,9.165
"2026-07-11 15:45",232.617,235.998,227.863,0.378,2.449,7.999
"2026-07-11 15:50",233.123,235.886,233.014,0.375,2.76,0.742
"2026-07-11 15:55",232.62,235.47,230.16,,,
"2026-07-11 16:00",232.108,235.051,227.305,0.377,3.181,8.007
"2026-07-11 16:05",231.717,234.106,231.438,0.378,3.351,0.733
"2026-07-11 16:10",231.911,234.622,231.725,0.378,3.047,0.729
"2026-07-11 16:15",231.259,234.386,226.764,0.379,2.95,7.877
"2026-07-11 16:20",231.281,234.36,226.824,0.379,3.143,7.947
"2026-07-11 16:25",231.905,234.776,231.995,0.378,3.035,0.734
"2026-07-11 16:30",232.89,238.766,235.591,0,0,0
"2026-07-11 16:35",232.418,230.408,226.728,0.38,3.473,8.025
"2026-07-11 16:40",0,0,0,0,0,0
"2026-07-11 16:45",238.888,236.646,232.651,0.384,4.887,8.073
"2026-07-11 16:50",232.394,230.545,230.442,0.378,3.631,0.729
"2026-07-11 16:55",232.033,231.528,231.363,0.38,3.409,0.727
"2026-07-11 17:00",235.573,230.147,233.186,0.38,3.56,0.732
"2026-07-11 17:05",242.395,238.011,240.982,0.387,4.112,0.763
"2026-07-11 17:10",232.477,230.891,226.783,0.383,3.709,7.821
"2026-07-11 17:15",233.397,231.715,232.057,0.381,3.637,0.734
"2026-07-11 17:20",0,0,0,0,0,0
"2026-07-11 17:25",235.351,230.638,234.692,0.38,3.697,0.738
"2026-07-11 17:30",234.769,230.62,228.017,0.383,3.941,7.816
"2026-07-11 17:35",234.48,231.091,232.632,0.383,3.498,0.731
"2026-07-11 17:40",240.886,237.606,240.043,0.394,4.398,0.761
"2026-07-11 17:45",234.304,230.295,232.15,0.386,4.479,0.734
"2026-07-11 17:50",233.107,232.219,226.578,0.389,3.665,7.927
"2026-07-11 17:55",233.36,231.954,231.343,0.387,3.675,0.727
"2026-07-11 18:00",233.82,232.23,231.72,,,
"2026-07-11 18:05",234.281,232.498,232.098,0.388,3.665,0.73
"2026-07-11 18:10",230.937,234.407,223.892,0.385,3.64,7.826
"2026-07-11 18:15",230.368,233.251,227.4,0.381,3.661,0.714
"2026-07-11 18:20",230.555,233.408,227.422,0.38,3.659,0.712
"2026-07-11 18:25",231.035,233.725,227.827,0.383,3.682,0.714
"2026-07-11 18:30",230.326,234.299,223.471,0.383,3.643,7.321
"2026-07-11 18:35",229.444,233.174,226.721,0.382,3.659,0.721
"2026-07-11 18:40",229.185,232.708,226.572,0.38,3.673,0.711
"2026-07-11 18:45",228.799,232.679,226.094,0.382,3.68,0.712
"2026-07-11 18:50",228.56,231.965,225.573,0.384,3.716,0.71
"2026-07-11 18:55",227.008,231.964,219.992,0.384,3.674,7.649
"2026-07-11 19:00",225.881,231.474,223.767,0.381,3.685,0.701
"2026-07-11 19:05",227.542,233.118,225.294,0.382,3.663,0.703
"2026-07-11 19:10",226.661,232.55,224.483,0.384,3.677,0.702
"2026-07-11 19:15",225.616,231.135,223.27,0.385,3.72,0.699
"2026-07-11 19:20",225.041,233.541,218.764,0.381,3.65,7.476
"2026-07-11 19:25",228.727,236.724,227.684,0.386,3.613,0.712
"2026-07-11 19:30",228.015,234.989,226.516,0.386,3.634,0.707
"2026-07-11 19:35",226.138,233.001,224.178,0.386,3.683,0.701
"2026-07-11 19:40",225.087,232,218.979,0.386,3.673,7.514
"2026-07-11 19:45",225.565,231.977,223.495,0.384,3.677,0.696
"2026-07-11 19:50",224.61,230.685,222.273,0.383,3.69,0.691
"2026-07-11 19:55",223.198,230.286,221.434,0.383,3.701,0.689
"2026-07-11 20:00",224.243,231.289,222.521,0.385,3.687,0.694
"2026-07-11 20:05",222.953,230.355,217.323,0.385,3.695,7.58
"2026-07-11 20:10",224.252,230.913,222.542,0.381,3.72,0.693
"2026-07-11 20:15",224.298,231.28,222.649,0.381,3.684,0.689
"2026-07-11 20:20",224.272,231.298,222.472,0.382,3.688,0.69
"2026-07-11 20:25",223.972,230.796,222.057,0.382,3.692,0.691
"2026-07-11 20:30",222.171,230.279,216.118,0.383,3.696,7.696
"2026-07-11 20:35",222.662,230.743,221.033,0.38,3.696,0.687
"2026-07-11 20:40",222.811,230.886,221.159,0.378,3.697,0.685
"2026-07-11 20:45",221.742,229.987,220.442,0.381,3.703,0.684
"2026-07-11 20:50",221.849,230.078,220.428,0.382,3.714,0.684
"2026-07-11 20:55",222.912,231.803,217.418,0.379,3.674,7.489
"2026-07-11 21:00",222.6,231.266,221.354,0.381,3.693,0.686
"2026-07-11 21:05",223.603,231.938,222.067,0.381,3.705,0.688
"2026-07-11 21:10",222.825,230.981,221.327,0.378,3.721,0.688
"2026-07-11 21:15",222.652,230.864,221.037,0.373,3.693,0.686
"2026-07-11 21:20",221.699,230.099,215.954,0.37,3.698,7.42
"2026-07-11 21:25",222.353,229.643,219.282,0.364,3.725,0.676
"2026-07-11 21:30",222.912,229.395,218.506,0.36,3.713,0.675
"2026-07-11 21:35",222.253,228.64,218.107,0.356,3.736,0.675
"2026-07-11 21:40",222.434,229.178,218.691,0.352,3.722,0.677
"2026-07-11 21:45",221.202,228.28,213.12,0.349,3.725,7.661
"2026-07-11 21:50",221.177,227.608,217.118,0.345,3.742,0.671
"2026-07-11 21:55",225.168,230.71,219.725,0.344,3.724,0.676
"2026-07-11 22:00",224.163,229.604,218.915,0.34,3.709,0.673
"2026-07-11 22:05",224.779,230.229,219.456,0.339,3.708,0.677
"2026-07-11 22:10",224.292,230.61,215.138,0.338,3.689,7.623
"2026-07-11 22:15",225.657,231.296,220.345,0.337,3.677,0.679
"2026-07-11 22:20",225.252,230.511,219.714,0.335,3.704,0.675
"2026-07-11 22:25",225.075,230.53,219.703,0.334,3.696,0.674
"2026-07-11 22:30",226.156,231.494,220.772,0.334,3.685,0.681
"2026-07-11 22:35",224.817,230.427,215.166,0.333,3.697,7.255
"2026-07-11 22:40",225.053,230.183,219.785,0.33,3.72,0.675
"2026-07-11 22:45",226.409,231.634,220.984,0.331,3.706,0.678
"2026-07-11 22:50",226.157,231.475,220.694,0.33,3.688,0.68
"2026-07-11 22:55",226.291,231.679,220.932,0.33,3.696,0.683
"2026-07-11 23:00",226.893,232.553,221.907,0.33,3.666,0.688
"2026-07-11 23:05",224.783,230.619,215.408,0.329,3.697,7.499
"2026-07-11 23:10",225.782,231.145,220.082,0.328,3.692,0.681
"2026-07-11 23:15",225.309,230.489,219.606,0.327,3.727,0.679
"2026-07-11 23:20",225.252,230.47,219.559,0.325,3.703,0.679
"2026-07-11 23:25",224.271,229.483,218.561,0.323,3.725,0.677
"2026-07-11 23:30",224.484,230.02,214.815,0.325,3.71,7.313
"2026-07-11 23:35",224.264,229.515,218.954,0.322,3.715,0.675
"2026-07-11 23:40",224.947,230.169,219.305,0.324,3.702,0.676
"2026-07-11 23:45",225.393,230.723,219.549,0.325,3.7,0.679
"2026-07-11 23:50",226.62,231.886,220.899,0.326,3.681,0.685
"2026-07-11 23:55",226.787,233.896,223.548,0.327,3.663,0.696
"2026-07-12 00:00",226.43,233.49,223.3,,,
"2026-07-12 00:05",226.08,233.08,223.05,0.326,3.678,0.693
"2026-07-12 00:10",226.127,233.005,222.921,0.327,3.672,0.692
"2026-07-12 00:15",225.333,232.32,222.532,0.326,3.689,0.692
"2026-07-12 00:20",225.447,232.13,222.225,0.326,3.679,0.694
"2026-07-12 00:25",225.938,232.896,222.962,0.327,3.691,0.696
"2026-07-12 00:30",226.345,233.681,219.125,0.33,3.649,7.594
"2026-07-12 00:35",226.746,233.855,224.02,0.328,3.659,0.699
"2026-07-12 00:40",226.406,233.715,223.943,0.328,3.663,0.695
"2026-07-12 00:45",226.693,233.952,223.98,0.327,3.649,0.696
"2026-07-12 00:50",226.148,233.228,223.773,0.327,3.662,0.697
"2026-07-12 00:55",226.159,233.732,219.076,0.33,3.669,7.652
"2026-07-12 01:00",226.001,232.97,223.455,0.327,3.661,0.695
"2026-07-12 01:05",225.948,232.828,223.124,0.328,3.66,0.694
"2026-07-12 01:10",226.163,233.235,223.421,0.327,3.655,0.695
"2026-07-12 01:15",227.538,234.138,224.478,0.329,3.652,0.698
"2026-07-12 01:20",226.824,234.003,224.168,0.329,3.654,0.698
"2026-07-12 01:25",224.095,232.266,218.442,0.329,3.665,7.61
"2026-07-12 01:30",223.505,231.221,222.076,0.327,3.694,0.692
"2026-07-12 01:35",224.632,232.589,223.263,0.327,3.68,0.693
"2026-07-12 01:40",224.711,232.37,223.318,0.327,3.688,0.695
"2026-07-12 01:45",224.873,232.732,223.364,0.328,3.671,0.695
"2026-07-12 01:50",222.942,230.982,217.247,0.328,3.688,7.293
"2026-07-12 01:55",224.973,233.061,223.649,0.327,3.663,0.693
"2026-07-12 02:00",224.973,232.807,223.732,0.328,3.665,0.692
"2026-07-12 02:05",225.592,233.349,224.349,0.329,3.662,0.697
"2026-07-12 02:10",225.362,233.214,224.05,0.328,3.661,0.697
"2026-07-12 02:15",223.632,231.25,222.108,0.324,3.712,0.696
"2026-07-12 02:20",223.64,231.779,218.046,0.329,3.703,7.623
"2026-07-12 02:25",224.314,231.929,222.896,0.329,3.677,0.695
"2026-07-12 02:30",225.073,232.458,223.425,0.33,3.67,0.696
"2026-07-12 02:35",224.898,232.419,223.166,0.33,3.691,0.696
"2026-07-12 02:40",224.555,232.511,223.152,0.329,3.693,0.697
"2026-07-12 02:45",225.235,233.001,223.841,0.33,3.695,0.7
"2026-07-12 02:50",225.069,233.421,219.607,0.332,3.648,7.403
"2026-07-12 02:55",225.874,233.609,224.407,0.33,3.655,0.698
"2026-07-12 03:00",225.332,233.369,224.427,0.329,3.654,0.702
"2026-07-12 03:05",225.06,232.992,223.932,0.329,3.659,0.7
"2026-07-12 03:10",224.82,232.97,221.59,,,
"2026-07-12 03:15",225.177,232.889,223.64,0.329,3.664,0.699
"2026-07-12 03:20",225.32,233.11,223.94,,,
"2026-07-12 03:25",225.462,233.322,224.242,0.329,3.658,0.699
"2026-07-12 03:30",226.082,233.739,224.58,0.33,3.67,0.703
"2026-07-12 03:35",225.46,233.342,223.95,0.33,3.684,0.701
"2026-07-12 03:40",225.341,233.632,220.037,0.332,3.642,7.439
"2026-07-12 03:45",226.788,234.759,225.526,0.331,3.654,0.702
"2026-07-12 03:50",226.439,234.341,225.159,0.331,3.646,0.704
"2026-07-12 03:55",226.017,234.042,224.922,0.33,3.645,0.703
"2026-07-12 04:00",226.71,234.483,225.639,0.332,3.641,0.706
"2026-07-12 04:05",226.268,234.928,220.862,0.334,3.639,7.689
"2026-07-12 04:10",227.255,235.458,225.844,0.333,3.637,0.705
"2026-07-12 04:15",227.52,235.866,226.58,0.332,3.635,0.707
"2026-07-12 04:20",227.72,235.695,226.473,0.333,3.627,0.708
"2026-07-12 04:25",227.63,235.71,226.49,,,
"2026-07-12 04:30",227.913,236.006,226.969,0.333,3.66,0.711
"2026-07-12 04:35",226.289,234.813,222.125,0.335,3.627,7.463
"2026-07-12 04:40",227.302,235.236,227.069,0.333,3.626,0.706
"2026-07-12 04:45",226.958,234.739,226.485,0.333,3.638,0.708
"2026-07-12 04:50",226.473,234.604,226.385,0.333,3.643,0.708
"2026-07-12 04:55",227.145,235.31,226.958,0.333,3.632,0.712
"2026-07-12 05:00",225.766,233.921,221.289,0.335,3.645,7.605
"2026-07-12 05:05",226.706,234.403,226.329,0.334,3.638,0.707
"2026-07-12 05:10",226.527,234.341,226.285,0.333,3.64,0.705
"2026-07-12 05:15",226.379,234.074,226.302,0.333,3.666,0.708
"2026-07-12 05:20",226.968,234.832,226.769,0.333,3.643,0.711
"2026-07-12 05:25",227.521,235.183,227.454,0.335,3.663,0.714
"2026-07-12 05:30",224.535,231.592,219.993,0.334,3.679,7.471
"2026-07-12 05:35",225.138,231.942,224.574,0.332,3.675,0.706
"2026-07-12 05:40",225.863,232.782,225.55,0.333,3.666,0.707
"2026-07-12 05:45",226.2,232.962,225.591,0.334,3.68,0.708
"2026-07-12 05:50",226.726,233.469,226.099,0.333,3.654,0.71
"2026-07-12 05:55",227.05,233.52,226.49,,,
"2026-07-12 06:00",227.38,233.58,226.87,,,
"2026-07-12 06:05",227.711,233.629,227.259,0.335,3.658,0.712
"2026-07-12 06:10",227.935,234.064,227.583,0.336,3.668,0.714
"2026-07-12 06:15",228.789,234.888,228.346,0.336,3.634,0.716
"2026-07-12 06:20",229.663,235.968,229.572,0.337,3.62,0.721
"2026-07-12 06:25",234.217,236.13,232.554,0.342,3.636,0.732
"2026-07-12 06:30",233.474,235.411,228.148,0.346,3.623,7.722
"2026-07-12 06:35",231.507,232.535,231.012,0.339,3.719,0.728
"2026-07-12 06:40",231.63,232.414,231.158,0.34,3.832,0.725
"2026-07-12 06:45",231.845,232.7,230.807,0.34,3.647,0.725
"2026-07-12 06:50",231.329,232.163,230.789,0.339,3.682,0.726
"2026-07-12 06:55",230.54,231.883,225.777,0.342,3.684,7.634
"2026-07-12 07:00",232.228,233.34,231.569,0.34,3.657,0.724
"2026-07-12 07:05",232.207,233.608,231.765,0.341,3.678,0.724
"2026-07-12 07:10",232.229,233.065,231.465,0.34,3.661,0.727
"2026-07-12 07:15",231.571,232.741,231.126,0.339,3.661,0.727
"2026-07-12 07:20",232.678,233.844,231.904,0.34,3.646,0.729
"2026-07-12 07:25",232.288,233.73,227.205,0.343,3.645,7.731
"2026-07-12 07:30",233.15,234.224,232.25,0.34,3.665,0.731
"2026-07-12 07:35",232.755,234.009,232.07,0.34,3.644,0.729
"2026-07-12 07:40",233.323,234.316,232.639,0.341,3.643,0.731
"2026-07-12 07:45",233.475,234.51,232.884,0.341,3.639,0.733
"2026-07-12 07:50",233.191,234.996,228.045,0.344,3.452,7.924
"2026-07-12 07:55",233.654,234.747,232.664,0.341,3.43,0.73
"2026-07-12 08:00",233.985,235.3,233.124,0.341,3.455,0.732
"2026-07-12 08:05",234.317,235.57,233.555,0.342,3.412,0.733
"2026-07-12 08:10",234.268,235.604,233.628,0.342,3.368,0.733
"2026-07-12 08:15",233.966,235.596,228.901,0.345,3.339,7.724
"2026-07-12 08:20",234.336,235.463,233.45,0.342,3.214,0.728
"2026-07-12 08:25",234.525,235.808,233.677,0.343,3.138,0.727
"2026-07-12 08:30",234.629,235.912,233.863,0.342,3.172,0.731
"2026-07-12 08:35",234.528,235.904,233.809,0.343,3.128,0.733
"2026-07-12 08:40",235.011,236.301,234.437,0.342,3.078,0.736
"2026-07-12 08:45",234.18,236.009,229.059,0.346,2.975,7.744
"2026-07-12 08:50",234.47,235.687,233.759,0.343,2.931,0.726
"2026-07-12 08:55",235.435,236.848,234.647,0.343,2.879,0.73
"2026-07-12 09:00",235.445,236.966,234.791,0.342,2.817,0.733
"2026-07-12 09:05",234.395,236.393,229.532,0.343,2.821,7.825
"2026-07-12 09:10",234.826,236.476,234.22,0.34,2.73,0.73
"2026-07-12 09:15",234.629,236.3,234.165,0.341,2.555,0.728
"2026-07-12 09:20",234.719,236.506,234.429,0.339,2.605,0.732
"2026-07-12 09:25",234.705,236.508,234.084,0.341,2.595,0.731
"2026-07-12 09:30",234.33,236.553,229.538,0.344,2.468,7.933
"2026-07-12 09:35",234.856,237.012,234.438,0.343,2.08,0.736
"2026-07-12 09:40",235.457,237.297,235.17,0.343,1.863,0.736
"2026-07-12 09:45",235.546,237.246,235.021,0.342,2.475,0.737
"2026-07-12 09:50",235.635,237.3,235.21,0.342,2.34,0.738
"2026-07-12 09:55",234.722,236.829,229.969,0.344,2.377,7.855
"2026-07-12 10:00",235.445,237.104,235.249,0.34,2.635,0.733
"2026-07-12 10:05",234.961,237.607,230.13,0.347,1.807,8.051
"2026-07-12 10:10",234.687,235.663,233.855,0.342,2.004,0.731
"2026-07-12 10:15",234.644,235.502,233.692,0.341,2.205,0.73
"2026-07-12 10:20",234.874,235.285,233.707,0.339,2.666,0.729
"2026-07-12 10:25",234.33,236.036,228.714,0.345,1.178,7.957
"2026-07-12 10:30",234.832,236.116,233.901,0.344,1.231,0.735
"2026-07-12 10:35",234.964,236.078,233.756,0.345,1.626,0.738
"2026-07-12 10:40",234.296,235.227,228.53,0.341,2.952,7.89
"2026-07-12 10:45",234.319,235.184,233.03,0.34,2.273,0.735
"2026-07-12 10:50",234.625,235.977,233.611,0.344,1.354,0.735
"2026-07-12 10:55",234.351,235.954,228.715,0.346,1.434,7.975
"2026-07-12 11:00",234.646,235.648,233.381,0.344,1.884,0.74
"2026-07-12 11:05",234.751,235.401,233.784,0.339,2.699,0.735
"2026-07-12 11:10",235.118,235.817,233.869,0.343,2,0.736
"2026-07-12 11:15",234.518,236.058,229.024,0.345,1.642,7.884
"2026-07-12 11:20",234.436,235.161,233.153,0.346,1.566,0.735
"2026-07-12 11:25",233.583,234.862,232.585,0.342,1.56,0.736
"2026-07-12 11:30",232.419,234.224,226.838,0.336,1.412,7.963
"2026-07-12 11:35",233.715,234.85,232.753,0.341,1.609,0.742
"2026-07-12 11:40",233.267,234.407,232.247,0.334,1.303,0.74
"2026-07-12 11:45",233.683,235.263,228.059,0.341,1.441,8.032
"2026-07-12 11:50",234.312,235.666,233.246,0.338,1.413,0.746
"2026-07-12 11:55",234.273,235.52,233.266,0.34,1.392,0.742
"2026-07-12 12:00",233.97,235.14,232.95,,,
"2026-07-12 12:05",233.658,234.768,232.64,0.336,1.464,0.746
"2026-07-12 12:10",233.687,234.898,232.67,0.336,1.701,0.742
"2026-07-12 12:15",233.077,234.567,227.359,0.34,1.582,8
"2026-07-12 12:20",233.849,235.36,233.048,0.337,1.342,0.745
"2026-07-12 12:25",233.779,234.95,232.831,0.337,1.424,0.742
"2026-07-12 12:30",233.317,234.986,227.741,0.338,1.477,8.123
"2026-07-12 12:35",233.793,235.037,232.724,0.339,1.507,0.744
"2026-07-12 12:40",233.486,235.017,232.582,0.338,1.465,0.741
"2026-07-12 12:45",232.919,234.319,231.818,0.336,1.613,0.739
"2026-07-12 12:50",233.143,235.153,227.698,0.342,1.438,7.978
"2026-07-12 12:55",233.703,234.978,232.792,0.337,1.653,0.739
"2026-07-12 13:00",233.822,235.006,232.755,0.337,1.76,0.74
"2026-07-12 13:05",232.876,234.308,227.369,0.339,1.658,7.855
"2026-07-12 13:10",233.316,234.466,232.184,0.339,1.61,0.738
"2026-07-12 13:15",233.633,234.674,232.339,0.338,1.784,0.738
"2026-07-12 13:20",232.242,233.99,226.792,0.338,1.621,7.97
"2026-07-12 13:25",232.67,233.71,231.687,0.337,1.622,0.741
"2026-07-12 13:30",232.21,233.509,231.157,0.337,1.517,0.736
"2026-07-12 13:35",231.835,233.433,226.283,0.341,1.552,8.064
"2026-07-12 13:40",232.076,232.996,230.985,0.334,1.686,0.738
"2026-07-12 13:45",231.94,233.194,231.199,0.337,1.451,0.735
"2026-07-12 13:50",231.196,232.953,225.728,0.331,1.242,7.994
"2026-07-12 13:55",232.42,233.749,231.323,0.334,1.292,0.737
"2026-07-12 14:00",231.708,233.052,230.694,0.332,1.266,0.736
"2026-07-12 14:05",230.812,233.281,225.78,0.331,0.64,7.867
"2026-07-12 14:10",232.002,233.797,231.234,0.331,0.554,0.739
"2026-07-12 14:15",231.631,234.178,226.062,0.331,0.554,8.47
"2026-07-12 14:20",231.571,233.981,226.128,0.332,0.75,8.286
"2026-07-12 14:25",231.179,233.603,225.323,0.332,0.546,8.514
"2026-07-12 14:30",230.964,232.841,225.015,0.336,1.474,8.409
"2026-07-12 14:35",231.036,232.514,225.343,0.336,1.638,8.5
"2026-07-12 14:40",230.992,232.851,225.36,0.335,1.937,8.5
"2026-07-12 14:45",231.011,232.622,225.425,0.336,1.79,8.231
"2026-07-12 14:50",230.58,232.266,224.678,0.335,1.863,8.451
"2026-07-12 14:55",230.745,232.509,224.997,0.338,1.952,8.535
"2026-07-12 15:00",230.523,232.657,225.045,0.334,1.518,8.516
"2026-07-12 15:05",230.542,232.45,225.033,0.335,1.7,8.532
"2026-07-12 15:10",230.619,232.761,224.94,0.336,1.368,8.481
"2026-07-12 15:15",230.657,232.766,225.277,0.335,1.502,8.459
"2026-07-12 15:20",230.875,232.79,225.2,0.338,1.754,8.243
"2026-07-12 15:25",230.633,232.507,225.059,0.338,1.999,8.457
"2026-07-12 15:30",230.616,232.293,225.103,0.333,2.234,8.105
"2026-07-12 15:35",230.2,231.68,224.69,,,
"2026-07-12 15:40",229.786,231.077,224.285,0.331,2.467,7.749
"2026-07-12 15:45",230.282,231.439,228.416,0.324,2.568,0.654
"2026-07-12 15:50",229.362,231.886,223.569,0.325,2.693,7.749
"2026-07-12 15:55",231.447,234.044,229.96,0.334,2.186,0.656
"2026-07-12 16:00",232.028,234.324,230.506,0.333,2.496,0.653
"2026-07-12 16:05",231.688,234.205,225.802,0.335,2.894,7.93
"2026-07-12 16:10",232.865,235.045,231.636,0.335,2.862,0.659
"2026-07-12 16:15",232.874,235.006,231.498,0.335,2.583,0.65
"2026-07-12 16:20",232.556,234.689,231.336,0.333,3.01,0.655
"2026-07-12 16:25",232.523,235.011,226.764,0.334,2.874,7.795
"2026-07-12 16:30",233.161,234.945,231.63,0.333,2.908,0.659
"2026-07-12 16:35",233.172,234.736,231.481,0.334,3.091,0.655
"2026-07-12 16:40",233.295,235.141,231.654,0.335,2.747,0.657
"2026-07-12 16:45",232.589,234.787,226.864,0.334,2.929,7.87
"2026-07-12 16:50",232.918,234.61,231.357,0.333,2.776,0.657
"2026-07-12 16:55",232.543,234.437,231.058,0.331,2.779,0.653
"2026-07-12 17:00",232.926,234.61,231.549,0.332,3.029,0.655
"2026-07-12 17:05",238.644,237.585,237.926,0.346,2.344,0.682
"2026-07-12 17:10",232.011,231.252,226.654,0.335,3.143,7.732
"2026-07-12 17:15",231.873,231.26,230.534,0.335,3.28,0.653
"2026-07-12 17:20",231.11,230.164,229.392,0.333,3.393,0.644
"2026-07-12 17:25",230.907,229.964,229.178,0.333,3.462,0.642
"2026-07-12 17:30",230.605,230.88,224.567,0.335,3.458,6.995
"2026-07-12 17:35",229.754,230.125,227.515,0.334,3.505,0.645
"2026-07-12 17:40",230.724,230.595,229.426,0.335,3.534,0.634
"2026-07-12 17:45",231.144,231.021,229.891,0.336,3.579,0.643
"2026-07-12 17:50",230.164,230.216,224.421,0.337,3.631,7.84
"2026-07-12 17:55",230.616,230.548,229.195,0.335,3.65,0.643
"2026-07-12 18:00",,,,,,
"2026-07-12 18:05",,,,,,
"2026-07-12 18:10",,,,,,
"2026-07-12 18:15",,,,,,
"2026-07-12 18:20",,,,,,
"2026-07-12 18:25",,,,,,
"2026-07-12 18:30",,,,,,
"2026-07-12 18:35",,,,,,
"2026-07-12 18:40",,,,,,
"2026-07-12 18:45",,,,,,
"2026-07-12 18:50",,,,,,
"2026-07-12 18:55",,,,,,
"2026-07-12 19:00",,,,,,
"2026-07-12 19:05",,,,,,
"2026-07-12 19:10",,,,,,
"2026-07-12 19:15",,,,,,
"2026-07-12 19:20",,,,,,
"2026-07-12 19:25",,,,,,
"2026-07-12 19:30",,,,,,
"2026-07-12 19:35",,,,,,
"2026-07-12 19:40",,,,,,
"2026-07-12 19:45",,,,,,
"2026-07-12 19:50",,,,,,
"2026-07-12 19:55",,,,,,
"2026-07-12 20:00",,,,,,
"2026-07-12 20:05",,,,,,
"2026-07-12 20:10",,,,,,
"2026-07-12 20:15",,,,,,
"2026-07-12 20:20",,,,,,
"2026-07-12 20:25",,,,,,
"2026-07-12 20:30",,,,,,
"2026-07-12 20:35",,,,,,
"2026-07-12 20:40",,,,,,
"2026-07-12 20:45",,,,,,
"2026-07-12 20:50",,,,,,
"2026-07-12 20:55",,,,,,
"2026-07-12 21:00",,,,,,
"2026-07-12 21:05",,,,,,
"2026-07-12 21:10",,,,,,
"2026-07-12 21:15",,,,,,
"2026-07-12 21:20",,,,,,
"2026-07-12 21:25",,,,,,
"2026-07-12 21:30",,,,,,
"2026-07-12 21:35",,,,,,
"2026-07-12 21:40",,,,,,
"2026-07-12 21:45",,,,,,
"2026-07-12 21:50",,,,,,
"2026-07-12 21:55",,,,,,
"2026-07-12 22:00",,,,,,
"2026-07-12 22:05",,,,,,
"2026-07-12 22:10",,,,,,
"2026-07-12 22:15",,,,,,
"2026-07-12 22:20",,,,,,
"2026-07-12 22:25",,,,,,
"2026-07-12 22:30",,,,,,
"2026-07-12 22:35",,,,,,
"2026-07-12 22:40",,,,,,
"2026-07-12 22:45",,,,,,
"2026-07-12 22:50",,,,,,
"2026-07-12 22:55",,,,,,
"2026-07-12 23:00",,,,,,
"2026-07-12 23:05",,,,,,
"2026-07-12 23:10",,,,,,
"2026-07-12 23:15",,,,,,
"2026-07-12 23:20",,,,,,
"2026-07-12 23:25",,,,,,
"2026-07-12 23:30",,,,,,
"2026-07-12 23:35",,,,,,
"2026-07-12 23:40",,,,,,
"2026-07-12 23:45",,,,,,
"2026-07-12 23:50",,,,,,
"2026-07-12 23:55",,,,,,
"2026-07-13 00:00",,,,,,
"2026-07-13 00:05",226.407,232.217,221.998,0.328,3.669,0.606
"2026-07-13 00:10",226.494,232.205,221.791,0.328,3.672,0.603
"2026-07-13 00:15",226.626,232.207,222.045,0.328,3.696,0.606
"2026-07-13 00:20",226.68,232.276,221.997,0.329,3.663,0.607
"2026-07-13 00:25",225.744,232.271,222.148,0.328,3.673,0.608
"2026-07-13 00:30",225.417,232.165,217.884,0.329,3.66,7.282
"2026-07-13 00:35",226.138,232.609,222.853,0.328,3.663,0.605
"2026-07-13 00:40",226.292,232.829,222.984,0.328,3.65,0.607
"2026-07-13 00:45",226.784,233.382,223.587,0.329,3.681,0.612
"2026-07-13 00:50",224.864,231.373,221.522,0.328,3.679,0.605
"2026-07-13 00:55",221.499,228.33,214.444,0.326,3.72,7.334
"2026-07-13 01:00",222.332,228.624,218.686,0.326,3.733,0.593
"2026-07-13 01:05",222.589,228.561,219.015,0.326,3.735,0.591
"2026-07-13 01:10",222.451,228.652,218.843,0.325,3.744,0.594
"2026-07-13 01:15",223.035,229.148,219.531,0.327,3.741,0.597
"2026-07-13 01:20",222.078,228.849,214.441,0.327,3.707,7.3
"2026-07-13 01:25",222.944,229.175,219.491,0.327,3.709,0.591
"2026-07-13 01:30",223.392,229.573,219.874,0.327,3.697,0.595
"2026-07-13 01:35",223.531,229.616,219.84,0.328,3.697,0.598
"2026-07-13 01:40",223.54,229.788,219.894,0.328,3.704,0.599
"2026-07-13 01:45",224.153,230.227,220.501,0.329,3.733,0.602
"2026-07-13 01:50",223.353,230.213,216.263,0.33,3.685,7.536
"2026-07-13 01:55",223.772,230.23,220.459,0.329,3.698,0.602
"2026-07-13 02:00",224.205,230.577,220.827,0.329,3.691,0.601
"2026-07-13 02:05",223.472,229.718,219.881,0.329,3.705,0.599
"2026-07-13 02:10",223.406,229.924,220.064,0.329,3.721,0.6
"2026-07-13 02:15",223.402,229.664,219.893,0.329,3.736,0.601
"2026-07-13 02:20",223.165,230.03,215.539,0.33,3.693,7.3
"2026-07-13 02:25",223.296,229.722,220.088,0.329,3.709,0.6
"2026-07-13 02:30",224.042,230.547,220.546,0.33,3.702,0.6
"2026-07-13 02:35",224.289,230.733,220.832,0.33,3.681,0.603
"2026-07-13 02:40",224.177,230.54,220.691,0.33,3.698,0.603
"2026-07-13 02:45",223.481,230.287,216.102,0.331,3.71,7.308
"2026-07-13 02:50",224.046,230.864,221.071,0.33,3.683,0.6
"2026-07-13 02:55",224.65,231.082,221.326,0.33,3.676,0.601
"2026-07-13 03:00",224.951,231.632,221.571,0.332,3.679,0.606
"2026-07-13 03:05",225.833,232.115,222.176,0.331,3.67,0.609
"2026-07-13 03:10",225.74,232.47,222.406,0.332,3.667,0.61
"2026-07-13 03:15",225.787,232.704,218.179,0.334,3.672,7.437
"2026-07-13 03:20",226.469,233.285,223.021,0.332,3.654,0.613
"2026-07-13 03:25",226.066,232.567,222.51,0.332,3.666,0.609
"2026-07-13 03:30",226.35,233,222.715,0.332,3.658,0.611
"2026-07-13 03:35",226.852,233.408,223.386,0.332,3.653,0.614
"2026-07-13 03:40",226.463,233.82,218.926,0.333,3.645,7.318
"2026-07-13 03:45",227.173,233.91,223.797,0.332,3.646,0.609
"2026-07-13 03:50",227.208,234.309,224.053,0.332,3.635,0.611
"2026-07-13 03:55",227.331,233.923,223.886,0.333,3.641,0.612
"2026-07-13 04:00",226.735,233.927,224.391,0.332,3.642,0.617
"2026-07-13 04:05",226.722,234.194,224.222,0.333,3.662,0.617
"2026-07-13 04:10",226.004,233.934,219.629,0.333,3.659,7.529
"2026-07-13 04:15",226.282,233.759,224.077,0.333,3.648,0.617
"2026-07-13 04:20",226.57,233.862,224.228,0.333,3.645,0.614
"2026-07-13 04:25",226.1,233.58,223.974,0.331,3.666,0.614
"2026-07-13 04:30",225.876,233.232,223.345,0.332,3.658,0.613
"2026-07-13 04:35",225.331,233.195,218.959,0.332,3.646,7.34
"2026-07-13 04:40",226.66,234.257,224.597,0.331,3.676,0.613
"2026-07-13 04:45",227.707,235.559,225.856,0.332,3.62,0.618
"2026-07-13 04:50",226.609,235.201,225.773,0.332,3.627,0.62
"2026-07-13 04:55",226.862,235.054,225.936,0.332,3.627,0.623
"2026-07-13 05:00",226.442,234.772,225.403,0.332,3.636,0.622
"2026-07-13 05:05",225.76,234.639,220.931,0.333,3.626,7.478
"2026-07-13 05:10",226.396,234.903,225.665,0.331,3.628,0.62
"2026-07-13 05:15",226.722,235.319,226.06,0.333,3.625,0.623
"2026-07-13 05:20",226.94,235.356,225.985,0.333,3.622,0.623
"2026-07-13 05:25",227.171,234.68,226.105,0.333,3.634,0.625
"2026-07-13 05:30",227.786,235.149,226.499,0.334,3.631,0.627
"2026-07-13 05:35",225.109,232.896,219.953,0.333,3.685,7.315
"2026-07-13 05:40",224.375,231.706,222.945,0.329,3.666,0.608
"2026-07-13 05:45",225.25,232.54,223.766,0.332,3.662,0.613
"2026-07-13 05:50",226.012,233.461,224.785,0.332,3.653,0.619
"2026-07-13 05:55",226.63,234.236,225.379,0.332,3.643,0.623
"2026-07-13 06:00",227.24,234.31,226.48,,,
"2026-07-13 06:05",227.847,234.385,227.582,0.333,3.639,0.626
"2026-07-13 06:10",227.171,233.6,226.891,0.332,3.65,0.626
"2026-07-13 06:15",226.52,232.843,225.972,0.331,3.688,0.625
"2026-07-13 06:20",227.404,233.692,226.642,0.333,3.654,0.629
"2026-07-13 06:25",232.675,234.085,231.088,0.34,3.639,0.647
"2026-07-13 06:30",233.071,235.107,227.556,0.343,3.676,7.659
"2026-07-13 06:35",232.717,231.697,231.957,0.337,3.852,0.646
"2026-07-13 06:40",231.053,230.283,230.51,0.338,3.688,0.642
"2026-07-13 06:45",232.031,230.443,229.99,0.34,3.693,0.641
"2026-07-13 06:50",232.424,230.794,230.038,0.341,3.701,0.643
"2026-07-13 06:55",230.85,231.153,224.866,0.341,3.497,7.691
"2026-07-13 07:00",231.195,230.94,229.621,0.339,3.437,0.642
"2026-07-13 07:05",230.989,230.966,229.258,0.34,3.102,0.639
"2026-07-13 07:10",230.646,230.707,228.93,0.338,3.127,0.642
"2026-07-13 07:15",231.425,231.857,229.428,0.339,3.213,0.644
"2026-07-13 07:20",230.806,231.798,224.816,0.338,3.216,7.506
"2026-07-13 07:25",230.943,232.002,228.926,0.337,2.822,0.638
"2026-07-13 07:30",230.246,231.246,228.621,0.335,3.205,0.638
"2026-07-13 07:35",233.206,233.964,231.113,0.339,3.224,0.648
"2026-07-13 07:40",233.431,234.272,231.617,0.339,3.082,0.651
"2026-07-13 07:45",230.505,231.671,228.608,0.336,2.99,0.639
"2026-07-13 07:50",232.315,233.83,226.139,0.339,2.874,7.531
"2026-07-13 07:55",233.24,234.424,231.167,0.338,2.851,0.641
"2026-07-13 08:00",232.009,233.328,230.462,0.335,2.572,0.639
"2026-07-13 08:05",231.353,232.493,229.871,0.336,2.53,0.639
"2026-07-13 08:10",231.146,232.495,229.49,0.342,1.847,0.642
"2026-07-13 08:15",231.208,233.051,225.088,0.342,1.882,7.562
"2026-07-13 08:20",230.494,231.678,228.627,0.332,2.504,0.638
"2026-07-13 08:25",230.296,231.34,228.319,0.336,2.037,0.637
"2026-07-13 08:30",229.811,232.939,228.679,0.338,1.106,0.643
"2026-07-13 08:35",232.597,235.621,226.486,0.344,1.809,7.822
"2026-07-13 08:40",229.661,232.09,228.091,0.334,2.141,0.641
"2026-07-13 08:45",231.821,234.436,230.71,0.338,2.079,0.648
"2026-07-13 08:50",231.577,233.613,230.125,0.337,2.343,0.649
"2026-07-13 08:55",230.289,232.577,228.943,0.336,1.985,0.643
"2026-07-13 09:00",230.938,232.822,225.212,0.334,2.518,7.68
"2026-07-13 09:05",231.172,233.417,229.585,0.341,1.631,0.647
"2026-07-13 09:10",230.546,232.507,228.981,0.335,2.458,0.643
"2026-07-13 09:15",231.079,232.85,229.216,0.333,2.575,0.645
"2026-07-13 09:20",229.6,232.168,223.831,0.333,2.779,7.671
"2026-07-13 09:25",230.802,232.602,229.271,0.332,3.194,0.645
"2026-07-13 09:30",229.999,231.775,228.277,0.332,3.051,0.636
"2026-07-13 09:35",229.253,231.395,227.965,0.336,2.333,0.637
"2026-07-13 09:40",228.654,230.758,222.829,0.332,2.566,7.747
"2026-07-13 09:45",228.685,231.099,227.307,0.332,2.846,0.627
"2026-07-13 09:50",227.423,230.509,226.226,0.331,2.114,0.627
"2026-07-13 09:55",229.512,232.005,227.761,0.331,2.534,0.637
"2026-07-13 10:00",228.744,231.696,222.92,0.331,2.794,7.702
"2026-07-13 10:05",229.02,231.426,227.768,0.331,3.099,0.636
"2026-07-13 10:10",228.855,231.376,227.749,0.33,3.285,0.634
"2026-07-13 10:15",230.028,232.347,228.56,0.332,3.446,0.637
"2026-07-13 10:20",229.183,231.36,227.849,0.332,3.349,0.637
"2026-07-13 10:25",227.771,230.324,222.036,0.33,3.272,7.507
"2026-07-13 10:30",228.409,230.547,227.481,0.331,3.182,0.63
"2026-07-13 10:35",228.661,230.572,227.55,0.331,3.305,0.634
"2026-07-13 10:40",228.504,231.289,227.487,0.332,3.035,0.633
"2026-07-13 10:45",227.984,230.976,223.248,0.333,2.81,7.794
"2026-07-13 10:50",229.726,232.533,228.755,0.333,2.795,0.638
"2026-07-13 10:55",229.886,232.377,228.722,0.334,2.889,0.636
"2026-07-13 11:00",229.35,231.946,228.386,0.333,2.922,0.637
"2026-07-13 11:05",228.138,230.957,222.72,0.333,3.068,7.543
"2026-07-13 11:10",228.225,230.835,227.471,0.332,2.932,0.628
"2026-07-13 11:15",228.862,231.338,227.846,0.333,2.82,0.63
"2026-07-13 11:20",228.219,230.848,227.447,0.331,2.854,0.632
"2026-07-13 11:25",228.331,230.524,227.021,0.331,2.828,3.058
"2026-07-13 11:30",228.406,231.687,223.132,0.334,2.449,7.54
"2026-07-13 11:35",229.379,232.031,228.179,0.337,2.277,0.63
"2026-07-13 11:40",228.608,231.519,227.539,0.334,2.915,0.627
"2026-07-13 11:45",227.572,230.836,222.471,0.331,2.677,7.663
"2026-07-13 11:50",228.694,231.375,227.384,0.333,2.55,0.629
"2026-07-13 11:55",229.427,232.507,228.229,0.339,2.129,0.631
"2026-07-13 12:00",230.28,233.39,229.14,,,
"2026-07-13 12:05",231.137,234.281,230.045,0.346,1.845,0.643
"2026-07-13 12:10",231.674,234.889,225.811,0.347,1.97,7.771
"2026-07-13 12:15",232.084,235.375,231.125,0.344,1.45,0.646
"2026-07-13 12:20",231.257,234.635,230.432,0.341,1.494,0.641
"2026-07-13 12:25",231.11,234.674,230.129,0.345,1.283,0.646
"2026-07-13 12:30",231.152,234.433,225.767,0.344,1.875,7.784
"2026-07-13 12:35",231.665,234.875,230.447,0.343,1.814,0.648
"2026-07-13 12:40",231.666,235.02,230.741,0.343,1.781,0.647
"2026-07-13 12:45",232.211,235.329,231.502,0.341,2.012,0.65
"2026-07-13 12:50",231.088,234.792,226.323,0.342,1.738,7.71
"2026-07-13 12:55",231.34,234.42,230.461,0.339,1.879,0.643
"2026-07-13 13:00",231.725,234.292,230.797,0.338,2.386,0.643
"2026-07-13 13:05",230.631,233.736,230.03,0.337,1.741,0.645
"2026-07-13 13:10",230.086,233.97,225.104,0.338,1.082,7.749
"2026-07-13 13:15",231.99,235.837,231.254,0.341,0.931,0.646
"2026-07-13 13:20",232.112,235.963,231.418,0.347,1.336,0.646
"2026-07-13 13:25",231.738,234.938,230.85,0.342,1.902,0.646
"2026-07-13 13:30",231.814,235.707,226.466,0.343,1.775,7.733
"2026-07-13 13:35",232.214,235.975,231.458,0.344,1.253,0.651
"2026-07-13 13:40",230.538,234.174,229.44,0.341,1.097,0.641
"2026-07-13 13:45",229.231,233.625,224.002,0.34,1.187,7.597
"2026-07-13 13:50",231.031,234.938,230.309,0.34,1.434,0.647
"2026-07-13 13:55",231.008,234.919,229.97,0.343,1.353,0.645
"2026-07-13 14:00",229.591,233.525,229.024,0.341,1.177,0.644
"2026-07-13 14:05",229.201,234.042,224.039,0.333,0.642,7.823
"2026-07-13 14:10",229.822,233.712,228.874,0.334,0.988,0.648
"2026-07-13 14:15",229.295,233.348,228.162,0.331,0.716,0.643
"2026-07-13 14:20",230.489,234.707,229.979,0.335,1.161,0.654
"2026-07-13 14:25",229.455,233.799,224.029,0.339,1.223,7.829
"2026-07-13 14:30",229.951,234.023,229.382,0.337,1.255,0.652
"2026-07-13 14:35",230.353,234.075,229.329,0.337,1.324,0.647
"2026-07-13 14:40",229.262,233.417,223.945,0.336,1.432,7.837
"2026-07-13 14:45",229.17,232.892,228.323,0.334,1.699,0.647
"2026-07-13 14:50",229.74,233.359,228.954,0.332,1.601,0.645
"2026-07-13 14:55",229.606,233.471,228.93,0.335,1.243,0.648
"2026-07-13 15:00",228.351,232.909,223.452,0.34,1.197,7.885
"2026-07-13 15:05",229.014,232.363,227.973,0.334,1.439,0.645
"2026-07-13 15:10",229.838,233.789,229.406,0.329,0.588,0.648
"2026-07-13 15:15",229.236,233.046,228.684,0.332,1.255,0.649
"2026-07-13 15:20",227.405,231.075,222.383,0.328,1.867,7.895
"2026-07-13 15:25",227.228,230.868,226.791,0.325,1.641,0.644
"2026-07-13 15:30",233.408,233.242,229.976,0.339,2.205,0.646
"2026-07-13 15:35",230.765,230.928,227.724,0.337,2.511,0.641
"2026-07-13 15:40",228.694,230.98,222.2,0.34,2.097,7.644
"2026-07-13 15:45",231.124,232.695,229.045,0.339,2.289,0.646
"2026-07-13 15:50",230.444,231.444,228.549,0.339,2.349,0.642
"2026-07-13 15:55",230.242,232.243,223.875,0.34,2.317,7.715
"2026-07-13 16:00",231.262,232.173,229.118,0.334,3.321,0.648
"2026-07-13 16:05",229.407,230.306,227.041,0.325,3.356,0.642
"2026-07-13 16:10",230.883,232.053,228.643,0.335,3.263,0.643
"2026-07-13 16:15",231.362,232.707,224.772,0.338,3.171,7.76
"2026-07-13 16:20",230.068,230.935,227.46,0.335,3.171,0.637
"2026-07-13 16:25",230.218,230.903,227.93,0.332,3.094,0.639
"2026-07-13 16:30",230.453,231.34,228.006,0.335,3.17,0.638
"2026-07-13 16:35",232.534,233.749,230.12,0.339,2.925,0.647
"2026-07-13 16:40",230.905,232.112,224.317,0.34,2.801,7.591
"2026-07-13 16:45",231.787,233.13,229.671,0.34,2.829,0.641
"2026-07-13 16:50",232.571,233.826,230.432,0.343,2.87,0.645
"2026-07-13 16:55",232.68,233.996,230.511,0.343,2.863,0.647
"2026-07-13 17:00",232.241,234.083,226.099,0.344,3.02,7.656
"2026-07-13 17:05",233.169,234.566,231.326,0.343,3.226,0.645
"2026-07-13 17:10",234.221,235.362,232.277,0.343,3.305,0.651
"2026-07-13 17:15",234.145,235.327,231.728,0.343,3.43,0.649
"2026-07-13 17:20",233.741,234.994,227.001,0.344,3.497,7.86
"2026-07-13 17:25",233.872,234.767,231.4,0.344,3.555,0.647
"2026-07-13 17:30",234.07,234.81,231.546,0.344,3.587,0.643
"2026-07-13 17:35",233.24,235.065,232.006,0.345,3.603,0.649
"2026-07-13 17:40",233.695,235.424,227.978,0.347,3.588,7.937
"2026-07-13 17:45",234.573,235.954,233.103,0.347,3.631,0.653
"2026-07-13 17:50",234.447,235.75,233.117,0.347,3.661,0.647
"2026-07-13 17:55",234.43,235.666,232.968,0.345,3.627,0.649
"2026-07-13 18:00",233.3,234.64,231.98,,,
"2026-07-13 18:05",232.172,233.618,230.984,0.343,3.652,0.64
"2026-07-13 18:10",228.084,234.129,226.495,0.334,3.645,0.618
"2026-07-13 18:15",227.909,233.917,226.512,0.334,3.648,0.619
"2026-07-13 18:20",228.341,234.595,227.053,0.333,3.636,0.621
"2026-07-13 18:25",228.03,234.42,226.77,,,
"2026-07-13 18:30",227.71,234.25,226.48,,,
"2026-07-13 18:35",227.4,234.07,226.19,,,
"2026-07-13 18:40",227.08,233.9,225.9,,,
"2026-07-13 18:45",226.77,233.72,225.61,,,
"2026-07-13 18:50",226.45,233.55,225.32,,,
"2026-07-13 18:55",226.14,233.37,225.04,,,
"2026-07-13 19:00",225.82,233.2,224.75,,,
"2026-07-13 19:05",225.51,233.02,224.46,,,
"2026-07-13 19:10",225.195,232.849,224.17,0.334,3.669,0.612
"2026-07-13 19:15",223.638,232.002,218.475,0.332,3.68,7.354
"2026-07-13 19:20",223.553,230.994,222.146,0.332,3.686,0.605
"2026-07-13 19:25",223.043,230.37,221.527,0.331,3.694,0.599
"2026-07-13 19:30",222.261,230.902,221.473,0.33,3.685,0.6
"2026-07-13 19:35",221.586,229.961,220.419,0.329,3.713,0.597
"2026-07-13 19:40",221.421,230.235,216.439,0.33,3.687,7.342
"2026-07-13 19:45",221.526,229.719,220.46,0.33,3.704,0.597
"2026-07-13 19:50",222.745,230.22,220.73,0.33,3.702,0.596
"2026-07-13 19:55",224.921,232.427,222.583,0.33,3.694,0.606
"2026-07-13 20:00",226.189,234.01,224.276,0.332,3.654,0.613
"2026-07-13 20:05",225.001,233.188,218.721,0.333,3.649,7.578
"2026-07-13 20:10",225.249,233.084,223.065,0.331,3.652,0.609
"2026-07-13 20:15",225.404,232.961,222.996,0.331,3.656,0.606
"2026-07-13 20:20",224.731,232.422,222.703,0.331,3.665,0.606
"2026-07-13 20:25",224.342,231.906,222.251,0.33,3.695,0.604
"2026-07-13 20:30",223.73,231.557,217.303,0.332,3.677,7.555
"2026-07-13 20:35",224.611,231.931,222.332,0.33,3.668,0.604
"2026-07-13 20:40",224.598,232.024,222.381,0.33,3.668,0.601
"2026-07-13 20:45",223.624,231.317,221.478,0.328,3.68,0.601
"2026-07-13 20:50",222.781,230.354,220.502,0.329,3.693,0.598
"2026-07-13 20:55",222.696,230.581,216.665,0.33,3.68,7.336
"2026-07-13 21:00",222.894,230.252,220.615,0.329,3.696,0.591
"2026-07-13 21:05",222.613,230.21,220.551,0.328,3.69,0.594
"2026-07-13 21:10",222.977,230.641,220.697,0.329,3.687,0.596
"2026-07-13 21:15",222.806,230.117,220.38,0.329,3.699,0.598
"2026-07-13 21:20",223.264,230.521,220.632,0.329,3.71,0.599
"2026-07-13 21:25",222.587,230.5,216.161,0.331,3.69,7.493
"2026-07-13 21:30",222.89,230.237,220.437,0.33,3.693,0.598
"2026-07-13 21:35",222.59,229.679,220.073,0.33,3.706,0.593
"2026-07-13 21:40",222.231,229.403,219.926,0.329,3.708,0.595
"2026-07-13 21:45",222.845,230.251,220.463,0.33,3.715,0.598
"2026-07-13 21:50",221.734,229.941,215.778,0.332,3.705,7.167
"2026-07-13 21:55",222.066,229.298,219.806,0.33,3.708,0.589
"2026-07-13 22:00",221.5,228.708,218.999,0.328,3.719,0.59
"2026-07-13 22:05",221.282,228.637,219.612,0.328,3.717,0.594
"2026-07-13 22:10",222.006,228.254,218.779,0.329,3.725,0.592
"2026-07-13 22:15",222.2,228.666,219.178,0.329,3.716,0.595
"2026-07-13 22:20",222.096,229.046,214.706,0.331,3.737,7.291
"2026-07-13 22:25",221.536,227.95,218.674,0.327,3.73,0.593
"2026-07-13 22:30",222.628,228.988,219.555,0.33,3.709,0.594
"2026-07-13 22:35",222.32,228.66,219.167,0.33,3.736,0.594
"2026-07-13 22:40",222.185,229.104,219.34,0.33,3.711,0.596
"2026-07-13 22:45",221.999,229.133,214.94,0.331,3.724,7.48
"2026-07-13 22:50",222.551,229.381,219.446,0.328,3.703,0.595
"2026-07-13 22:55",221.961,228.719,218.77,0.329,3.716,0.592
"2026-07-13 23:00",221.777,227.835,218.25,0.324,3.727,0.594
"2026-07-13 23:05",222.633,228.61,218.939,0.33,3.732,0.594
"2026-07-13 23:10",222.648,228.939,219.433,0.33,3.709,0.597
"2026-07-13 23:15",222.343,229.066,214.924,0.331,3.709,7.271
"2026-07-13 23:20",222.985,229.328,219.559,0.329,3.706,0.598
"2026-07-13 23:25",223.098,229.504,219.69,0.33,3.704,0.596
"2026-07-13 23:30",223.111,229.912,220.124,0.329,3.695,0.599
"2026-07-13 23:35",223.374,229.621,220.05,0.331,3.723,0.6
"2026-07-13 23:40",223.119,230.106,215.914,0.332,3.691,7.5
"2026-07-13 23:45",223.611,230.229,220.309,0.331,3.725,0.599
"2026-07-13 23:50",223.135,229.478,219.935,0.328,3.702,0.598
"2026-07-13 23:55",224.149,230.606,220.575,0.332,3.698,0.6
"2026-07-14 00:00",223.88,230.17,220.67,,,
"2026-07-14 00:05",224.252,230.523,221.034,0.334,3.693,0.603
"2026-07-14 00:10",222.185,228.524,207.222,0.326,3.742,5.731
"2026-07-14 00:15",223.343,230.153,216.218,0.333,3.694,0.611
"2026-07-14 00:20",224.806,231.443,221.582,0.334,3.678,0.604
"2026-07-14 00:25",223.787,230.188,220.58,0.33,3.693,0.604
"2026-07-14 00:30",224.452,230.996,220.984,0.334,3.685,0.604
"2026-07-14 00:35",224.324,230.917,221.092,0.329,3.69,0.609
"2026-07-14 00:40",225.532,232.754,217.916,0.336,3.655,7.539
"2026-07-14 00:45",226.741,233.436,223.517,0.335,3.648,0.615
"2026-07-14 00:50",227.014,233.738,223.444,0.336,3.65,0.614
"2026-07-14 00:55",227.495,234.077,224.255,0.337,3.64,0.618
"2026-07-14 01:00",226.232,232.773,222.869,0.335,3.669,0.613
"2026-07-14 01:05",226.086,232.814,222.861,0.336,3.653,0.614
"2026-07-14 01:10",226.323,233.483,219.264,0.337,3.637,7.295
"2026-07-14 01:15",227.317,234.67,225.237,0.337,3.629,0.619
"2026-07-14 01:20",227.292,234.643,225.074,0.336,3.632,0.62
"2026-07-14 01:25",226.847,234.89,225.638,0.336,3.629,0.624
"2026-07-14 01:30",224.473,232.365,224.077,0.335,3.66,0.618
"2026-07-14 01:35",223.932,232.133,219.354,0.336,3.665,7.554
"2026-07-14 01:40",224.606,232.615,224.251,0.336,3.657,0.617
"2026-07-14 01:45",224.677,232.541,224.143,0.335,3.658,0.614
"2026-07-14 01:50",224.582,232.598,224.182,0.334,3.656,0.618
"2026-07-14 01:55",224.539,232.415,224.154,0.334,3.68,0.619
"2026-07-14 02:00",225.514,233.559,225.117,0.337,3.64,0.623
"2026-07-14 02:05",223.83,232.112,219.216,0.335,3.687,7.362
"2026-07-14 02:10",224.769,232.732,224.331,0.336,3.653,0.619
"2026-07-14 02:15",224.897,232.52,224.243,0.337,3.659,0.617
"2026-07-14 02:20",225.077,233.119,224.509,0.336,3.664,0.618
"2026-07-14 02:25",225.34,233.155,224.991,0.336,3.647,0.621
"2026-07-14 02:30",224.92,233.467,220.566,0.337,3.646,7.384
"2026-07-14 02:35",225.284,233.381,224.822,0.336,3.675,0.616
"2026-07-14 02:40",225.84,233.811,225.558,0.336,3.64,0.621
"2026-07-14 02:45",226.149,234.356,225.815,0.336,3.632,0.624
"2026-07-14 02:50",226.13,234.022,225.937,0.336,3.64,0.626
"2026-07-14 02:55",226.561,234.682,226.344,0.337,3.637,0.628
"2026-07-14 03:00",225.323,234.138,221.404,0.336,3.633,7.468
"2026-07-14 03:05",226.227,234.74,226.267,0.335,3.633,0.628
"2026-07-14 03:10",226.685,234.791,226.387,0.337,3.649,0.626
"2026-07-14 03:15",226.404,235.011,226.617,0.337,3.626,0.627
"2026-07-14 03:20",226.973,235.164,226.967,0.338,3.625,0.63
"2026-07-14 03:25",226.913,235.221,227.083,0.338,3.627,0.631
"2026-07-14 03:30",226.343,235.104,222.275,0.339,3.647,7.364
"2026-07-14 03:35",227.406,234.734,227.098,0.339,3.629,0.625
"2026-07-14 03:40",227.503,235.012,227.367,0.34,3.632,0.629
"2026-07-14 03:45",227.483,234.677,227.319,0.338,3.627,0.63
"2026-07-14 03:50",227.514,235.04,227.298,0.339,3.624,0.631
"2026-07-14 03:55",227.344,235.059,223.384,0.34,3.625,7.192
"2026-07-14 04:00",227.424,234.635,227.206,0.339,3.652,0.625
"2026-07-14 04:05",226.987,234.324,226.951,0.338,3.636,0.624
"2026-07-14 04:10",227.93,234.91,227.434,0.34,3.62,0.629
"2026-07-14 04:15",227.369,234.636,227.185,0.339,3.649,0.631
"2026-07-14 04:20",227.831,235.083,227.591,0.34,3.628,0.633
"2026-07-14 04:25",225.453,233.146,220.899,0.339,3.645,7.495
"2026-07-14 04:30",225.8,232.895,225.471,0.337,3.657,0.623
"2026-07-14 04:35",226.242,233.467,225.972,0.338,3.641,0.624
"2026-07-14 04:40",226.012,233.162,225.662,0.338,3.65,0.624
"2026-07-14 04:45",225.725,233.093,225.435,0.337,3.643,0.624
"2026-07-14 04:50",225.41,232.782,225.138,0.336,3.657,0.624
"2026-07-14 04:55",225.128,232.913,220.517,0.339,3.672,7.514
"2026-07-14 05:00",224.925,232.276,224.557,0.332,3.656,0.624
"2026-07-14 05:05",226.211,233.523,225.74,0.339,3.652,0.623
"2026-07-14 05:10",225.625,232.798,225.175,0.338,3.654,0.622
"2026-07-14 05:15",225.04,232.123,224.532,0.333,3.668,0.623
"2026-07-14 05:20",226.619,233.798,226.279,0.34,3.646,0.628
"2026-07-14 05:25",226.225,234.162,221.855,0.341,3.634,7.376
"2026-07-14 05:30",226.513,233.475,226.245,0.336,3.642,0.63
"2026-07-14 05:35",226.761,234.303,226.601,0.338,3.635,0.628
"2026-07-14 05:40",226.438,233.851,226.303,0.338,3.64,0.63
"2026-07-14 05:45",227.141,234.488,227.04,0.341,3.633,0.632
"2026-07-14 05:50",227.184,234.66,222.87,0.342,3.629,7.42
"2026-07-14 05:55",227.565,235.204,227.461,0.341,3.625,0.627
"2026-07-14 06:00",227.58,234.2,227.17,,,
"2026-07-14 06:05",227.605,233.189,226.888,0.341,3.674,0.63
"2026-07-14 06:10",227.659,233.391,226.839,0.339,3.681,0.63
"2026-07-14 06:15",227.759,233.4,226.85,0.341,3.647,0.631
"2026-07-14 06:20",227.194,233.255,222.371,0.341,3.645,7.609
"2026-07-14 06:25",233.803,236.174,233.686,0.347,3.607,0.658
"2026-07-14 06:30",233.193,234.289,232.412,0.347,3.634,0.652
"2026-07-14 06:35",233.698,234.886,233.088,0.347,3.656,0.655
"2026-07-14 06:40",232.404,233.36,231.555,0.343,3.648,0.653
"2026-07-14 06:45",233.094,233.924,232.308,0.346,3.64,0.654
"2026-07-14 06:50",232.463,233.786,227.345,0.348,3.639,7.591
"2026-07-14 06:55",233.599,234.541,233.058,0.346,3.631,0.65
"2026-07-14 07:00",232.757,233.804,231.953,0.346,3.66,0.65
"2026-07-14 07:05",232.58,233.59,231.808,0.345,3.684,0.651
"2026-07-14 07:10",231.595,232.414,230.566,0.341,3.663,0.649
"2026-07-14 07:15",231.923,233.44,226.906,0.347,3.641,7.743
"2026-07-14 07:20",232.578,233.602,231.84,0.345,3.661,0.65
"2026-07-14 07:25",232.944,233.946,232.17,0.345,3.643,0.649
"2026-07-14 07:30",232.355,233.25,231.642,0.345,3.652,0.646
"2026-07-14 07:35",233.49,234.23,232.539,0.346,3.644,0.653
"2026-07-14 07:40",232.48,233.398,231.582,0.345,3.65,0.651
"2026-07-14 07:45",231.202,232.718,226.226,0.345,3.654,7.565
"2026-07-14 07:50",231.644,232.298,230.711,0.344,3.664,0.647
"2026-07-14 07:55",231.331,232.476,230.963,0.343,3.679,0.646
"2026-07-14 08:00",230.83,231.418,229.798,0.343,3.701,0.642
"2026-07-14 08:05",229.607,230.644,228.939,0.34,3.7,0.638
"2026-07-14 08:10",228.866,230.189,223.761,0.341,3.685,7.58
"2026-07-14 08:15",232.225,233.863,229.964,0.343,3.644,0.638
"2026-07-14 08:20",233.301,234.671,231.806,0.34,3.64,0.635
"2026-07-14 08:25",231.443,232.625,229.712,0.337,3.688,0.641
"2026-07-14 08:30",230.418,231.75,228.686,0.337,3.704,0.637
"2026-07-14 08:35",230.168,231.698,224.193,0.34,3.667,7.643
"2026-07-14 08:40",229.974,231.339,228.352,0.337,3.676,0.632
"2026-07-14 08:45",229.459,231.117,227.711,0.338,3.682,0.626
"2026-07-14 08:50",228.812,230.29,227.07,0.336,3.697,0.627
"2026-07-14 08:55",232.301,233.6,230.231,0.34,3.678,0.64
"2026-07-14 09:00",231.523,233.416,225.756,0.341,3.643,7.549
"2026-07-14 09:05",232.08,233.337,230.513,0.338,3.678,0.638
"2026-07-14 09:10",232.66,233.813,230.823,0.339,3.643,0.637
"2026-07-14 09:15",232.33,233.665,230.428,0.338,3.653,0.64
"2026-07-14 09:20",232.488,233.919,230.798,0.339,3.648,0.642
"2026-07-14 09:25",232.376,233.807,230.897,0.339,3.651,0.644
"2026-07-14 09:30",231.584,233.165,225.531,0.339,3.648,7.539
"2026-07-14 09:35",231.308,232.649,229.736,0.337,3.678,0.634
"2026-07-14 09:40",231.33,233.029,229.473,0.336,3.677,0.636
"2026-07-14 09:45",232.115,233.435,230.335,0.338,3.678,0.642
"2026-07-14 09:50",232.109,233.667,226.205,0.339,3.671,7.613
"2026-07-14 09:55",232.392,233.925,230.776,0.337,3.649,0.64
"2026-07-14 10:00",232,233.446,230.551,0.336,3.654,0.64
"2026-07-14 10:05",232.138,233.679,230.488,0.337,3.65,0.641
"2026-07-14 10:10",232.014,233.8,230.828,0.337,3.671,0.645
"2026-07-14 10:15",231.279,233.563,225.644,0.338,3.67,7.753
"2026-07-14 10:20",231.215,233.071,230.356,0.336,3.657,0.642
"2026-07-14 10:25",231.518,233.005,229.993,0.337,3.666,0.638
"2026-07-14 10:30",231.917,233.609,230.397,0.338,3.652,0.641
"2026-07-14 10:35",231.231,233.202,229.882,0.337,3.663,0.64
"2026-07-14 10:40",230.933,233.203,225.105,0.338,3.648,7.803
"2026-07-14 10:45",231.762,233.471,230.047,0.337,3.682,0.638
"2026-07-14 10:50",232.093,233.552,230.676,0.338,3.661,0.638
"2026-07-14 10:55",231.916,233.633,230.815,0.338,3.652,0.642
"2026-07-14 11:00",232.444,233.897,231.033,0.339,3.653,0.643
"2026-07-14 11:05",231.967,234.373,226.412,0.339,3.634,7.669
"2026-07-14 11:10",232.619,234.245,231.036,0.338,3.663,0.644
"2026-07-14 11:15",231.905,233.531,230.526,0.337,3.649,0.637
"2026-07-14 11:20",232.624,234.551,231.225,0.338,3.646,0.642
"2026-07-14 11:25",231.351,233.26,225.645,0.339,3.644,7.524
"2026-07-14 11:30",232.107,234.092,231.217,0.337,3.648,0.64
"2026-07-14 11:35",231.513,233.562,230.604,0.338,3.659,0.639
"2026-07-14 11:40",232.144,233.571,230.56,0.338,3.648,0.642
"2026-07-14 11:45",232.147,233.514,230.7,0.338,3.651,0.643
"2026-07-14 11:50",232.277,233.811,226.074,0.341,3.641,7.636
"2026-07-14 11:55",233.72,235.369,232.09,0.338,3.625,0.65
"2026-07-14 12:00",233.65,235.36,232.01,,,
"2026-07-14 12:05",233.579,235.351,231.92,0.338,3.63,0.643
"2026-07-14 12:10",234.645,235.897,232.742,0.339,3.623,0.647
"2026-07-14 12:15",233.462,234.841,228.044,0.341,3.627,7.616
"2026-07-14 12:20",234.899,235.677,233.954,0.34,3.624,0.651
"2026-07-14 12:25",235.038,234.506,233.294,0.341,3.643,0.647
"2026-07-14 12:30",234.275,233.59,231.949,0.342,3.662,0.644
"2026-07-14 12:35",233.778,233.449,231.76,0.342,3.657,0.644
"2026-07-14 12:40",233.566,233.676,227.297,0.343,3.644,7.649
"2026-07-14 12:45",233.83,233.602,232.147,0.341,3.677,0.64
"2026-07-14 12:50",233.036,232.702,231.692,0.339,3.66,0.644
"2026-07-14 12:55",233.708,233.409,232.224,0.341,3.65,0.646
"2026-07-14 13:00",233.169,233.17,231.826,0.341,3.659,0.647
"2026-07-14 13:05",232.511,233.01,227.006,0.342,3.667,7.603
"2026-07-14 13:10",232.64,232.775,231.303,0.339,3.682,0.639
"2026-07-14 13:15",233.033,233.212,231.573,0.34,3.656,0.643
"2026-07-14 13:20",232.964,233,231.863,0.339,3.658,0.645
"2026-07-14 13:25",232.943,233.376,227.253,0.342,3.651,7.639
"2026-07-14 13:30",233.915,233.803,232.794,0.34,3.644,0.645
"2026-07-14 13:35",233.081,233.317,232.137,0.34,3.675,0.643
"2026-07-14 13:40",234.164,234.247,232.941,0.34,3.67,0.648
"2026-07-14 13:45",233.294,233.103,232.212,0.338,3.656,0.65
"2026-07-14 13:50",232.802,233.011,227.076,0.339,3.649,7.804
"2026-07-14 13:55",233.215,233.238,231.844,0.338,3.652,0.649
"2026-07-14 14:00",233.295,233.363,232.033,0.339,3.655,0.648
"2026-07-14 14:05",232.354,232.273,231.166,0.338,3.696,0.645
"2026-07-14 14:10",231.61,231.991,230.713,0.338,3.68,0.644
"2026-07-14 14:15",230.716,230.943,225.103,0.337,3.674,7.654
"2026-07-14 14:20",231.715,232.298,230.693,0.338,3.663,0.641
"2026-07-14 14:25",231.794,232.433,230.843,0.338,3.67,0.635
"2026-07-14 14:30",229.494,232.183,229.297,0.333,3.667,0.636
"2026-07-14 14:35",231.494,234.148,231.321,0.337,3.644,0.643
"2026-07-14 14:40",231.414,234.471,227.143,0.339,3.628,7.587
"2026-07-14 14:45",231.691,234.378,231.498,0.338,3.649,0.641
"2026-07-14 14:50",231.909,235.025,231.744,0.339,3.627,0.643
"2026-07-14 14:55",232.362,235.068,232.1,0.34,3.654,0.647
"2026-07-14 15:00",232.407,235.131,231.819,0.341,3.635,0.647
"2026-07-14 15:05",230.79,233.842,226.424,0.34,3.637,7.612
"2026-07-14 15:10",230.589,233.288,230.336,0.338,3.664,0.636
"2026-07-14 15:15",229.576,232.517,229.961,0.337,3.665,0.638
"2026-07-14 15:20",229.226,231.739,228.784,0.336,3.675,0.636
"2026-07-14 15:25",228.508,231.603,224.298,0.336,3.67,7.703
"2026-07-14 15:30",229.252,231.763,229.147,0.335,3.673,0.637
"2026-07-14 15:35",233.158,230.016,232.073,0.338,3.707,0.648
"2026-07-14 15:40",233.476,231.492,231.437,0.339,3.679,0.647
"2026-07-14 15:45",232.183,231.007,226.119,0.34,3.681,7.622
"2026-07-14 15:50",232.063,230.746,230.129,0.338,3.696,0.633
"2026-07-14 15:55",231.197,230.427,224.924,0.339,3.725,7.85
"2026-07-14 16:00",231.748,230.834,225.176,0.34,3.687,7.732
"2026-07-14 16:05",232.57,231.76,226.303,0.341,3.682,7.692
"2026-07-14 16:10",232.227,231.366,225.939,0.34,3.667,7.678
"2026-07-14 16:15",232.805,231.837,226.452,0.341,3.686,7.71
"2026-07-14 16:20",233.039,231.889,230.739,0.341,3.675,0.63
"2026-07-14 16:25",232.005,230.976,230.129,0.339,3.679,0.63
"2026-07-14 16:30",233.059,231.793,231.231,0.342,3.674,0.634
"2026-07-14 16:35",232.924,232.004,231.23,0.341,3.664,0.635
"2026-07-14 16:40",232.303,231.155,230.614,0.34,3.69,0.635
"2026-07-14 16:45",232.081,231.137,230.649,0.338,3.681,0.635
"2026-07-14 16:50",233.214,232.069,231.481,0.341,3.67,0.64
"2026-07-14 16:55",233.174,231.807,231.445,0.343,3.688,0.641
"2026-07-14 17:00",233.561,232.572,232.102,0.344,3.664,0.643
"2026-07-14 17:05",234.079,232.748,232.509,0.344,3.686,0.646
"2026-07-14 17:10",233.699,232.49,232.173,0.345,3.667,0.645
"2026-07-14 17:15",234.542,233.386,232.782,0.345,3.653,0.649
"2026-07-14 17:20",233.919,232.343,232.23,0.337,3.668,0.452
"2026-07-14 17:25",235.391,233.771,233.607,0.346,3.66,0.446
"2026-07-14 17:30",235.048,233.585,233.457,0.348,3.655,0.444
"2026-07-14 17:35",234.934,233.466,233.362,0.347,3.662,0.445
"2026-07-14 17:40",235.034,233.377,233.152,0.347,3.674,0.445
"2026-07-14 17:45",234.595,233.087,232.893,0.346,3.664,0.447
"2026-07-14 17:50",234.174,232.771,232.673,0.346,3.672,0.445
"2026-07-14 17:55",233.952,232.362,232.512,0.346,3.701,0.443
"2026-07-14 18:00",233.83,232.29,232.35,,,
"2026-07-14 18:05",233.716,232.215,232.192,0.347,3.673,0.441
"2026-07-14 18:10",230.521,234.659,227.581,0.338,3.645,0.422
"2026-07-14 18:15",229.976,234.98,228.224,0.335,3.635,0.427
"2026-07-14 18:20",228.224,232.846,226.138,0.331,3.678,0.423
"2026-07-14 18:25",229.386,234.386,227.571,0.334,3.663,0.427
"2026-07-14 18:30",227.647,232.036,225.111,0.332,3.701,0.417
"2026-07-14 18:35",227.051,231.626,224.567,0.328,3.682,0.419
"2026-07-14 18:40",225.989,230.385,223.494,0.327,3.701,0.415
"2026-07-14 18:45",224.741,230.263,222.847,0.327,3.735,0.411
"2026-07-14 18:50",227.713,233.27,225.915,0.338,3.69,0.415
"2026-07-14 18:55",227.968,233.945,226.17,0.338,3.647,0.417
"2026-07-14 19:00",225.419,230.906,223.574,0.331,3.691,0.414
"2026-07-14 19:05",225.23,231.16,223.781,0.332,3.699,0.411
"2026-07-14 19:10",224.553,230.638,223.276,0.331,3.696,0.411
"2026-07-14 19:15",224.573,230.468,222.844,0.334,3.7,0.406
"2026-07-14 19:20",222.534,230.281,221.616,0.33,3.716,0.403
"2026-07-14 19:25",222.609,230.38,221.773,0.327,3.709,0.407
"2026-07-14 19:30",223.113,230.797,222.028,0.334,3.706,0.402
"2026-07-14 19:35",224.24,232.872,223.651,0.334,3.681,0.409
"2026-07-14 19:40",224.057,232.757,223.515,0.336,3.681,0.407
"2026-07-14 19:45",224.955,233.48,224.084,0.336,3.67,0.409
"2026-07-14 19:50",225.812,234.542,225.224,0.337,3.663,0.414
"2026-07-14 19:55",225.635,234.558,225.187,0.336,3.655,0.415
"2026-07-14 20:00",226.404,235.655,226.028,0.337,3.637,0.419
"2026-07-14 20:05",226.708,235.855,226.282,0.338,3.637,0.419
"2026-07-14 20:10",226.012,234.792,225.328,0.335,3.651,0.416
"2026-07-14 20:15",225.729,234.648,225.286,0.335,3.677,0.416
"2026-07-14 20:20",225.481,234.129,224.775,0.333,3.713,0.417
"2026-07-14 20:25",225.43,234.161,224.831,0.335,3.694,0.414
"2026-07-14 20:30",225.752,234.628,225.165,0.336,3.684,0.416
"2026-07-14 20:35",225.643,234.692,225.232,0.335,3.705,0.415
"2026-07-14 20:40",225.495,234.445,224.974,0.336,3.686,0.414
"2026-07-14 20:45",225.728,234.454,224.936,0.337,3.686,0.413
"2026-07-14 20:50",225.157,233.889,224.402,0.335,3.686,0.412
"2026-07-14 20:55",224.922,233.672,224.254,0.334,3.685,0.412
"2026-07-14 21:00",225.623,234.772,225.175,0.336,3.683,0.415
"2026-07-14 21:05",226.557,235.332,225.816,0.337,3.68,0.418
"2026-07-14 21:10",226.219,235.3,225.575,0.336,3.678,0.417
"2026-07-14 21:15",226.086,234.95,225.367,0.337,3.678,0.416
"2026-07-14 21:20",226.186,235.13,225.323,0.337,3.68,0.416
"2026-07-14 21:25",225.666,234.403,224.886,0.335,3.684,0.415
"2026-07-14 21:30",225.312,234.044,224.604,0.334,3.693,0.414
"2026-07-14 21:35",225.147,233.763,224.308,0.334,3.704,0.413
"2026-07-14 21:40",225.47,234.17,224.627,0.335,3.689,0.413
"2026-07-14 21:45",225.215,234.043,224.541,0.335,3.695,0.414
"2026-07-14 21:50",224.936,233.584,224.153,0.335,3.697,0.413
"2026-07-14 21:55",224.869,233.718,224.407,0.335,3.731,0.413
"2026-07-14 22:00",224.549,233.144,223.873,0.335,3.704,0.411
"2026-07-14 22:05",224.897,233.45,224.347,0.335,3.695,0.412
"2026-07-14 22:10",224.481,233.103,224.069,0.334,3.706,0.412
"2026-07-14 22:15",224.271,232.782,223.815,0.334,3.703,0.411
"2026-07-14 22:20",224.374,232.601,223.535,0.334,3.716,0.411
"2026-07-14 22:25",224.044,232.433,223.588,0.333,3.713,0.41
"2026-07-14 22:30",224.275,232.18,223.351,0.333,3.72,0.409
"2026-07-14 22:35",223.748,231.854,223.24,0.332,3.724,0.411
"2026-07-14 22:40",223.601,231.675,223.097,0.332,3.723,0.41
"2026-07-14 22:45",224.015,232.47,223.568,0.333,3.711,0.41
"2026-07-14 22:50",224.757,232.939,224.165,0.334,3.709,0.412
"2026-07-14 22:55",224.752,233.045,224.263,0.333,3.733,0.413
"2026-07-14 23:00",224.658,232.578,224.122,0.333,3.718,0.413
"2026-07-14 23:05",224.4,232.635,223.552,0.332,3.737,0.41
"2026-07-14 23:10",223.933,232.365,223.301,0.333,3.721,0.41
"2026-07-14 23:15",224.696,233.096,223.629,0.334,3.707,0.41
"2026-07-14 23:20",224.613,233.012,224.095,0.333,3.713,0.412
"2026-07-14 23:25",224.3,232.921,223.818,0.333,3.72,0.412
"2026-07-14 23:30",224.967,233.38,224.437,0.334,3.708,0.414
"2026-07-14 23:35",227.01,229.636,226.894,0.341,4.464,0.424
"2026-07-14 23:40",226.355,229.29,224.605,0.342,3.757,0.415
"2026-07-14 23:45",225.978,230.24,224.067,0.341,3.782,0.413
"2026-07-14 23:50",226.038,230.041,223.99,0.341,3.759,0.413
"2026-07-14 23:55",226.35,230.42,224.304,0.341,3.76,0.414
"2026-07-15 00:00",226.36,230.54,224.35,,,
"2026-07-15 00:05",226.375,230.666,224.397,0.342,3.785,0.414
"2026-07-15 00:10",226.873,230.953,224.813,0.344,3.774,0.416
"2026-07-15 00:15",227.299,231.567,225.326,0.342,3.743,0.418
"2026-07-15 00:20",226.427,230.891,224.661,0.342,3.751,0.415
"2026-07-15 00:25",226.388,230.504,224.433,0.342,3.768,0.415
"2026-07-15 00:30",226.981,231.108,224.96,0.342,3.745,0.417
"2026-07-15 00:35",228.298,232.385,226.26,0.344,3.733,0.422
"2026-07-15 00:40",228.354,232.586,226.367,0.345,3.728,0.421
"2026-07-15 00:45",228.508,232.911,226.678,0.344,3.723,0.423
"2026-07-15 00:50",228.629,232.725,226.585,0.344,3.75,0.423
"2026-07-15 00:55",227.992,232.213,226.155,0.344,3.757,0.422
"2026-07-15 01:00",227.931,232.141,226.168,0.343,3.737,0.422
"2026-07-15 01:05",227.926,232.308,226.247,0.344,3.752,0.422
"2026-07-15 01:10",228.33,232.586,226.519,0.345,3.743,0.423
"2026-07-15 01:15",228.963,233.413,227.106,0.346,3.721,0.425
"2026-07-15 01:20",227.8,232.251,226.057,0.344,3.737,0.422
"2026-07-15 01:25",227,231.608,224.993,0.343,3.751,0.418
"2026-07-15 01:30",227.283,231.866,225.326,0.344,3.737,0.418
"2026-07-15 01:35",228.48,233.165,226.817,0.345,3.727,0.423
"2026-07-15 01:40",229.149,233.512,227.103,0.346,3.717,0.424
"2026-07-15 01:45",228.791,233.531,226.945,0.347,3.735,0.423
"2026-07-15 01:50",229.121,233.774,227.287,0.347,3.718,0.424
"2026-07-15 01:55",229.329,233.816,227.376,0.348,3.728,0.424
"2026-07-15 02:00",229.135,233.801,227.266,0.347,3.726,0.424
"2026-07-15 02:05",228.616,233.222,226.866,0.346,3.736,0.422
"2026-07-15 02:10",228.855,233.473,227.112,0.346,3.726,0.422
"2026-07-15 02:15",229.26,233.624,227.332,0.347,3.747,0.423
"2026-07-15 02:20",229.535,233.999,227.503,0.348,3.735,0.423
"2026-07-15 02:25",228.84,233.126,226.929,0.347,3.729,0.421
"2026-07-15 02:30",229.123,233.598,227.282,0.348,3.721,0.422
"2026-07-15 02:35",229.25,233.67,227.312,0.347,3.719,0.422
"2026-07-15 02:40",229.463,234.017,227.27,0.347,3.716,0.423
"2026-07-15 02:45",228.928,233.511,227.003,0.346,3.751,0.421
"2026-07-15 02:50",229.5,233.956,227.581,0.347,3.717,0.424
"2026-07-15 02:55",229.118,233.458,226.961,0.346,3.721,0.422
"2026-07-15 03:00",229.973,234.289,228.027,0.347,3.722,0.426
"2026-07-15 03:05",229.651,234.991,228.862,0.347,3.705,0.43
"2026-07-15 03:10",229.05,234.041,228.148,0.345,3.758,0.43
"2026-07-15 03:15",228.978,234.183,228.061,0.345,3.724,0.43
"2026-07-15 03:20",228.679,233.66,227.782,0.344,3.739,0.429
"2026-07-15 03:25",229.857,235.059,228.917,0.348,3.707,0.43
"2026-07-15 03:30",229.75,234.944,228.832,0.348,3.707,0.429
"2026-07-15 03:35",229.544,234.666,228.666,0.347,3.715,0.428
"2026-07-15 03:40",229.214,234.258,228.372,0.345,3.732,0.429
"2026-07-15 03:45",229.706,234.904,228.931,0.347,3.711,0.428
"2026-07-15 03:50",230.285,235.557,229.404,0.348,3.696,0.43
"2026-07-15 03:55",230.271,235.626,229.423,0.348,3.732,0.43
"2026-07-15 04:00",230.404,235.496,229.465,0.349,3.722,0.431
"2026-07-15 04:05",230.421,235.551,229.385,0.348,3.698,0.431
"2026-07-15 04:10",230.617,235.71,229.458,0.349,3.698,0.431
"2026-07-15 04:15",230.348,235.533,229.438,0.348,3.699,0.431
"2026-07-15 04:20",230.586,235.898,229.804,0.348,3.695,0.431
"2026-07-15 04:25",228.365,233.396,227.341,0.345,3.731,0.422
"2026-07-15 04:30",228.62,233.885,227.75,0.347,3.75,0.423
"2026-07-15 04:35",228.204,233.519,227.261,0.347,3.727,0.421
"2026-07-15 04:40",228.465,233.802,227.404,0.346,3.728,0.422
"2026-07-15 04:45",228.109,233.374,227.155,0.346,3.733,0.421
"2026-07-15 04:50",225.922,231.079,224.727,0.34,3.77,0.414
"2026-07-15 04:55",226.845,231.887,225.602,0.343,3.754,0.415
"2026-07-15 05:00",226.486,231.766,225.468,0.341,3.76,0.417
"2026-07-15 05:05",226.286,231.423,225.129,0.34,3.76,0.417
"2026-07-15 05:10",226.624,231.861,225.646,0.343,3.759,0.416
"2026-07-15 05:15",226.99,231.97,225.603,0.344,3.754,0.415
"2026-07-15 05:20",227.16,232.267,226.074,0.343,3.752,0.417
"2026-07-15 05:25",227.665,232.826,226.594,0.344,3.741,0.419
"2026-07-15 05:30",227.81,233.158,226.757,0.344,3.739,0.419
"2026-07-15 05:35",228.325,233.603,227.188,0.346,3.76,0.42
"2026-07-15 05:40",228.318,233.648,227.311,0.346,3.734,0.421
"2026-07-15 05:45",228.174,233.336,226.804,0.345,3.737,0.42
"2026-07-15 05:50",228.789,233.929,227.513,0.346,3.734,0.424
"2026-07-15 05:55",229.189,234.729,228.288,0.346,3.726,0.427
"2026-07-15 06:00",228.6,233.47,228.06,,,
"2026-07-15 06:05",228.013,232.207,227.835,0.345,3.752,0.425
"2026-07-15 06:10",227.819,231.972,227.71,0.343,3.764,0.424
"2026-07-15 06:15",227.827,231.976,227.546,0.343,3.767,0.425
"2026-07-15 06:20",228.181,232.196,227.773,0.344,3.793,0.425
"2026-07-15 06:25",234.943,235.542,235.245,0.353,3.707,0.453
"2026-07-15 06:30",234.587,235.068,234.695,0.353,3.737,0.45
"2026-07-15 06:35",233.456,233.936,233.486,0.35,3.745,0.448
"2026-07-15 06:40",232.751,233.222,232.786,0.349,3.745,0.444
"2026-07-15 06:45",233.435,233.772,233.56,0.351,3.734,0.446
"2026-07-15 06:50",232.869,233.202,232.902,0.351,3.769,0.445
"2026-07-15 06:55",233.13,233.573,233.016,0.351,3.766,0.445
"2026-07-15 07:00",232.635,233.117,232.618,0.351,3.754,0.443
"2026-07-15 07:05",232.79,233.043,232.729,0.351,3.761,0.445
"2026-07-15 07:10",232.979,233.408,233.029,0.352,3.746,0.446
"2026-07-15 07:15",233.601,233.869,233.561,0.354,3.746,0.448
"2026-07-15 07:20",233.152,233.289,232.909,0.352,3.772,0.446
"2026-07-15 07:25",232.775,233.131,232.77,0.351,3.749,0.446
"2026-07-15 07:30",232.903,233.196,232.805,0.353,3.748,0.446
"2026-07-15 07:35",232.854,233.135,232.729,0.352,3.747,0.446
"2026-07-15 07:40",232.742,232.949,232.61,0.352,3.762,0.445
"2026-07-15 07:45",232.63,232.907,232.441,0.352,3.747,0.444
"2026-07-15 07:50",232.177,232.433,232.262,0.352,3.793,0.443
"2026-07-15 07:55",232.972,233.323,232.939,0.352,3.749,0.446
"2026-07-15 08:00",232.122,232.162,232.015,0.353,3.761,0.442
"2026-07-15 08:05",232.585,232.975,232.655,0.354,3.751,0.444
"2026-07-15 08:10",232.337,232.238,232.265,0.354,3.759,0.442
"2026-07-15 08:15",232.183,232.147,232.147,0.353,3.76,0.442
"2026-07-15 08:20",231.607,231.594,231.482,0.352,3.8,0.44
"2026-07-15 08:25",235.001,237.066,234.844,0.355,3.689,0.454
"2026-07-15 08:30",234.701,236.767,234.743,0.355,3.7,0.454
"2026-07-15 08:35",234.417,236.567,234.317,0.354,3.7,0.453
"2026-07-15 08:40",233.411,235.543,233.214,0.353,3.715,0.448
"2026-07-15 08:45",233.782,236.032,233.68,0.352,3.708,0.45
"2026-07-15 08:50",234.507,236.488,234.052,0.355,3.725,0.449
"2026-07-15 08:55",234.085,236.548,234.086,0.354,3.725,0.448
"2026-07-15 09:00",234.127,236.421,234.273,0.353,3.726,0.45
"2026-07-15 09:05",233.322,235.746,233.798,0.351,3.712,0.449
"2026-07-15 09:10",232.964,235.311,232.823,0.351,3.728,0.445
"2026-07-15 09:15",232.66,234.805,232.711,0.352,3.731,0.445
"2026-07-15 09:20",232.833,234.973,232.791,0.351,3.744,0.447
"2026-07-15 09:25",233.127,235.406,233.243,0.352,3.719,0.447
"2026-07-15 09:30",232.87,235.116,233.04,0.352,3.723,0.445
"2026-07-15 09:35",232.674,234.849,232.718,0.353,3.758,0.443
"2026-07-15 09:40",231.914,234.473,232.411,0.35,3.765,0.441
"2026-07-15 09:45",232.759,234.782,232.522,0.351,3.792,0.442
"2026-07-15 09:50",232.626,234.446,232.683,0.35,3.761,0.444
"2026-07-15 09:55",232.964,235.111,232.664,0.348,3.758,0.443
"2026-07-15 10:00",231.517,233.593,231.77,0.348,3.775,0.443
"2026-07-15 10:05",232.301,234.413,232.341,0.348,3.768,0.445
"2026-07-15 10:10",231.768,234.075,231.675,0.346,3.805,0.443
"2026-07-15 10:15",231.899,233.942,232.037,0.346,3.799,0.443
"2026-07-15 10:20",230.912,232.821,230.708,0.343,3.796,0.44
"2026-07-15 10:25",231.242,233.347,230.773,0.344,3.788,0.437
"2026-07-15 10:30",230.24,232.607,230.22,0.343,3.799,0.435
"2026-07-15 10:35",230.756,232.843,230.552,0.344,3.824,0.436
"2026-07-15 10:40",231.089,233.279,230.857,0.345,3.796,0.437
"2026-07-15 10:45",231.366,233.358,231.08,0.345,3.788,0.438
"2026-07-15 10:50",229.19,231.952,224.449,0.342,3.783,7.825
"2026-07-15 10:55",229.078,232.121,224.351,0.341,3.784,8.33
"2026-07-15 11:00",229.347,232.158,224.833,0.341,3.736,8.312
"2026-07-15 11:05",229.983,232.877,225.109,0.343,3.733,8.344
"2026-07-15 11:10",229.605,232.42,225.022,0.341,3.725,8.308
"2026-07-15 11:15",229.265,231.923,224.495,0.34,3.728,8.316
"2026-07-15 11:20",229.823,232.517,224.985,0.341,3.723,8.336
"2026-07-15 11:25",229.828,232.559,225.069,0.341,3.731,8.122
"2026-07-15 11:30",229.171,231.631,224.356,0.34,3.731,8.075
"2026-07-15 11:35",229.904,232.367,224.968,0.342,3.722,8.105
"2026-07-15 11:40",229.199,232.108,224.64,0.34,3.725,8.089
"2026-07-15 11:45",229.19,231.972,224.613,0.338,3.728,8.096
"2026-07-15 11:50",228.297,231.1,223.828,0.345,3.744,8.071
"2026-07-15 11:55",228.936,230.935,223.369,0.352,3.744,8.128
"2026-07-15 12:00",230.68,232.58,224.89,,,
"2026-07-15 12:05",232.414,234.221,226.416,0.355,3.673,7.83
"2026-07-15 12:10",233.084,235.563,227.651,0.352,3.65,7.824
"2026-07-15 12:15",233.87,235.993,228.065,0.353,3.654,7.756
"2026-07-15 12:20",232.375,233.76,227.103,0.351,3.67,7.817
"2026-07-15 12:25",232.726,233.841,232.215,0.349,3.692,0.663
"2026-07-15 12:30",232.635,234.167,227.465,0.351,3.663,7.823
"2026-07-15 12:35",232.702,233.992,232.356,0.351,3.676,0.663
"2026-07-15 12:40",232.729,234.296,227.581,0.347,3.665,7.859
"2026-07-15 12:45",231.983,233.778,226.927,0.347,3.667,7.947
"2026-07-15 12:50",231.374,232.987,226.288,0.343,3.677,7.764
"2026-07-15 12:55",231.424,232.581,231.006,0.34,3.686,0.652
"2026-07-15 13:00",231.701,232.791,231.214,0.34,3.688,0.653
"2026-07-15 13:05",232.074,233.737,227.134,0.342,3.677,7.88
"2026-07-15 13:10",233.091,234.28,232.749,0.343,3.669,0.659
"2026-07-15 13:15",231.945,233.687,226.922,0.338,3.67,7.814
"2026-07-15 13:20",232.346,233.58,232.045,0.338,3.694,0.654
"2026-07-15 13:25",230.966,232.671,226.11,0.338,3.683,7.819
"2026-07-15 13:30",231.993,233.314,231.804,0.338,3.715,0.649
"2026-07-15 13:35",232.158,233.819,227.22,0.339,3.67,7.912
"2026-07-15 13:40",233.235,234.303,232.639,0.338,3.673,0.65
"2026-07-15 13:45",232.321,233.607,231.914,0.338,3.676,0.65
"2026-07-15 13:50",231.422,233.313,226.584,0.344,3.671,7.997
"2026-07-15 13:55",232.195,233.326,231.945,0.34,3.681,0.648
"2026-07-15 14:00",232.146,233.471,232.118,0.337,3.694,0.652
"2026-07-15 14:05",230.722,232.405,225.619,0.338,3.686,8.081
"2026-07-15 14:10",230.028,231.514,225.365,0.335,3.706,7.802
"2026-07-15 14:15",230.686,231.996,230.496,0.336,3.693,0.642
"2026-07-15 14:20",230.315,231.711,230.311,0.335,3.706,0.642
"2026-07-15 14:25",230.636,231.8,230.509,0.336,3.703,0.645
"2026-07-15 14:30",230.678,231.563,230.625,0.337,3.714,0.648
"2026-07-15 14:35",231.298,232.808,231.089,0.341,3.693,0.649
"2026-07-15 14:40",231.12,232.297,230.521,0.34,3.704,0.647
"2026-07-15 14:45",229.745,231.669,225.336,0.342,3.702,7.764
"2026-07-15 14:50",230.915,232.257,230.76,0.342,3.691,0.642
"2026-07-15 14:55",230.316,231.941,230.507,0.342,3.711,0.642
"2026-07-15 15:00",231.423,233.012,231.48,0.357,3.691,0.647
"2026-07-15 15:05",231.865,233.215,231.951,0.344,3.692,0.649
"2026-07-15 15:10",230.203,231.837,230.423,0.343,3.71,0.642
"2026-07-15 15:15",229.766,231.25,225.261,0.343,3.726,7.604
"2026-07-15 15:20",229.743,230.901,229.582,0.34,3.714,0.632
"2026-07-15 15:25",230.759,232.149,230.679,0.343,3.722,0.636
"2026-07-15 15:30",229.515,230.826,229.357,0.343,3.709,0.632
"2026-07-15 15:35",229.924,231.215,229.565,0.342,3.708,0.633
"2026-07-15 15:40",230.662,231.696,229.921,0.342,3.71,0.635
"2026-07-15 15:45",229.386,230.962,224.792,0.342,3.705,7.787
"2026-07-15 15:50",231.024,232.377,230.833,0.343,3.694,0.634
"2026-07-15 15:55",231.486,232.688,231.119,0.342,3.693,0.638
"2026-07-15 16:00",230.689,231.676,230.52,0.341,3.74,0.639
"2026-07-15 16:05",230.461,231.477,230.132,0.337,3.737,0.64
"2026-07-15 16:10",230.324,231.19,230.107,0.341,3.709,0.639
"2026-07-15 16:15",229.847,231.11,224.486,0.343,3.703,7.955
"2026-07-15 16:20",230.379,231.318,229.633,0.341,3.703,0.628
"2026-07-15 16:25",229.584,230.66,229.017,0.339,3.716,0.631
"2026-07-15 16:30",230.17,231.092,229.349,0.344,3.713,0.633
"2026-07-15 16:35",230.355,231.233,229.196,0.342,3.709,0.635
"2026-07-15 16:40",230.373,230.556,228.723,0.34,3.736,0.633
"2026-07-15 16:45",229.641,230.184,223.799,0.374,3.718,7.53
"2026-07-15 16:50",230.948,231.433,229.244,0.342,3.708,0.626
"2026-07-15 16:55",231.799,231.852,229.695,0.343,3.723,0.632
"2026-07-15 17:00",231.35,231.548,229.534,0.343,3.702,0.633
"2026-07-15 17:05",231.263,231.668,229.583,0.343,3.73,0.636
"2026-07-15 17:10",230.79,231.344,229.32,0.342,3.714,0.637
"2026-07-15 17:15",231.886,232.233,229.936,0.345,3.694,0.638
"2026-07-15 17:20",231.779,232.6,225.505,0.345,3.681,7.721
"2026-07-15 17:25",232.537,232.638,230.577,0.345,3.702,0.634
"2026-07-15 17:30",232.141,232.699,230.797,0.346,3.684,0.638
"2026-07-15 17:35",232.359,232.494,230.69,0.347,3.71,0.639
"2026-07-15 17:40",232.314,232.725,230.812,0.347,3.682,0.639
"2026-07-15 17:45",232.902,233.164,231.02,0.348,3.71,0.641
"2026-07-15 17:50",232.495,233.173,226.289,0.349,3.702,8.002
"2026-07-15 17:55",232.611,232.842,230.589,0.346,3.709,0.633
"2026-07-15 18:00",232.75,232.83,230.66,,,
"2026-07-15 18:05",232.883,232.826,230.731,0.346,3.685,0.637
"2026-07-15 18:10",228.158,233.911,226.74,0.336,3.689,0.623
"2026-07-15 18:15",229.107,235.069,227.816,0.334,3.664,0.629
"2026-07-15 18:20",229.665,236.045,228.493,0.338,3.651,0.631
"2026-07-15 18:25",229.111,235.172,225.166,0.34,3.654,7.839
"2026-07-15 18:30",226.172,231.378,226.276,0.33,3.734,0.618
"2026-07-15 18:35",227.513,232.414,227.599,0.335,3.693,0.621
"2026-07-15 18:40",226.792,231.721,226.636,0.334,3.705,0.621
"2026-07-15 18:45",225.28,230.276,225.143,0.333,3.719,0.616
"2026-07-15 18:50",225.784,229.451,223.558,0.335,3.743,0.611
"2026-07-15 18:55",225.24,229.932,223.265,0.333,3.727,0.609
"2026-07-15 19:00",224.035,230.575,218.623,0.335,3.708,7.461
"2026-07-15 19:05",225.064,230.803,223.27,0.335,3.725,0.601
"2026-07-15 19:10",224.235,230.053,222.325,0.333,3.731,0.602
"2026-07-15 19:15",222.712,229.369,221.309,0.329,3.734,0.601
"2026-07-15 19:20",224.774,231.999,222.708,0.333,3.719,0.605
"2026-07-15 19:25",223.947,230.809,221.6,0.332,3.741,0.602
"2026-07-15 19:30",223.747,230.793,221.51,0.332,3.742,0.602
"2026-07-15 19:35",223.369,230.976,217.046,0.334,3.706,7.44
"2026-07-15 19:40",224.372,231.352,221.877,0.332,3.703,0.595
"2026-07-15 19:45",224.461,231.027,221.643,0.333,3.705,0.598
"2026-07-15 19:50",223.868,230.554,221.178,0.333,3.713,0.598
"2026-07-15 19:55",224.348,230.855,221.676,0.333,3.707,0.601
"2026-07-15 20:00",224.846,231.712,222.498,0.333,3.701,0.604
"2026-07-15 20:05",224.599,231.408,222.089,0.334,3.702,0.604
"2026-07-15 20:10",223.888,231.005,217.418,0.334,3.701,7.444
"2026-07-15 20:15",224.625,231.834,222.503,0.333,3.696,0.597
"2026-07-15 20:20",224.347,231.302,222.272,0.333,3.72,0.601
"2026-07-15 20:25",224.548,231.523,222.353,0.332,3.73,0.602
"2026-07-15 20:30",224.479,231.615,222.084,0.332,3.729,0.603
"2026-07-15 20:35",224.538,231.835,222.365,0.332,3.692,0.605
"2026-07-15 20:40",224.607,231.795,222.315,0.332,3.697,0.604
"2026-07-15 20:45",223.719,231.439,217.227,0.333,3.689,7.673
"2026-07-15 20:50",224.186,231.36,221.714,0.332,3.695,0.595
"2026-07-15 20:55",224.56,231.742,222.153,0.332,3.693,0.6
"2026-07-15 21:00",224.201,231.61,222.128,0.332,3.698,0.602
"2026-07-15 21:05",224.323,231.355,221.749,0.333,3.701,0.601
"2026-07-15 21:10",223.864,230.641,221.18,0.332,3.714,0.601
"2026-07-15 21:15",224.081,231.108,221.472,0.333,3.714,0.603
"2026-07-15 21:20",223.782,231.119,217.007,0.334,3.717,7.749
"2026-07-15 21:25",224.239,231.361,221.614,0.333,3.698,0.595
"2026-07-15 21:30",224.056,231.05,221.256,0.332,3.733,0.596
"2026-07-15 21:35",223.618,230.691,221.108,0.332,3.718,0.597
"2026-07-15 21:40",224.105,231.158,221.414,0.333,3.701,0.6
"2026-07-15 21:45",224.194,231.13,221.643,0.332,3.708,0.602
"2026-07-15 21:50",224.637,231.543,222.168,0.334,3.698,0.605
"2026-07-15 21:55",224.537,231.233,221.818,0.334,3.704,0.603
"2026-07-15 22:00",223.771,230.837,217.028,0.334,3.706,7.436
"2026-07-15 22:05",224.047,230.549,221.198,0.332,3.721,0.595
"2026-07-15 22:10",223.854,230.169,220.942,0.332,3.717,0.596
"2026-07-15 22:15",224.932,232.508,222.464,0.333,3.683,0.603
"2026-07-15 22:20",223.88,231.696,221.608,0.332,3.712,0.601
"2026-07-15 22:25",224.267,231.928,222.024,0.332,3.697,0.604
"2026-07-15 22:30",224.375,232.303,222.374,0.333,3.709,0.606
"2026-07-15 22:35",223.93,232.159,217.826,0.334,3.694,7.468
"2026-07-15 22:40",224.577,232.286,222.46,0.333,3.719,0.596
"2026-07-15 22:45",224.145,231.978,222.122,0.335,3.693,0.6
"2026-07-15 22:50",224.265,232.309,222.368,0.332,3.684,0.603
"2026-07-15 22:55",223.943,232.055,222.319,0.332,3.69,0.603
"2026-07-15 23:00",224.463,232.216,222.48,0.333,3.69,0.605
"2026-07-15 23:05",224.111,231.99,222.214,0.333,3.707,0.605
"2026-07-15 23:10",223.862,231.595,221.863,0.331,3.696,0.604
"2026-07-15 23:15",223.391,231.492,217.304,0.332,3.691,7.56
"2026-07-15 23:20",224.171,232.105,222.267,0.331,3.704,0.599
"2026-07-15 23:25",223.809,231.47,221.808,0.331,3.699,0.6
"2026-07-15 23:30",224.262,231.97,222.066,0.333,3.7,0.603
"2026-07-15 23:35",224.498,231.799,222.623,0.331,3.719,0.605
"2026-07-15 23:40",224.676,231.959,222.6,0.331,3.723,0.606
"2026-07-15 23:45",224.7,232.002,222.568,0.332,3.69,0.607
"2026-07-15 23:50",224.499,232.193,222.341,0.332,3.687,0.607
"2026-07-15 23:55",224.836,232.576,218.639,0.334,3.678,7.444
"2026-07-16 00:00",225.27,232.5,221.02,,,
"2026-07-16 00:05",225.695,232.424,223.406,0.334,3.683,0.607
"2026-07-16 00:10",225.608,232.96,223.557,0.335,3.682,0.609
"2026-07-16 00:15",226.087,233.212,224.008,0.336,3.689,0.612
"2026-07-16 00:20",226.454,233.749,224.347,0.337,3.676,0.614
"2026-07-16 00:25",226.67,233.975,224.65,0.336,3.679,0.615
"2026-07-16 00:30",227.074,234.539,224.888,0.336,3.654,0.617
"2026-07-16 00:35",226.456,234.604,220.264,0.337,3.646,7.621
"2026-07-16 00:40",227.294,234.731,225.084,0.336,3.652,0.611
"2026-07-16 00:45",227.319,234.804,224.694,0.337,3.656,0.612
"2026-07-16 00:50",227.578,235.051,225.34,0.338,3.672,0.616
"2026-07-16 00:55",227.717,235.407,225.347,0.338,3.642,0.617
"2026-07-16 01:00",228.049,235.592,225.775,0.339,3.663,0.619
"2026-07-16 01:05",227.519,235.811,226.347,0.338,3.649,0.622
"2026-07-16 01:10",227.36,235.799,226.42,0.338,3.645,0.623
"2026-07-16 01:15",227.492,236.601,222.285,0.339,3.659,7.533
"2026-07-16 01:20",227.047,234.484,225.772,0.337,3.684,0.616
"2026-07-16 01:25",226.972,234.354,225.508,0.336,3.658,0.616
"2026-07-16 01:30",227.499,234.913,226.151,0.338,3.653,0.619
"2026-07-16 01:35",227.414,234.767,226.158,0.337,3.661,0.62
"2026-07-16 01:40",227.573,235.123,226.301,0.338,3.645,0.622
"2026-07-16 01:45",227.886,235.183,226.652,0.338,3.648,0.625
"2026-07-16 01:50",228.061,235.305,226.598,0.339,3.652,0.625
"2026-07-16 01:55",227.664,235.575,222.079,0.34,3.636,7.749
"2026-07-16 02:00",228.17,235.462,226.73,0.339,3.662,0.619
"2026-07-16 02:05",228.302,235.854,227.311,0.339,3.643,0.624
"2026-07-16 02:10",227.461,234.853,226.095,0.339,3.681,0.62
"2026-07-16 02:15",228.125,235.502,226.803,0.338,3.677,0.623
"2026-07-16 02:20",227.958,235.023,226.555,0.338,3.651,0.623
"2026-07-16 02:25",227.968,235.48,226.821,0.338,3.644,0.625
"2026-07-16 02:30",227.351,234.715,225.889,0.338,3.666,0.622
"2026-07-16 02:35",227.066,235.115,221.611,0.339,3.64,7.636
"2026-07-16 02:40",227.645,235.052,226.453,0.338,3.647,0.619
"2026-07-16 02:45",228.315,235.868,227.089,0.338,3.641,0.623
"2026-07-16 02:50",227.63,235.112,226.066,0.337,3.654,0.62
"2026-07-16 02:55",226.935,234.462,225.697,0.337,3.678,0.619
"2026-07-16 03:00",227.023,234.518,225.418,0.337,3.662,0.619
"2026-07-16 03:05",226.897,234.357,225.685,0.337,3.66,0.62
"2026-07-16 03:10",226.916,234.422,225.64,0.337,3.658,0.62
"2026-07-16 03:15",226.737,234.973,221.236,0.339,3.653,7.738
"2026-07-16 03:20",227.086,234.604,225.819,0.336,3.658,0.614
"2026-07-16 03:25",227.222,234.732,225.885,0.338,3.648,0.617
"2026-07-16 03:30",227.038,234.603,225.646,0.338,3.653,0.618
"2026-07-16 03:35",226.847,234.134,225.172,0.337,3.664,0.617
"2026-07-16 03:40",226.791,234.293,225.433,0.338,3.668,0.619
"2026-07-16 03:45",227.168,234.609,225.58,0.338,3.658,0.62
"2026-07-16 03:50",227.629,235.798,226.494,0.34,3.64,0.625
"2026-07-16 03:55",227.197,235.405,221.455,0.34,3.629,7.77
"2026-07-16 04:00",227.812,235.412,226.258,0.339,3.665,0.617
"2026-07-16 04:05",227.807,235.319,226.168,0.339,3.636,0.62
"2026-07-16 04:10",227.619,235.282,226.3,0.339,3.641,0.621
"2026-07-16 04:15",228.152,235.605,226.486,0.34,3.671,0.623
"2026-07-16 04:20",228.139,235.691,226.78,0.339,3.67,0.625
"2026-07-16 04:25",228.011,235.535,226.533,0.341,3.651,0.625
"2026-07-16 04:30",227.979,235.578,226.588,0.339,3.642,0.626
"2026-07-16 04:35",228.085,236.027,222.623,0.342,3.625,7.488
"2026-07-16 04:40",228.718,236.025,226.909,0.34,3.625,0.619
"2026-07-16 04:45",228.334,235.999,227.085,0.34,3.636,0.623
"2026-07-16 04:50",227.801,235.19,226.319,0.34,3.642,0.622
"2026-07-16 04:55",227.349,234.888,226.263,0.34,3.661,0.623
"2026-07-16 05:00",227.859,235.277,226.465,0.34,3.652,0.625
"2026-07-16 05:05",228.892,237.923,229.255,0.34,3.629,0.639
"2026-07-16 05:10",228.051,234.632,226.457,0.34,3.652,0.627
"2026-07-16 05:15",227.108,233.91,225.82,0.335,3.663,0.628
"2026-07-16 05:20",228.175,236.22,223.542,0.343,3.622,7.524
"2026-07-16 05:25",228.059,235.637,227.671,0.34,3.64,0.626
"2026-07-16 05:30",228.75,236.148,228.378,0.341,3.632,0.63
"2026-07-16 05:35",228.221,235.56,227.833,0.341,3.648,0.63
"2026-07-16 05:40",229.278,235.755,228.371,0.341,3.641,0.634
"2026-07-16 05:45",229.304,235.614,228.786,0.34,3.646,0.637
"2026-07-16 05:50",230.766,236.051,229.703,0.343,3.635,0.639
"2026-07-16 05:55",228.701,234.281,227.665,0.342,3.657,0.631
"2026-07-16 06:00",229.26,234.98,228.57,,,
"2026-07-16 06:05",229.812,235.673,229.476,0.342,3.641,0.633
"2026-07-16 06:10",230.202,236.041,229.768,0.343,3.63,0.635
"2026-07-16 06:15",229.918,235.681,229.365,0.343,3.633,0.636
"2026-07-16 06:20",230.447,235.384,229.948,0.34,4.845,0.637
"2026-07-16 06:25",235.157,236.029,234.597,0.347,3.806,0.658
"2026-07-16 06:30",234.169,234.019,233.018,0.347,3.669,0.652
"2026-07-16 06:35",236.201,236.154,234.799,0.348,3.639,0.66
"2026-07-16 06:40",235.115,235.401,229.429,0.348,3.638,7.837
"2026-07-16 06:45",236.003,235.573,234.713,0.346,3.659,0.656
"2026-07-16 06:50",236.383,236.171,235.175,0.347,3.638,0.66
"2026-07-16 06:55",236.279,235.901,234.837,0.346,3.665,0.66
"2026-07-16 07:00",236.162,235.938,234.898,0.347,3.648,0.66
"2026-07-16 07:05",236,235.706,234.563,0.346,3.638,0.66
"2026-07-16 07:10",235.915,235.399,234.648,0.346,3.646,0.662
"2026-07-16 07:15",235.991,235.463,234.343,0.347,3.653,0.66
"2026-07-16 07:20",234.804,235.111,229.236,0.348,3.639,7.87
"2026-07-16 07:25",235.696,235.519,234.184,0.35,3.252,0.654
"2026-07-16 07:30",235.549,235.204,233.998,0.349,3.349,0.655
"2026-07-16 07:35",236.282,236.138,235.266,0.351,3.423,0.661
"2026-07-16 07:40",236.093,235.865,234.99,0.349,3.459,0.66
"2026-07-16 07:45",235.742,235.504,234.581,0.349,3.409,0.66
"2026-07-16 07:50",235.096,234.912,234.083,0.349,3.474,0.658
"2026-07-16 07:55",234.418,234.294,233.322,0.348,3.476,0.656
"2026-07-16 08:00",233.624,234.004,227.974,0.35,3.503,7.911
"2026-07-16 08:05",234.268,234.367,233.442,0.346,3.397,0.65
"2026-07-16 08:10",232.942,232.44,232.007,0.344,3.419,0.647
"2026-07-16 08:15",232.766,232.404,231.645,0.344,3.319,0.646
"2026-07-16 08:20",232.528,232.331,231.391,0.346,3.088,0.646
"2026-07-16 08:25",232.664,232.427,231.698,0.345,2.925,0.647
"2026-07-16 08:30",232.472,232.353,231.325,0.346,2.72,0.648
"2026-07-16 08:35",232.357,232.631,231.699,0.345,2.672,0.649
"2026-07-16 08:40",232.159,232.302,226.603,0.347,2.647,7.726
"2026-07-16 08:45",232.926,232.644,231.637,0.344,2.753,0.644
"2026-07-16 08:50",232.967,232.538,231.44,0.343,2.767,0.645
"2026-07-16 08:55",233.484,233.296,232.106,0.343,2.658,0.648
"2026-07-16 09:00",232.96,233.589,227.454,0.347,2.391,7.968
"2026-07-16 09:05",232.122,232.098,231.02,0.343,2.211,0.64
"2026-07-16 09:10",231.607,231.525,230.394,0.34,2.188,0.641
"2026-07-16 09:15",231.943,232.111,230.87,0.343,2.082,0.645
"2026-07-16 09:20",231.546,232.08,230.505,0.347,1.524,0.646
"2026-07-16 09:25",231.932,232.335,230.689,0.349,1.51,0.65
"2026-07-16 09:30",231.37,231.599,230.244,0.345,1.821,0.65
"2026-07-16 09:35",231.261,231.592,230.073,0.343,2.083,0.65
"2026-07-16 09:40",229.967,230.73,224.486,0.344,1.867,7.768
"2026-07-16 09:45",231.729,231.779,230.53,0.344,1.927,0.642
"2026-07-16 09:50",231.514,231.762,230.275,0.345,1.831,0.646
"2026-07-16 09:55",231.033,230.935,229.77,0.342,1.969,0.645
"2026-07-16 10:00",230.974,232.304,230.609,0.344,1.877,0.649
"2026-07-16 10:05",227.83,229.866,227.646,0.341,1.829,0.644
"2026-07-16 10:10",230.449,231.855,229.58,0.343,1.706,0.648
"2026-07-16 10:15",229.777,232.218,224.934,0.347,1.197,8.073
"2026-07-16 10:20",231.102,232.722,230.543,0.343,1.564,0.649
"2026-07-16 10:25",230.782,231.994,230.08,0.341,1.841,0.649
"2026-07-16 10:30",229.768,231.351,224.886,0.34,2.01,7.68
"2026-07-16 10:35",229.458,230.675,229.053,0.338,2.086,0.637
"2026-07-16 10:40",229.857,231.353,229.597,0.339,1.918,0.644
"2026-07-16 10:45",229.769,231.243,228.966,0.341,1.742,0.645
"2026-07-16 10:50",230.203,232.181,229.892,0.341,1.686,0.65
"2026-07-16 10:55",229.753,231.322,229.331,0.341,2.023,0.649
"2026-07-16 11:00",229.716,231.778,229.528,0.341,1.722,0.65
"2026-07-16 11:05",229.5,231.516,228.968,0.343,1.41,0.649
"2026-07-16 11:10",229.863,232.424,224.727,0.341,0.946,7.843
"2026-07-16 11:15",230.081,232.443,229.916,0.34,0.932,0.649
"2026-07-16 11:20",230.427,232.15,229.826,0.34,1.469,0.651
"2026-07-16 11:25",230.239,231.563,229.594,0.338,1.941,0.652
"2026-07-16 11:30",229.125,230.727,228.701,0.333,2.24,0.65
"2026-07-16 11:35",229.892,232.968,225.285,0.34,0.936,8.005
"2026-07-16 11:40",231.333,233.647,230.553,0.341,1.374,0.649
"2026-07-16 11:45",230.538,233.184,230.129,0.342,1.524,0.651
"2026-07-16 11:50",229.77,231.976,224.507,0.334,2.062,7.91
"2026-07-16 11:55",231.456,233.12,230.433,0.34,2.086,0.647
"2026-07-16 12:00",231.52,233.26,230.48,,,
"2026-07-16 12:05",231.584,233.391,230.528,0.343,1.097,0.653
"2026-07-16 12:10",230.573,232.533,229.599,0.34,1.455,0.652
"2026-07-16 12:15",231.237,233.216,230.228,0.342,1.539,0.654
"2026-07-16 12:20",232.362,233.819,231.477,0.339,2.457,0.66
"2026-07-16 12:25",231.367,232.962,226.064,0.334,3.12,7.939
"2026-07-16 12:30",231.924,233.061,230.825,0.337,3.198,0.648
"2026-07-16 12:35",231.901,233.137,230.976,0.338,3.002,0.649
"2026-07-16 12:40",231.583,233.036,231.125,0.338,2.694,0.651
"2026-07-16 12:45",231.455,233.032,230.779,0.342,2.426,0.65
"2026-07-16 12:50",231.8,233.384,224.637,0.34,2.457,6.627
"2026-07-16 12:55",231.172,233.711,226.539,0.341,2.129,0.663
"2026-07-16 13:00",231.33,232.727,230.536,0.339,2.022,0.648
"2026-07-16 13:05",230.926,232.274,230.371,0.339,2.167,0.651
"2026-07-16 13:10",230.55,232.191,230.113,0.335,2.331,0.653
"2026-07-16 13:15",231.303,232.462,230.885,0.334,2.793,0.656
"2026-07-16 13:20",230.282,231.856,225.254,0.335,2.76,7.788
"2026-07-16 13:25",231.308,232.855,231.057,0.336,2.704,0.651
"2026-07-16 13:30",230.895,232.621,230.498,0.338,2.312,0.65
"2026-07-16 13:35",230.36,232.766,225.629,0.339,1.765,8.024
"2026-07-16 13:40",231.507,233.231,231.317,0.339,2.014,0.65
"2026-07-16 13:45",231.175,232.627,230.541,0.337,2.461,0.651
"2026-07-16 13:50",231.076,232.185,230.572,0.334,2.917,0.652
"2026-07-16 13:55",231.254,232.395,230.942,0.336,3.19,0.653
"2026-07-16 14:00",231.589,232.422,230.971,0.338,3.14,0.653
"2026-07-16 14:05",231.097,231.886,230.489,0.339,3.145,0.651
"2026-07-16 14:10",229.912,231.677,224.924,0.337,3.083,8.046
"2026-07-16 14:15",230.19,231.585,229.584,0.335,2.934,0.642
"2026-07-16 14:20",230.446,232.07,229.93,0.337,2.672,0.646
"2026-07-16 14:25",230.252,231.749,229.527,0.337,2.548,0.646
"2026-07-16 14:30",230.703,232.422,230.147,0.34,2.342,0.65
"2026-07-16 14:35",230.69,232.17,229.246,0.335,2.102,0.651
"2026-07-16 14:40",231.451,233.356,225.298,0.366,2.007,7.863
"2026-07-16 14:45",231.665,232.974,230.175,0.336,2.052,0.649
"2026-07-16 14:50",231.304,232.624,229.983,0.337,2.137,0.65
"2026-07-16 14:55",231.053,232.536,229.447,0.34,2.271,0.649
"2026-07-16 15:00",231.253,232.544,229.387,0.34,2.394,0.648
"2026-07-16 15:05",231.194,232.778,224.926,0.34,2.582,7.809
"2026-07-16 15:10",231.548,232.174,229.685,0.339,2.706,0.64
"2026-07-16 15:15",231.347,232.051,229.445,0.337,3.025,0.643
"2026-07-16 15:20",230.305,231.941,224.229,0.387,2.976,7.99
"2026-07-16 15:25",230.703,231.096,228.685,0.385,2.861,0.634
"2026-07-16 15:30",229.937,230.652,228.102,0.383,2.982,0.637
"2026-07-16 15:35",230.221,230.983,228.481,0.385,2.993,0.639
"2026-07-16 15:40",229.636,231.196,228.215,0.385,3.13,0.641
"2026-07-16 15:45",230.389,232.067,228.571,0.384,3.253,0.643
"2026-07-16 15:50",230.183,231.594,228.679,0.384,3.627,0.644
"2026-07-16 15:55",229.193,231.322,223.576,0.384,3.594,7.847
"2026-07-16 16:00",230.714,232.387,229.242,0.389,3.587,0.633
"2026-07-16 16:05",231.357,232.776,229.657,0.419,3.514,0.637
"2026-07-16 16:10",231.733,233.051,229.902,0.391,3.475,0.64
"2026-07-16 16:15",231.92,233.264,230.388,0.394,3.387,0.642
"2026-07-16 16:20",230.923,232.586,229.352,0.41,3.491,0.64
"2026-07-16 16:25",231.125,233.301,225.264,0.391,3.425,7.878
"2026-07-16 16:30",231.552,233.049,229.864,0.39,3.529,0.636
"2026-07-16 16:35",231.628,233.124,229.938,0.393,3.557,0.639
"2026-07-16 16:40",231.929,233.457,230.942,0.394,3.541,0.644
"2026-07-16 16:45",233.05,234.865,231.771,0.395,3.52,0.648
"2026-07-16 16:50",233.267,234.697,231.752,0.393,3.55,0.648
"2026-07-16 16:55",232.758,234.587,231.553,0.392,3.534,0.648
"2026-07-16 17:00",232.722,234.724,226.884,0.393,3.588,7.768
"2026-07-16 17:05",233.89,235.613,232.518,0.393,3.599,0.645
"2026-07-16 17:10",233.387,234.981,232.058,0.393,3.618,0.647
"2026-07-16 17:15",233.222,234.858,231.886,0.393,3.618,0.647
"2026-07-16 17:20",233.822,235.517,232.482,0.394,3.606,0.65
"2026-07-16 17:25",233.429,235.014,232.087,0.394,3.616,0.65
"2026-07-16 17:30",232.854,235.088,226.888,0.394,3.613,8.043
"2026-07-16 17:35",233.106,234.773,232.045,0.393,3.647,0.642
"2026-07-16 17:40",234.175,235.629,232.71,0.396,3.63,0.644
"2026-07-16 17:45",234.133,235.916,232.973,0.396,3.622,0.648
"2026-07-16 17:50",234.424,236.275,228.544,0.397,3.582,7.774
"2026-07-16 17:55",234.875,236.543,233.532,0.396,3.604,0.644
"2026-07-16 18:00",234.73,235.98,233.5,,,
"2026-07-16 18:05",234.577,235.412,233.469,0.396,3.663,0.65
"2026-07-16 18:10",227.461,233.508,225.366,0.389,3.679,0.618
"2026-07-16 18:15",228.089,234.737,225.912,0.388,3.658,0.622
"2026-07-16 18:20",229.304,236.79,228.557,0.39,3.632,0.633
"2026-07-16 18:25",229.408,235.427,228.106,0.39,3.655,0.63
"2026-07-16 18:30",226.838,232.854,221.123,0.388,3.694,7.532
"2026-07-16 18:35",227.556,233.439,225.872,0.387,3.7,0.615
"2026-07-16 18:40",226.628,232.521,224.839,0.386,3.677,0.613
"2026-07-16 18:45",225.678,231.502,224.033,0.385,3.697,0.612
"2026-07-16 18:50",224.566,230.348,222.922,0.385,3.715,0.609
"2026-07-16 18:55",225.646,233.54,224.313,0.387,3.668,0.615
"2026-07-16 19:00",225.168,233.048,223.846,0.385,3.685,0.614
"2026-07-16 19:05",223.975,231.892,218.31,0.387,3.682,7.617
"2026-07-16 19:10",223.954,231.356,222.325,0.385,3.706,0.601
"2026-07-16 19:15",223.91,231.585,222.582,0.385,3.711,0.606
"2026-07-16 19:20",224.292,231.843,223.097,0.387,3.694,0.608
"2026-07-16 19:25",223.589,231.201,222.27,0.385,3.712,0.606
"2026-07-16 19:30",223.143,230.713,221.689,0.386,3.699,0.605
"2026-07-16 19:35",223.175,231.659,222.052,0.385,3.689,0.607
"2026-07-16 19:40",222.47,231.788,217.372,0.389,3.686,7.337
"2026-07-16 19:45",222.246,231.427,221.468,0.384,3.724,0.594
"2026-07-16 19:50",226.861,236.201,226.313,0.388,3.629,0.618
"2026-07-16 19:55",226.552,234.566,225.413,0.386,3.652,0.617
"2026-07-16 20:00",226.967,234.878,225.929,0.388,3.645,0.619
"2026-07-16 20:05",226.434,234.103,225.046,0.387,3.657,0.616
"2026-07-16 20:10",225.539,233.318,224.445,0.383,3.671,0.617
"2026-07-16 20:15",226.654,234.264,225.268,0.389,3.654,0.619
"2026-07-16 20:20",225.834,234.298,220.522,0.388,3.647,7.587
"2026-07-16 20:25",225.767,233.492,224.437,0.385,3.666,0.607
"2026-07-16 20:30",225.372,232.989,223.923,0.386,3.668,0.608
"2026-07-16 20:35",223.506,230.819,221.87,0.384,3.705,0.602
"2026-07-16 20:40",223.122,231.575,221.625,0.384,3.696,0.602
"2026-07-16 20:45",222.275,230.652,220.813,0.384,3.708,0.6
"2026-07-16 20:50",222.931,231.321,221.434,0.384,3.703,0.603
"2026-07-16 20:55",222.322,231.022,216.755,0.387,3.694,7.325
"2026-07-16 21:00",222.186,230.553,220.961,0.384,3.707,0.591
"2026-07-16 21:05",224.941,232.547,222.198,0.385,3.681,0.599
"2026-07-16 21:10",225.552,232.92,222.737,0.386,3.663,0.605
"2026-07-16 21:15",224.86,232.63,222.428,0.385,3.675,0.605
"2026-07-16 21:20",224.812,232.664,222.554,0.384,3.705,0.605
"2026-07-16 21:25",225.481,233.195,223.062,0.386,3.704,0.609
"2026-07-16 21:30",225.395,233.018,223.014,0.381,3.671,0.609
"2026-07-16 21:35",224.752,233.377,218.372,0.381,3.659,7.722
"2026-07-16 21:40",225.293,233.121,222.891,0.381,3.681,0.601
"2026-07-16 21:45",225.441,233.215,223.182,0.382,3.668,0.606
"2026-07-16 21:50",226.106,233.864,223.916,0.384,3.686,0.61
"2026-07-16 21:55",226.43,234.243,224.141,0.385,3.676,0.612
"2026-07-16 22:00",226.192,233.909,224.049,0.384,3.689,0.612
"2026-07-16 22:05",226.472,234.445,224.48,0.385,3.66,0.615
"2026-07-16 22:10",226.072,233.82,224.098,0.381,3.664,0.614
"2026-07-16 22:15",225.841,234.13,219.553,0.383,3.66,7.716
"2026-07-16 22:20",225.67,233.392,223.476,0.381,3.673,0.606
"2026-07-16 22:25",226.193,234.16,224.24,0.382,3.656,0.611
"2026-07-16 22:30",225.211,232.978,223.087,0.383,3.673,0.608
"2026-07-16 22:35",225.163,233.078,223.14,0.381,3.67,0.61
"2026-07-16 22:40",225.652,233.208,223.674,0.383,3.668,0.613
"2026-07-16 22:45",226.314,233.868,224.387,0.383,3.682,0.618
"2026-07-16 22:50",226.16,233.595,224.145,0.383,3.671,0.617
"2026-07-16 22:55",226.467,234.535,220.35,0.385,3.649,7.562
"2026-07-16 23:00",225.957,233.395,223.705,0.384,3.659,0.607
"2026-07-16 23:05",225.598,232.843,223.466,0.383,3.674,0.609
"2026-07-16 23:10",225.684,233.253,223.771,0.382,3.669,0.613
"2026-07-16 23:15",226.486,234.055,224.701,0.384,3.666,0.617
"2026-07-16 23:20",226.653,234.418,224.877,0.385,3.657,0.618
"2026-07-16 23:25",226.48,234.197,224.774,0.384,3.655,0.619
"2026-07-16 23:30",226.655,234.075,224.897,0.385,3.669,0.62
"2026-07-16 23:35",226.344,234.371,220.53,0.387,3.645,7.692
"2026-07-16 23:40",227.561,235.216,225.94,0.384,3.647,0.616
"2026-07-16 23:45",226.348,234.704,225.631,0.382,3.653,0.62
"2026-07-16 23:50",226.304,234.817,225.774,0.383,3.647,0.621
"2026-07-16 23:55",227.038,235.509,226.39,0.383,3.643,0.624
"2026-07-17 00:00",226.94,234.77,225.99,,,
"2026-07-17 00:05",226.835,234.029,225.586,0.385,3.66,0.623
"2026-07-17 00:10",225.979,233.06,224.694,0.381,3.673,0.622
"2026-07-17 00:15",226.285,233.498,225.011,0.384,3.675,0.621
"2026-07-17 00:20",226.26,233.765,220.74,0.385,3.657,7.412
"2026-07-17 00:25",227.196,234.463,226.098,0.385,3.651,0.62
"2026-07-17 00:30",227.458,234.841,226.276,0.383,3.646,0.622
"2026-07-17 00:35",227.34,234.684,226.224,0.384,3.654,0.623
"2026-07-17 00:40",227.915,235.199,226.763,0.386,3.667,0.626
"2026-07-17 00:45",227.852,235.251,226.611,0.386,3.642,0.626
"2026-07-17 00:50",228.55,235.899,227.371,0.386,3.636,0.629
"2026-07-17 00:55",228.734,236.058,227.446,0.385,3.664,0.63
"2026-07-17 01:00",227.633,235.454,222.033,0.386,3.639,7.516
"2026-07-17 01:05",227.194,235.082,226.799,0.385,3.646,0.621
"2026-07-17 01:10",226.931,235.134,226.843,0.385,3.651,0.625
"2026-07-17 01:15",227.064,234.993,226.85,0.387,3.651,0.627
"2026-07-17 01:20",227.279,235.541,227.16,0.385,3.637,0.628
"2026-07-17 01:25",227.274,235.626,227.291,0.384,3.637,0.63
"2026-07-17 01:30",228.24,235.429,227.754,0.387,3.652,0.631
"2026-07-17 01:35",228.106,234.24,227.294,0.385,3.661,0.629
"2026-07-17 01:40",227.694,234.289,222.735,0.386,3.651,7.715
"2026-07-17 01:45",228.069,234.11,227.104,0.388,3.652,0.623
"2026-07-17 01:50",228.109,234.348,227.527,0.387,3.648,0.627
"2026-07-17 01:55",228.695,234.808,227.794,0.388,3.681,0.629
"2026-07-17 02:00",226.508,232.51,225.471,0.385,3.681,0.622
"2026-07-17 02:05",225.086,230.91,224.114,0.382,3.701,0.619
"2026-07-17 02:10",224.823,230.843,223.971,0.382,3.699,0.619
"2026-07-17 02:15",226.371,232.478,225.519,0.386,3.677,0.622
"2026-07-17 02:20",225.538,231.598,224.639,0.386,3.694,0.619
"2026-07-17 02:25",224.968,231.479,219.922,0.387,3.681,7.375
"2026-07-17 02:30",225.86,232.305,225.146,0.386,3.676,0.617
"2026-07-17 02:35",226.374,232.584,225.477,0.387,3.674,0.62
"2026-07-17 02:40",226.142,232.229,225.476,0.387,3.681,0.622
"2026-07-17 02:45",226.698,232.965,225.911,0.388,3.666,0.624
"2026-07-17 02:50",227.007,233.35,226.103,0.388,3.687,0.626
"2026-07-17 02:55",227.254,233.567,226.293,0.389,3.663,0.626
"2026-07-17 03:00",227.666,233.988,226.735,0.388,3.672,0.628
"2026-07-17 03:05",227.446,234.309,222.53,0.388,3.67,7.662
"2026-07-17 03:10",227.883,234.02,226.963,0.389,3.653,0.624
"2026-07-17 03:15",227.669,234.032,226.851,0.389,3.657,0.626
"2026-07-17 03:20",227.254,233.612,226.367,0.388,3.683,0.625
"2026-07-17 03:25",226.609,232.659,225.524,0.388,3.68,0.623
"2026-07-17 03:30",226.898,233.251,225.951,0.388,3.67,0.625
"2026-07-17 03:35",226.903,233.146,226.135,0.388,3.671,0.625
"2026-07-17 03:40",226.968,233.515,226.181,0.389,3.668,0.625
"2026-07-17 03:45",227.505,233.749,226.616,0.389,3.663,0.626
"2026-07-17 03:50",226.747,233.601,221.872,0.389,3.657,7.479
"2026-07-17 03:55",227.181,233.377,226.414,0.388,3.662,0.62
"2026-07-17 04:00",226.446,232.774,225.748,0.387,3.671,0.619
"2026-07-17 04:05",226.509,232.848,225.799,0.388,3.697,0.622
"2026-07-17 04:10",226.55,232.854,225.798,0.384,3.671,0.622
"2026-07-17 04:15",227.052,233.169,226.113,0.383,3.667,0.625
"2026-07-17 04:20",226.833,233.016,226.01,0.378,3.667,0.625
"2026-07-17 04:25",228.102,234.56,227.247,0.377,3.65,0.63
"2026-07-17 04:30",227.66,234.167,222.5,0.386,3.651,7.335
"2026-07-17 04:35",227.903,234.335,226.968,0.382,3.653,0.621
"2026-07-17 04:40",228.686,234.915,227.449,0.379,3.642,0.626
"2026-07-17 04:45",228.003,234.585,227.228,0.376,3.649,0.627
"2026-07-17 04:50",227.924,234.28,226.897,0.373,3.651,0.628
"2026-07-17 04:55",228.395,234.364,227.29,0.37,3.651,0.631
"2026-07-17 05:00",228.268,234.368,227.083,0.368,3.678,0.631
"2026-07-17 05:05",228.422,234.7,227.45,0.365,3.672,0.632
"2026-07-17 05:10",228.569,234.751,227.714,0.364,3.673,0.633
"2026-07-17 05:15",228.42,234.78,227.504,0.362,3.648,0.632
"2026-07-17 05:20",227.505,234.188,222.334,0.362,3.651,7.426
"2026-07-17 05:25",228.324,234.524,227.542,0.354,3.646,0.627
"2026-07-17 05:30",229.407,235.566,228.307,0.353,3.638,0.632
"2026-07-17 05:35",227.166,232.061,225.79,0.35,3.693,0.626
"2026-07-17 05:40",227.016,231.754,226.445,0.35,3.686,0.627
"2026-07-17 05:45",226.955,231.817,226.598,0.352,3.694,0.631
"2026-07-17 05:50",227.743,232.673,227.357,0.353,3.693,0.633
"2026-07-17 05:55",228.739,233.605,228.462,0.349,3.663,0.636
"2026-07-17 06:00",228.59,233.12,228.23,,,
"2026-07-17 06:05",228.44,232.643,228.006,0.348,3.675,0.625
"2026-07-17 06:10",229.359,233.81,229.118,0.351,3.658,0.632
"2026-07-17 06:15",227.746,231.877,227.289,0.347,3.683,0.627
"2026-07-17 06:20",228.522,232.921,228.45,0.348,3.671,0.633
"2026-07-17 06:25",235.354,236.07,235.276,0.357,3.639,0.661
"2026-07-17 06:30",234.031,234.593,233.936,0.353,3.676,0.657
"2026-07-17 06:35",235.024,235.54,234.933,0.356,3.648,0.661
"2026-07-17 06:40",235.106,235.44,234.792,0.356,3.649,0.661
"2026-07-17 06:45",234.213,234.865,229.394,0.357,3.675,7.946
"2026-07-17 06:50",234.86,235.164,234.731,0.356,3.68,0.655
"2026-07-17 06:55",234.532,234.994,234.476,0.355,3.65,0.658
"2026-07-17 07:00",235.08,235.353,234.805,0.355,3.64,0.661
"2026-07-17 07:05",234.546,234.781,233.815,0.355,3.663,0.658
"2026-07-17 07:10",234.331,234.721,234.026,0.354,3.656,0.661
"2026-07-17 07:15",233.697,234.024,233.312,0.354,3.665,0.658
"2026-07-17 07:20",234.387,234.827,234.134,0.355,3.66,0.661
"2026-07-17 07:25",233.846,234.097,233.487,0.355,3.669,0.66
"2026-07-17 07:30",232.937,233.718,227.898,0.356,3.658,7.677
"2026-07-17 07:35",233.681,233.878,233.127,0.355,3.688,0.655
"2026-07-17 07:40",232.894,233.462,232.88,0.354,3.671,0.658
"2026-07-17 07:45",233.27,233.865,233.047,0.354,3.699,0.66
"2026-07-17 07:50",232.073,233.004,232.155,0.352,3.674,0.658
"2026-07-17 07:55",231.809,232.576,231.835,0.352,3.683,0.66
"2026-07-17 08:00",231.366,231.845,231.27,0.35,3.687,0.658
"2026-07-17 08:05",231.639,231.463,230.144,0.35,3.709,0.655
"2026-07-17 08:10",231.404,231.554,225.641,0.353,3.687,7.697
"2026-07-17 08:15",231.403,231.335,230.247,0.351,3.698,0.648
"2026-07-17 08:20",232.425,232.361,231.42,0.351,3.699,0.655
"2026-07-17 08:25",232.35,232.06,231.074,0.351,3.689,0.654
"2026-07-17 08:30",232.487,232.323,231.316,0.349,3.682,0.652
"2026-07-17 08:35",232.734,232.587,231.425,0.349,3.703,0.652
"2026-07-17 08:40",232.323,232.263,230.809,0.349,3.693,0.651
"2026-07-17 08:45",230.635,231.006,225.02,0.347,3.702,7.904
"2026-07-17 08:50",232.604,232.679,231.388,0.347,3.709,0.645
"2026-07-17 08:55",232.907,233.061,231.794,0.347,3.673,0.649
"2026-07-17 09:00",232.986,233.305,231.962,0.346,3.68,0.655
"2026-07-17 09:05",232.381,232.297,230.786,0.344,3.72,0.658
"2026-07-17 09:10",231.565,231.608,230.122,0.346,3.729,0.654
"2026-07-17 09:15",230.746,231.573,229.487,0.344,3.71,0.649
"2026-07-17 09:20",230.07,231.583,224.967,0.346,3.692,7.855
"2026-07-17 09:25",232.335,233.168,231.087,0.347,3.681,0.646
"2026-07-17 09:30",232.237,233.382,231.313,0.345,3.677,0.65
"2026-07-17 09:35",231.836,232.809,231.099,0.345,3.686,0.649
"2026-07-17 09:40",232.074,233.073,231.036,0.346,3.691,0.649
"2026-07-17 09:45",231.397,232.591,230.749,0.344,3.705,0.651
"2026-07-17 09:50",232.506,233.441,231.481,0.346,3.701,0.653
"2026-07-17 09:55",230.497,232.501,225.693,0.347,3.686,7.893
"2026-07-17 10:00",231.089,232.505,230.581,0.344,3.685,0.641
"2026-07-17 10:05",230.957,232.124,230.283,0.345,3.689,0.642
"2026-07-17 10:10",230.064,231.486,229.665,0.343,3.7,0.644
"2026-07-17 10:15",229.702,230.878,228.793,0.344,3.705,0.641
"2026-07-17 10:20",230.25,231.069,228.961,0.345,3.708,0.641
"2026-07-17 10:25",230.243,231.055,224.09,0.343,3.705,7.762
"2026-07-17 10:30",231.662,232.105,229.987,0.347,3.696,0.638
"2026-07-17 10:35",231.546,232.216,229.787,0.347,3.71,0.64
"2026-07-17 10:40",232.731,232.917,230.899,0.347,3.684,0.647
"2026-07-17 10:45",232.193,232.502,230.125,0.346,3.692,0.645
"2026-07-17 10:50",231.258,231.119,229.142,0.345,3.737,0.642
"2026-07-17 10:55",230.191,230.196,228.071,0.342,3.746,0.64
"2026-07-17 11:00",231.223,232.055,224.475,0.342,3.694,7.88
"2026-07-17 11:05",231.669,232.086,229.554,0.336,3.702,0.643
"2026-07-17 11:10",230.509,230.876,228.5,0.339,3.712,0.641
"2026-07-17 11:15",230.339,231.038,228.622,0.334,3.71,0.645
"2026-07-17 11:20",230.402,230.936,228.647,0.338,3.716,0.649
"2026-07-17 11:25",230.311,230.991,228.539,0.331,3.717,0.652
"2026-07-17 11:30",231.001,232.204,224.822,0.342,3.683,8.159
"2026-07-17 11:35",232.542,233.117,230.964,0.335,3.681,0.652
"2026-07-17 11:40",232.607,232.684,231.05,0.334,3.688,0.656
"2026-07-17 11:45",232.369,232.97,230.826,0.337,3.688,0.66
"2026-07-17 11:50",232.612,233.379,230.921,0.333,3.707,0.664
"2026-07-17 11:55",233.09,233.958,231.846,0.334,3.71,0.668
"2026-07-17 12:00",233.67,234.34,232.32,,,
"2026-07-17 12:05",234.243,234.718,232.789,0.334,3.665,0.664
"2026-07-17 12:10",234.044,234.508,232.577,0.333,3.662,0.665
"2026-07-17 12:15",233.557,234.449,232.256,0.338,3.664,0.664
"2026-07-17 12:20",233.853,234.487,232.093,0.333,3.672,0.665
"2026-07-17 12:25",233.387,234.453,227.144,0.335,3.687,7.958
"2026-07-17 12:30",233.893,234.692,232.47,0.339,3.691,0.657
"2026-07-17 12:35",234.384,235.223,232.863,0.334,3.66,0.661
"2026-07-17 12:40",234.402,235.159,232.805,0.334,3.656,0.664
"2026-07-17 12:45",234.703,235.29,232.835,0.334,3.661,0.666
"2026-07-17 12:50",232.768,233.462,231.297,0.332,3.688,0.663
"2026-07-17 12:55",232.826,233.927,226.703,0.334,3.669,8.082
"2026-07-17 13:00",233.187,233.753,231.521,0.334,3.692,0.657
"2026-07-17 13:05",232.716,233.313,231.213,0.332,3.688,0.658
"2026-07-17 13:10",232.575,233.46,230.967,0.331,3.685,0.658
"2026-07-17 13:15",232.446,233.536,231.203,0.33,3.686,0.659
"2026-07-17 13:20",232.071,233.789,226.303,0.332,3.674,8.176
"2026-07-17 13:25",232.641,233.645,231.068,0.333,3.689,0.656
"2026-07-17 13:30",232.842,233.501,231.374,0.331,3.686,0.66
"2026-07-17 13:35",232.155,233.289,231.046,0.331,3.685,0.661
"2026-07-17 13:40",231.415,232.141,229.879,0.366,3.705,0.657
"2026-07-17 13:45",229.335,231.062,223.67,0.327,3.713,8.205
"2026-07-17 13:50",229.588,230.105,227.762,0.327,3.726,0.644
"2026-07-17 13:55",229.969,230.828,228.351,0.33,3.72,0.646
"2026-07-17 14:00",229.28,230.298,227.791,0.33,3.725,0.648
"2026-07-17 14:05",229.166,231.418,223.21,0.329,3.711,7.756
"2026-07-17 14:10",230.63,232.743,229.339,0.332,3.695,0.646
"2026-07-17 14:15",229.929,232.279,228.612,0.331,3.723,0.647
"2026-07-17 14:20",229.734,232.066,228.766,0.331,3.706,0.649
"2026-07-17 14:25",228.637,230.485,227.3,0.331,3.728,0.646
"2026-07-17 14:30",228.432,230.993,222.78,0.333,3.708,7.893
"2026-07-17 14:35",229.013,230.86,227.579,0.332,3.73,0.643
"2026-07-17 14:40",229.466,231.457,227.999,0.331,3.711,0.646
"2026-07-17 14:45",228.318,230.973,222.508,0.331,3.719,8.08
"2026-07-17 14:50",228.733,230.855,227.468,0.332,3.726,0.64
"2026-07-17 14:55",229.508,232.059,228.327,0.333,3.705,0.647
"2026-07-17 15:00",229.125,231.227,227.609,0.331,3.717,0.647
"2026-07-17 15:05",227.84,231.477,222.437,0.331,3.716,7.883
"2026-07-17 15:10",227.826,231.922,226.927,0.329,3.711,0.639
"2026-07-17 15:15",227.838,231.263,226.143,0.328,3.736,0.64
"2026-07-17 15:20",230.504,233.951,228.815,0.331,3.71,0.652
"2026-07-17 15:25",230.699,234.218,228.837,0.331,3.673,0.653
"2026-07-17 15:30",229.505,232.611,227.304,0.324,3.699,0.652
"2026-07-17 15:35",230.573,234.502,224.257,0.334,3.678,7.899
"2026-07-17 15:40",230.685,234.033,228.709,0.333,3.68,0.647
"2026-07-17 15:45",230.502,234.061,224.113,0.332,3.659,8.021
"2026-07-17 15:50",230.277,233.609,228.381,0.331,3.676,0.642
"2026-07-17 15:55",230.44,233.21,228.172,0.332,3.686,0.647
"2026-07-17 16:00",230.221,233.526,228.292,0.331,3.68,0.648
"2026-07-17 16:05",228.984,232.085,226.719,0.33,3.708,0.645
"2026-07-17 16:10",228.555,231.974,222.021,0.331,3.702,7.875
"2026-07-17 16:15",228.825,232.013,226.638,0.329,3.702,0.638
"2026-07-17 16:20",229.29,232.506,227.325,0.33,3.713,0.645
"2026-07-17 16:25",228.163,231.851,221.985,0.33,3.697,8.048
"2026-07-17 16:30",229.991,232.869,227.918,0.332,3.717,0.642
"2026-07-17 16:35",229.989,233.072,228.047,0.336,3.686,0.646
"2026-07-17 16:40",229.691,233.33,223.442,0.332,3.668,7.785
"2026-07-17 16:45",230.616,233.756,228.654,0.332,3.673,0.641
"2026-07-17 16:50",231.387,234.617,229.833,0.333,3.668,0.651
"2026-07-17 16:55",231.163,234.344,229.475,0.332,3.669,0.652
"2026-07-17 17:00",229.487,233.627,223.673,0.331,3.66,8.101
"2026-07-17 17:05",231.379,234.74,230.04,0.333,3.66,0.649
"2026-07-17 17:10",231.324,234.246,229.763,0.331,3.673,0.653
"2026-07-17 17:15",232.631,235.517,231.784,0.334,3.649,0.66
"2026-07-17 17:20",232.028,235.445,226.557,0.334,3.648,7.91
"2026-07-17 17:25",232.515,235.547,231.441,0.33,3.647,0.658
"2026-07-17 17:30",232.896,236.016,231.866,0.331,3.665,0.662
"2026-07-17 17:35",234.072,234.849,232.002,0.336,3.663,0.661
"2026-07-17 17:40",233.245,233.759,231.23,0.336,3.685,0.658
"2026-07-17 17:45",233.812,234.353,231.656,0.337,3.694,0.66
"2026-07-17 17:50",233.579,233.784,231.369,0.336,3.678,0.66
"2026-07-17 17:55",233.135,234.229,226.549,0.336,3.67,7.902
"2026-07-17 18:00",232.84,233.68,228.56,,,
"2026-07-17 18:05",232.55,233.128,230.566,0.335,3.686,0.652
"2026-07-17 18:10",228.699,233.478,224.568,0.326,3.683,0.629
"2026-07-17 18:15",228.89,234.184,225.521,0.328,3.668,0.634
"2026-07-17 18:20",227.934,233.866,225.879,0.325,3.677,0.635
"2026-07-17 18:25",227.189,233.576,221.006,0.323,3.685,8.046
"2026-07-17 18:30",227.19,232.955,225.477,0.323,3.699,0.624
"2026-07-17 18:35",227.897,233.691,225.822,0.323,3.678,0.629
"2026-07-17 18:40",226.962,232.993,224.841,0.324,3.702,0.625
"2026-07-17 18:45",226.486,232.382,224.319,0.326,3.697,0.624
"2026-07-17 18:50",225.288,231.338,223.264,0.325,3.718,0.62
"2026-07-17 18:55",222.439,230.867,217.015,0.323,3.714,7.866
"2026-07-17 19:00",222.691,230.361,221.282,0.324,3.726,0.604
"2026-07-17 19:05",225.585,233.294,223.056,0.326,3.703,0.615
"2026-07-17 19:10",224.866,232.415,222.625,0.325,3.725,0.615
"2026-07-17 19:15",224.342,231.866,221.808,0.327,3.701,0.614
"2026-07-17 19:20",224.578,231.739,222.074,0.327,3.706,0.615
"2026-07-17 19:25",225.54,233.188,223.356,0.328,3.678,0.62
"2026-07-17 19:30",224.751,232.755,218.256,0.33,3.676,7.589
"2026-07-17 19:35",225.405,233.296,223.338,0.329,3.685,0.612
"2026-07-17 19:40",224.797,232.441,222.634,0.328,3.693,0.612
"2026-07-17 19:45",223.96,231.745,222.197,0.327,3.706,0.614
"2026-07-17 19:50",223.892,231.615,221.735,0.329,3.702,0.611
"2026-07-17 19:55",224.243,231.914,222.078,0.33,3.7,0.612
"2026-07-17 20:00",224.401,232.364,218.442,0.332,3.694,7.406
"2026-07-17 20:05",224.976,232.28,222.582,0.331,3.713,0.605
"2026-07-17 20:10",225.405,233.022,223.337,0.333,3.709,0.611
"2026-07-17 20:15",225.953,233.415,223.519,0.332,3.678,0.613
"2026-07-17 20:20",226.079,233.618,223.94,0.332,3.669,0.617
"2026-07-17 20:25",224.962,232.399,222.454,0.331,3.701,0.613
"2026-07-17 20:30",224.939,232.476,222.773,0.332,3.688,0.614
"2026-07-17 20:35",224.853,232.434,222.596,0.332,3.69,0.613
"2026-07-17 20:40",224.111,232.075,217.859,0.332,3.687,7.573
"2026-07-17 20:45",223.869,231.568,221.956,0.331,3.695,0.599
"2026-07-17 20:50",223.677,231.213,221.609,0.331,3.701,0.6
"2026-07-17 20:55",223.789,231.309,221.772,0.33,3.707,0.602
"2026-07-17 21:00",223.988,231.409,221.87,0.332,3.729,0.604
"2026-07-17 21:05",224.128,231.428,221.981,0.331,3.702,0.605
"2026-07-17 21:10",224.353,231.807,222.335,0.332,3.697,0.606
"2026-07-17 21:15",223.351,231.214,216.898,0.332,3.716,7.743
"2026-07-17 21:20",223.845,231.319,221.583,0.331,3.701,0.597
"2026-07-17 21:25",223.988,231.46,221.98,0.332,3.729,0.6
"2026-07-17 21:30",223.64,231.052,221.597,0.333,3.707,0.6
"2026-07-17 21:35",231.137,236.456,230.899,0.338,3.703,0.637
"2026-07-17 21:40",225.372,230.007,223.795,0.331,4.138,0.612
"2026-07-17 21:45",223.092,228.991,221.979,0.331,3.759,0.605
"2026-07-17 21:50",222.316,229.181,216.544,0.332,3.697,7.748
"2026-07-17 21:55",222.425,228.85,220.922,0.33,3.729,0.593
"2026-07-17 22:00",222.339,229.3,220.783,0.329,3.736,0.596
"2026-07-17 22:05",221.679,228.898,220.578,0.329,3.757,0.596
"2026-07-17 22:10",222.602,229.968,220.427,0.33,3.746,0.597
"2026-07-17 22:15",222.213,229.66,220.213,0.33,3.734,0.596
"2026-07-17 22:20",222.027,229.356,219.939,0.329,3.726,0.597
"2026-07-17 22:25",222.16,229.239,219.825,0.329,3.732,0.597
"2026-07-17 22:30",220.57,228.022,214.667,0.329,3.739,7.406
"2026-07-17 22:35",222.202,228.123,218.828,0.329,3.748,0.587
"2026-07-17 22:40",222.339,228.464,219.279,0.329,3.743,0.59
"2026-07-17 22:45",222.225,228.202,219.265,0.329,3.751,0.593
"2026-07-17 22:50",222.053,228.231,219.09,0.328,3.747,0.592
"2026-07-17 22:55",222.728,228.881,219.763,0.33,3.741,0.596
"2026-07-17 23:00",223.072,228.464,219.262,0.329,3.735,0.594
"2026-07-17 23:05",222.43,228.191,214.612,0.332,3.75,7.347
"2026-07-17 23:10",222.94,228.27,219.018,0.329,3.746,0.584
"2026-07-17 23:15",223.077,228.342,219.132,0.329,3.769,0.589
"2026-07-17 23:20",223.343,229.062,219.647,0.328,3.736,0.593
"2026-07-17 23:25",224.416,230.128,220.607,0.329,3.719,0.599
"2026-07-17 23:30",224.609,230.038,220.486,0.329,3.715,0.599
"2026-07-17 23:35",224.246,229.893,220.488,0.33,3.732,0.601
"2026-07-17 23:40",224.468,229.883,220.428,0.33,3.723,0.601
"2026-07-17 23:45",224.141,230.178,215.987,0.332,3.709,7.8
"2026-07-17 23:50",224.936,230.6,221.177,0.329,3.704,0.599
"2026-07-17 23:55",225.101,230.802,221.067,0.331,3.708,0.6
"2026-07-18 00:00",225.6,231.3,221.58,,,
"2026-07-18 00:05",226.093,231.806,222.086,0.333,3.693,0.606
"2026-07-18 00:10",225.742,231.464,221.639,0.333,3.705,0.605
"2026-07-18 00:15",226.029,231.704,221.897,0.333,3.697,0.607
"2026-07-18 00:20",226.422,232.27,222.248,0.333,3.69,0.609
"2026-07-18 00:25",226.172,232.815,217.997,0.335,3.675,7.796
"2026-07-18 00:30",226.955,233.055,223.115,0.334,3.689,0.605
"2026-07-18 00:35",227.299,233.082,223.095,0.334,3.675,0.608
"2026-07-18 00:40",226.922,232.767,222.956,0.333,3.689,0.609
"2026-07-18 00:45",226.854,232.871,222.944,0.334,3.699,0.61
"2026-07-18 00:50",226.667,233.322,223.787,0.335,3.678,0.614
"2026-07-18 00:55",227.144,233.985,224.429,0.335,3.669,0.617
"2026-07-18 01:00",227.365,234.303,224.819,0.335,3.696,0.618
"2026-07-18 01:05",225.804,233.819,219.835,0.336,3.653,7.555
"2026-07-18 01:10",226.57,234.011,224.805,0.334,3.663,0.613
"2026-07-18 01:15",226.072,233.331,224.115,0.335,3.677,0.613
"2026-07-18 01:20",226.492,234.046,224.757,0.336,3.664,0.616
"2026-07-18 01:25",226.238,233.589,224.303,0.336,3.672,0.615
"2026-07-18 01:30",224.237,231.51,222.038,0.334,3.695,0.608
"2026-07-18 01:35",224.826,232.085,222.724,0.334,3.691,0.61
"2026-07-18 01:40",225.352,233.119,223.301,0.334,3.683,0.613
"2026-07-18 01:45",223.964,232.142,217.785,0.334,3.7,7.446
"2026-07-18 01:50",225.291,232.874,223.06,0.334,3.679,0.608
"2026-07-18 01:55",226.371,233.95,224.239,0.335,3.69,0.614
"2026-07-18 02:00",226.369,234.247,224.408,0.334,3.654,0.616
"2026-07-18 02:05",226.836,234.485,224.736,0.335,3.657,0.618
"2026-07-18 02:10",226.549,234.095,224.44,0.334,3.666,0.619
"2026-07-18 02:15",226.382,233.988,224.372,0.334,3.663,0.618
"2026-07-18 02:20",226.581,234.321,224.489,0.334,3.66,0.62
"2026-07-18 02:25",225.583,233.774,219.722,0.334,3.659,7.457
"2026-07-18 02:30",226.828,234.38,224.673,0.331,3.659,0.618
"2026-07-18 02:35",227.419,234.9,225.074,0.335,3.648,0.618
"2026-07-18 02:40",227.611,235.355,225.657,0.336,3.667,0.621
"2026-07-18 02:45",227.515,235.003,225.337,0.337,3.65,0.622
"2026-07-18 02:50",228.092,235.657,226.043,0.336,3.65,0.625
"2026-07-18 02:55",227.64,235.937,226.652,0.336,3.666,0.628
"2026-07-18 03:00",227.288,235.182,221.732,0.336,3.67,7.493
"2026-07-18 03:05",227.895,235.389,226.782,0.335,3.647,0.621
"2026-07-18 03:10",227.738,235.341,226.707,0.335,3.645,0.624
"2026-07-18 03:15",227.569,235.077,226.304,0.335,3.675,0.623
"2026-07-18 03:20",227.406,234.929,226.372,0.335,3.646,0.624
"2026-07-18 03:25",227.053,234.755,226.03,0.333,3.651,0.624
"2026-07-18 03:30",227.147,234.628,226.07,0.333,3.657,0.625
"2026-07-18 03:35",227.738,235.19,226.421,0.334,3.643,0.627
"2026-07-18 03:40",227.056,234.507,226.193,0.331,3.674,0.629
"2026-07-18 03:45",227.561,235.724,222.122,0.336,3.634,7.528
"2026-07-18 03:50",228.31,235.68,227.143,0.335,3.659,0.627
"2026-07-18 03:55",228.348,235.812,227.171,0.335,3.66,0.629
"2026-07-18 04:00",226.589,233.707,226.292,0.333,3.665,0.627
"2026-07-18 04:05",225.824,232.861,225.296,0.331,3.672,0.626
"2026-07-18 04:10",226.256,233.429,225.686,0.332,3.668,0.628
"2026-07-18 04:15",227.153,234.08,226.416,0.335,3.663,0.63
"2026-07-18 04:20",227.06,234.33,224.29,,,
"2026-07-18 04:25",226.975,234.575,222.174,0.338,3.648,7.594
"2026-07-18 04:30",225.093,232.087,224.679,0.333,3.69,0.618
"2026-07-18 04:35",225.232,232.089,224.754,0.334,3.683,0.62
"2026-07-18 04:40",225.184,231.801,224.369,0.333,3.694,0.62
"2026-07-18 04:45",224.626,231.718,224.223,0.333,3.696,0.62
"2026-07-18 04:50",225.366,232.174,224.675,0.334,3.698,0.623
"2026-07-18 04:55",225.049,231.959,224.449,0.333,3.715,0.623
"2026-07-18 05:00",225.328,232.322,224.757,0.334,3.719,0.625
"2026-07-18 05:05",225.21,232.622,220.622,0.335,3.701,7.584
"2026-07-18 05:10",226.162,233.24,225.599,0.335,3.663,0.622
"2026-07-18 05:15",226.144,233.251,225.865,0.335,3.667,0.625
"2026-07-18 05:20",225.944,233.094,225.569,0.334,3.687,0.625
"2026-07-18 05:25",225.39,232.504,225.017,0.33,3.696,0.625
"2026-07-18 05:30",225.91,233.343,225.828,0.335,3.667,0.628
"2026-07-18 05:35",226.851,234.009,226.61,0.336,3.665,0.631
"2026-07-18 05:40",226.417,233.826,226.345,0.337,3.683,0.631
"2026-07-18 05:45",226.393,234.381,222.049,0.338,3.646,7.714
"2026-07-18 05:50",227.781,235.311,227.675,0.339,3.642,0.63
"2026-07-18 05:55",228.491,234.868,227.959,0.34,3.648,0.633
"2026-07-18 06:00",228.63,235.17,228.21,,,
"2026-07-18 06:05",228.764,235.467,228.464,0.339,3.644,0.638
"2026-07-18 06:10",229.263,234.794,228.69,0.339,3.649,0.639
"2026-07-18 06:15",229.843,235.29,229.239,0.34,3.64,0.642
"2026-07-18 06:20",230.125,235.562,229.512,0.341,3.646,0.643
"2026-07-18 06:25",234.38,236.505,229.077,0.348,3.628,7.934
"2026-07-18 06:30",235.808,236.054,234.095,0.349,3.637,0.656
"2026-07-18 06:35",233.56,234.638,233.054,0.348,3.684,0.654
"2026-07-18 06:40",233.427,234.441,232.867,0.347,3.655,0.655
"2026-07-18 06:45",232.988,233.946,232.262,0.346,3.661,0.653
"2026-07-18 06:50",234.023,234.903,233.133,0.348,3.666,0.658
"2026-07-18 06:55",233.365,234.347,232.721,0.347,3.662,0.656
"2026-07-18 07:00",233.547,234.559,232.865,0.347,3.659,0.657
"2026-07-18 07:05",233.194,234.401,227.639,0.348,3.65,7.93
"2026-07-18 07:10",233.521,234.336,232.472,0.346,3.662,0.649
"2026-07-18 07:15",233.32,234.337,232.68,0.345,3.658,0.654
"2026-07-18 07:20",233.659,234.676,232.704,0.346,3.649,0.655
"2026-07-18 07:25",233.784,234.723,233.106,0.345,3.649,0.658
"2026-07-18 07:30",234.093,235.044,233.436,0.346,3.652,0.66
"2026-07-18 07:35",233.759,234.766,233.203,0.346,3.655,0.66
"2026-07-18 07:40",233.345,234.355,232.546,0.344,3.67,0.659
"2026-07-18 07:45",232.446,234.035,227.452,0.345,3.678,7.916
"2026-07-18 07:50",233.27,234.168,232.411,0.345,3.688,0.652
"2026-07-18 07:55",233.113,234.071,232.382,0.345,3.662,0.653
"2026-07-18 08:00",232.96,233.757,232.067,0.345,3.667,0.653
"2026-07-18 08:05",232.767,233.55,231.767,0.343,3.668,0.654
"2026-07-18 08:10",232.606,233.77,231.753,0.342,3.68,0.655
"2026-07-18 08:15",231.995,232.848,230.833,0.341,3.682,0.655
"2026-07-18 08:20",232.326,233.324,231.485,0.34,3.677,0.656
"2026-07-18 08:25",231.825,233.155,226.631,0.34,3.665,7.761
"2026-07-18 08:30",233.023,233.866,232.008,0.34,3.676,0.652
"2026-07-18 08:35",232.693,233.594,232.109,0.338,3.674,0.654
"2026-07-18 08:40",232.698,233.251,231.835,0.337,3.678,0.654
"2026-07-18 08:45",233.075,233.78,232.19,0.337,3.696,0.656
"2026-07-18 08:50",233.236,234.296,232.463,0.339,3.667,0.658
"2026-07-18 08:55",232.928,234.266,232.559,0.339,3.694,0.66
"2026-07-18 09:00",232.452,233.848,227.144,0.338,3.69,7.905
"2026-07-18 09:05",231.891,232.921,231.229,0.337,3.709,0.653
"2026-07-18 09:10",231.175,232.035,230.199,0.334,3.692,0.653
"2026-07-18 09:15",232.531,233.831,231.739,0.338,3.67,0.66
"2026-07-18 09:20",232.315,233.568,231.522,0.338,3.673,0.663
"2026-07-18 09:25",232.087,233.207,231.33,0.34,3.682,0.66
"2026-07-18 09:30",231.04,232.408,225.663,0.336,3.683,7.998
"2026-07-18 09:35",231.787,232.789,231.089,0.335,3.698,0.652
"2026-07-18 09:40",232.362,233.564,231.866,0.337,3.677,0.656
"2026-07-18 09:45",232.504,233.743,232.013,0.335,3.678,0.659
"2026-07-18 09:50",231.172,232.251,230.647,0.335,3.69,0.656
"2026-07-18 09:55",231.706,232.994,231.194,0.338,3.683,0.659
"2026-07-18 10:00",230.82,232.525,225.759,0.334,3.708,8.211
"2026-07-18 10:05",231.321,232.506,230.861,0.332,3.695,0.652
"2026-07-18 10:10",231.227,232.347,230.595,0.332,3.691,0.656
"2026-07-18 10:15",230.516,232.04,230.264,0.332,3.697,0.657
"2026-07-18 10:20",230.675,231.636,229.865,0.329,3.719,0.657
"2026-07-18 10:25",229.51,230.371,228.728,0.329,3.72,0.656
"2026-07-18 10:30",229.251,231.112,224.274,0.333,3.7,8.145
"2026-07-18 10:35",230.112,231.183,229.431,0.329,3.723,0.654
"2026-07-18 10:40",229.65,231.005,228.919,0.329,3.711,0.656
"2026-07-18 10:45",229.653,230.801,228.557,0.33,3.715,0.655
"2026-07-18 10:50",230.395,231.876,229.487,0.331,3.701,0.66
"2026-07-18 10:55",229.66,231.851,224.408,0.331,3.727,8.379
"2026-07-18 11:00",229.919,231.241,229.213,0.331,3.715,0.654
"2026-07-18 11:05",230.051,231.373,229.705,0.325,3.714,0.655
"2026-07-18 11:10",229.409,231.321,224.307,0.327,3.703,7.89
"2026-07-18 11:15",228.667,229.985,228.139,0.324,3.724,0.648
"2026-07-18 11:20",231.005,231.816,229.292,0.329,3.701,0.654
"2026-07-18 11:25",231.154,231.439,229.371,0.33,3.709,0.657
"2026-07-18 11:30",231.097,231.679,229.32,0.33,3.709,0.658
"2026-07-18 11:35",230.211,231.302,224.037,0.331,3.699,7.91
"2026-07-18 11:40",231.12,231.464,229.28,0.326,3.707,0.653
"2026-07-18 11:45",228.819,229.553,227.059,0.322,3.731,0.656
"2026-07-18 11:50",230.558,232.915,224.595,0.332,3.676,7.98
"2026-07-18 11:55",231.068,232.86,229.667,0.334,3.683,0.654
"2026-07-18 12:00",230.83,232.76,229.4,,,
"2026-07-18 12:05",230.602,232.661,229.123,0.33,3.686,0.655
"2026-07-18 12:10",230.861,232.856,229.74,0.333,3.686,0.658
"2026-07-18 12:15",229.691,232.07,223.748,0.333,3.689,8.241
"2026-07-18 12:20",230.205,231.837,228.65,0.332,3.696,0.642
"2026-07-18 12:25",230.783,232.62,229.423,0.332,3.691,0.655
"2026-07-18 12:30",230.521,232.237,229.133,0.333,3.698,0.655
"2026-07-18 12:35",230.056,232.463,224.178,0.334,3.706,8.207
"2026-07-18 12:40",230.844,232.614,229.485,0.334,3.718,0.652
"2026-07-18 12:45",230.7,232.73,226.96,,,
"2026-07-18 12:50",230.562,232.848,224.437,0.332,3.671,8.094
"2026-07-18 12:55",230.858,232.705,229.311,0.332,3.686,0.651
"2026-07-18 13:00",231.128,232.857,229.799,0.33,3.687,0.656
"2026-07-18 13:05",229.887,232.322,224.42,0.333,3.681,8.085
"2026-07-18 13:10",230.182,232.043,228.828,0.331,3.696,0.649
"2026-07-18 13:15",230.166,231.862,229.162,0.333,3.727,0.65
"2026-07-18 13:20",228.68,230.877,223.161,0.33,3.708,8.02
"2026-07-18 13:25",230.078,231.998,229.065,0.334,3.7,0.646
"2026-07-18 13:30",230.189,231.992,229.014,0.332,3.697,0.65
"2026-07-18 13:35",229.313,231.466,228.413,0.331,3.702,0.65
"2026-07-18 13:40",228.356,231.01,222.953,0.333,3.729,8.088
"2026-07-18 13:45",228.957,231.356,228.097,0.332,3.736,0.647
"2026-07-18 13:50",229.285,231.623,228.732,0.332,3.701,0.649
"2026-07-18 13:55",228.579,231.24,222.985,0.332,3.701,8.316
"2026-07-18 14:00",229.425,231.311,228.166,0.332,3.703,0.645
"2026-07-18 14:05",228.816,230.297,227.494,0.332,3.718,0.644
"2026-07-18 14:10",228.313,229.712,227.185,0.332,3.751,0.645
"2026-07-18 14:15",227.832,229.921,222.186,0.332,3.721,8.038
"2026-07-18 14:20",228.27,229.822,226.877,0.331,3.725,0.641
"2026-07-18 14:25",229.215,231.055,227.198,0.331,3.711,0.644
"2026-07-18 14:30",228.224,230.83,221.908,0.33,3.702,8.03
"2026-07-18 14:35",229,231.375,227.106,0.331,3.72,0.641
"2026-07-18 14:40",228.76,230.585,226.594,0.33,3.719,0.643
"2026-07-18 14:45",227.4,229.659,220.646,0.327,3.722,8.078
"2026-07-18 14:50",227.121,229.853,225.522,0.325,3.722,0.638
"2026-07-18 14:55",229.983,234.204,229.096,0.331,3.668,0.65
"2026-07-18 15:00",229.504,234.195,223.909,0.333,3.661,8.157
"2026-07-18 15:05",229.713,234.01,228.757,0.332,3.663,0.644
"2026-07-18 15:10",229.455,233.634,228.222,0.331,3.686,0.646
"2026-07-18 15:15",229.785,234.601,224.081,0.333,3.663,8.119
"2026-07-18 15:20",230.302,234.776,229.201,0.333,3.653,0.642
"2026-07-18 15:25",230.642,235.289,229.827,0.334,3.657,0.652
"2026-07-18 15:30",229.89,234.879,224.674,0.332,3.644,8.055
"2026-07-18 15:35",229.759,234.609,224.27,0.331,3.648,7.963
"2026-07-18 15:40",230.252,234.669,229.072,0.331,3.657,0.651
"2026-07-18 15:45",231.24,236.142,230.06,0.331,3.64,0.648
"2026-07-18 15:50",231.022,235.708,230.264,0.331,3.642,0.656
"2026-07-18 15:55",231.144,235.001,225.168,0.334,3.673,8.259
"2026-07-18 16:00",230.935,234.254,229.505,0.333,3.664,0.647
"2026-07-18 16:05",230.52,233.671,228.778,0.332,3.671,0.648
"2026-07-18 16:10",230.213,234.002,224.239,0.332,3.659,8.209
"2026-07-18 16:15",230.409,233.543,229.133,0.331,3.673,0.645
"2026-07-18 16:20",229.979,233.63,228.855,0.332,3.661,0.646
"2026-07-18 16:25",230.09,233.851,224.374,0.333,3.691,8.08
"2026-07-18 16:30",230.283,233.642,229.265,0.333,3.667,0.645
"2026-07-18 16:35",230.376,233.342,228.949,0.331,3.67,0.647
"2026-07-18 16:40",230.657,233.571,229.128,0.331,3.666,0.649
"2026-07-18 16:45",230.626,234.253,224.74,0.334,3.656,7.972
"2026-07-18 16:50",230.892,234.072,229.47,0.333,3.656,0.648
"2026-07-18 16:55",231.57,234.576,229.973,0.333,3.664,0.651
"2026-07-18 17:00",230.397,234.003,224.693,0.333,3.667,7.901
"2026-07-18 17:05",231.635,234.556,230.121,0.331,3.653,0.653
"2026-07-18 17:10",231.393,234.559,230.144,0.332,3.669,0.65
"2026-07-18 17:15",231.673,235.145,230.436,0.332,3.665,0.653
"2026-07-18 17:20",231.714,234.927,230.302,0.333,3.654,0.653
"2026-07-18 17:25",231.042,234.723,225.121,0.332,3.638,7.914
"2026-07-18 17:30",231.683,234.991,230.267,0.332,3.682,0.647
"2026-07-18 17:35",231.449,235.028,229.855,0.331,3.649,0.648
"2026-07-18 17:40",231.627,235.004,230.044,0.333,3.659,0.651
"2026-07-18 17:45",232.397,236.513,231.998,0.333,3.629,0.658
"2026-07-18 17:50",232.269,236.333,231.891,0.333,3.638,0.657
"2026-07-18 17:55",232.498,235.667,231.732,0.335,3.642,0.657
"2026-07-18 18:00",232.3,235.75,229.26,,,
"2026-07-18 18:05",232.095,235.83,226.785,0.335,3.63,7.924
"2026-07-18 18:10",225.456,232.495,224.209,0.323,3.684,0.619
"2026-07-18 18:15",226.64,234.127,225.657,0.322,3.657,0.63
"2026-07-18 18:20",227.189,234.827,226.244,0.326,3.654,0.631
"2026-07-18 18:25",227.942,234.462,227.425,0.325,3.659,0.636
"2026-07-18 18:30",225.133,231.057,224.41,0.32,3.708,0.627
"2026-07-18 18:35",224.096,230.131,218.618,0.324,3.721,7.971
"2026-07-18 18:40",223.84,229.437,222.837,0.322,3.725,0.61
"2026-07-18 18:45",223.422,230.167,222.065,0.317,3.745,0.613
"2026-07-18 18:50",224.863,231.875,223.63,0.324,3.722,0.618
"2026-07-18 18:55",222.957,229.554,221.237,0.323,3.724,0.61
"2026-07-18 19:00",221.985,229.296,220.444,0.322,3.741,0.607
"2026-07-18 19:05",222.015,229.805,219.676,0.322,3.73,0.605
"2026-07-18 19:10",224.131,232.153,216.726,0.323,3.682,7.669
"2026-07-18 19:15",223.883,231.301,220.684,0.323,3.702,0.604
"2026-07-18 19:20",222.939,229.989,219.608,0.318,3.715,0.604
"2026-07-18 19:25",223.571,230.505,220.112,0.32,3.711,0.607
"2026-07-18 19:30",223.539,230.267,219.984,0.326,3.713,0.604
"2026-07-18 19:35",223.76,230.647,220.162,0.325,3.732,0.604
"2026-07-18 19:40",223.418,231.008,215.6,0.326,3.7,7.82
"2026-07-18 19:45",223.662,230.511,220.402,0.325,3.707,0.597
"2026-07-18 19:50",223.064,229.78,219.3,0.327,3.749,0.596
"2026-07-18 19:55",223.586,230.18,219.934,0.323,3.717,0.603
"2026-07-18 20:00",223.32,230.069,219.965,0.327,3.73,0.602
"2026-07-18 20:05",222.772,229.819,219.397,0.327,3.727,0.601
"2026-07-18 20:10",222.754,229.423,219.177,0.328,3.73,0.6
"2026-07-18 20:15",221.715,229.159,214.243,0.328,3.726,7.79
"2026-07-18 20:20",222.025,228.75,218.472,0.328,3.741,0.588
"2026-07-18 20:25",222.032,228.654,218.593,0.329,3.738,0.593
"2026-07-18 20:30",222.055,228.879,218.503,0.33,3.754,0.593
"2026-07-18 20:35",222.026,228.486,218.341,0.33,3.749,0.593
"2026-07-18 20:40",222.144,228.778,218.142,0.328,3.743,0.594
"2026-07-18 20:45",222.127,229.166,218.498,0.329,3.757,0.596
"2026-07-18 20:50",221.395,228.66,213.597,0.328,3.738,7.757
"2026-07-18 20:55",221.971,228.577,218.327,0.327,3.746,0.588
"2026-07-18 21:00",222.163,228.573,218.433,0.33,3.749,0.591
"2026-07-18 21:05",221.779,228.623,218.398,0.33,3.739,0.592
"2026-07-18 21:10",221.672,228.357,218.054,0.33,3.749,0.591
"2026-07-18 21:15",221.488,228.104,218.137,0.328,3.748,0.592
"2026-07-18 21:20",221.15,228.078,217.681,0.33,3.745,0.591
"2026-07-18 21:25",221.114,227.597,212.836,0.33,3.75,7.756
"2026-07-18 21:30",221.25,227.244,216.721,0.329,3.762,0.578
"2026-07-18 21:35",222.333,227.774,217.046,0.33,3.744,0.582
"2026-07-18 21:40",222.106,227.299,216.452,0.33,3.774,0.581
"2026-07-18 21:45",221.986,226.916,216.233,0.331,3.767,0.581
"2026-07-18 21:50",222.065,226.983,216.304,0.331,3.79,0.582
"2026-07-18 21:55",221.589,226.375,215.787,0.328,3.794,0.581
"2026-07-18 22:00",225.388,229.654,218.791,0.332,3.724,0.592
"2026-07-18 22:05",224.646,229.273,214.074,0.333,3.732,7.478
"2026-07-18 22:10",225.125,229.271,218.082,0.331,3.739,0.585
"2026-07-18 22:15",224.851,229.308,218.188,0.332,3.729,0.587
"2026-07-18 22:20",224.923,228.896,218.214,0.332,3.752,0.588
"2026-07-18 22:25",224.651,228.65,218.191,0.329,3.743,0.589
"2026-07-18 22:30",224.918,228.968,218.152,0.33,3.739,0.59
"2026-07-18 22:35",224.544,228.434,217.728,0.329,3.744,0.589
"2026-07-18 22:40",223.622,228.177,212.941,0.331,3.758,7.618
"2026-07-18 22:45",224.75,228.651,218.133,0.33,3.74,0.583
"2026-07-18 22:50",224.748,228.796,218.249,0.329,3.737,0.588
"2026-07-18 22:55",224.669,228.8,218.281,0.33,3.766,0.589
"2026-07-18 23:00",225.182,229.367,218.737,0.329,3.731,0.592
"2026-07-18 23:05",225.672,229.838,219.052,0.329,3.729,0.594
"2026-07-18 23:10",225.788,229.928,219.155,0.328,3.72,0.596
"2026-07-18 23:15",225.498,229.747,218.999,0.33,3.723,0.595
"2026-07-18 23:20",225.302,229.976,214.511,0.331,3.715,7.728
"2026-07-18 23:25",226.211,230.275,219.339,0.331,3.712,0.588
"2026-07-18 23:30",226.137,230.378,219.501,0.33,3.714,0.593
"2026-07-18 23:35",226.558,230.608,219.91,0.331,3.73,0.595
"2026-07-18 23:40",226.554,230.523,220.064,0.331,3.714,0.597
"2026-07-18 23:45",226.427,230.548,219.984,0.331,3.718,0.597
"2026-07-18 23:50",227.037,230.912,220.729,0.331,3.699,0.602
"2026-07-18 23:55",227.13,231.361,220.677,0.333,3.7,0.602
"2026-07-19 00:00",227.28,231.69,221.19,,,
"2026-07-19 00:05",227.431,232.018,221.698,0.334,3.704,0.597
"2026-07-19 00:10",226.109,230.842,220.66,0.332,3.707,0.599
"2026-07-19 00:15",226.953,231.774,221.641,0.331,3.689,0.603
"2026-07-19 00:20",227.002,231.795,221.575,0.331,3.692,0.604
"2026-07-19 00:25",227.318,232.464,221.983,0.332,3.692,0.607
"2026-07-19 00:30",226.561,232.246,222.191,0.333,3.688,0.609
"2026-07-19 00:35",226.83,232.308,222.218,0.333,3.715,0.61
"2026-07-19 00:40",226.067,232.242,217.566,0.335,3.709,7.757
"2026-07-19 00:45",226.724,232.53,222.6,0.332,3.675,0.606
"2026-07-19 00:50",227.145,232.733,222.962,0.333,3.682,0.61
"2026-07-19 00:55",225.829,231.882,222.42,0.331,3.692,0.609
"2026-07-19 01:00",225.858,232.292,222.706,0.333,3.687,0.612
"2026-07-19 01:05",226,232.51,223.081,0.333,3.687,0.614
"2026-07-19 01:10",226.145,232.56,222.976,0.334,3.676,0.615
"2026-07-19 01:15",225.916,232.458,222.802,0.334,3.685,0.615
"2026-07-19 01:20",225.87,232.686,218.461,0.334,3.677,7.522
"2026-07-19 01:25",226.306,232.826,223.223,0.334,3.677,0.611
"2026-07-19 01:30",226.728,233.119,223.531,0.334,3.694,0.615
"2026-07-19 01:35",226.9,233.601,223.813,0.335,3.701,0.617
"2026-07-19 01:40",223.455,230.451,221.482,0.332,3.712,0.61
"2026-07-19 01:45",223.67,230.841,221.738,0.334,3.709,0.611
"2026-07-19 01:50",224.027,231.131,221.919,0.334,3.702,0.613
"2026-07-19 01:55",224.166,231.41,222.321,0.333,3.699,0.615
"2026-07-19 02:00",223.669,231.389,217.605,0.333,3.685,7.655
"2026-07-19 02:05",224.848,232.114,222.761,0.333,3.688,0.61
"2026-07-19 02:10",224.686,232.11,222.717,0.333,3.685,0.612
"2026-07-19 02:15",223.618,230.814,221.546,0.333,3.705,0.609
"2026-07-19 02:20",224.001,231.265,221.717,0.333,3.697,0.61
"2026-07-19 02:25",223.69,230.79,221.27,0.333,3.707,0.609
"2026-07-19 02:30",224.096,231.366,221.763,0.334,3.692,0.612
"2026-07-19 02:35",223.863,231.289,221.603,0.333,3.696,0.611
"2026-07-19 02:40",223.961,231.737,217.661,0.336,3.712,7.643
"2026-07-19 02:45",224.477,231.932,222.229,0.333,3.721,0.606
"2026-07-19 02:50",224.968,232.466,223.001,0.335,3.714,0.613
"2026-07-19 02:55",224.951,232.304,222.779,0.336,3.682,0.613
"2026-07-19 03:00",225.06,232.733,222.987,0.334,3.688,0.614
"2026-07-19 03:05",225.546,233.264,223.759,0.337,3.681,0.618
"2026-07-19 03:10",225.823,233.099,223.984,0.338,3.675,0.62
"2026-07-19 03:15",225.932,233.856,224.375,0.337,3.667,0.622
"2026-07-19 03:20",226.383,234.323,220.324,0.339,3.65,7.632
"2026-07-19 03:25",226.375,234.2,224.918,0.337,3.658,0.618
"2026-07-19 03:30",226.649,234.3,224.931,0.338,3.657,0.62
"2026-07-19 03:35",227.341,235.249,225.841,0.339,3.646,0.625
"2026-07-19 03:40",227.596,235.073,226.067,0.339,3.645,0.627
"2026-07-19 03:45",226.901,234.533,225.203,0.337,3.693,0.624
"2026-07-19 03:50",227.157,234.539,225.327,0.337,3.651,0.625
"2026-07-19 03:55",227.498,234.95,225.707,0.337,3.648,0.628
"2026-07-19 04:00",226.709,234.774,220.729,0.338,3.645,7.492
"2026-07-19 04:05",226.957,234.363,225.165,0.335,3.662,0.622
"2026-07-19 04:10",227.482,234.854,225.828,0.336,3.651,0.626
"2026-07-19 04:15",227.302,234.64,225.51,0.335,3.661,0.626
"2026-07-19 04:20",227.458,235.039,225.51,0.336,3.661,0.627
"2026-07-19 04:25",227.787,235.199,225.951,0.336,3.651,0.629
"2026-07-19 04:30",226.851,235.36,226.214,0.337,3.645,0.631
"2026-07-19 04:35",226.585,234.978,225.815,0.337,3.665,0.629
"2026-07-19 04:40",225.702,234.636,220.859,0.336,3.65,7.568
"2026-07-19 04:45",226.969,235.229,226.054,0.336,3.644,0.624
"2026-07-19 04:50",227.106,235.533,226.42,0.336,3.675,0.628
"2026-07-19 04:55",226.921,235.278,226.141,0.336,3.643,0.628
"2026-07-19 05:00",226.786,235.038,226.118,0.336,3.651,0.628
"2026-07-19 05:05",227.502,234.741,226.536,0.338,3.648,0.63
"2026-07-19 05:10",227.268,234.647,226.277,0.336,3.653,0.63
"2026-07-19 05:15",227.465,234.863,226.451,0.338,3.654,0.632
"2026-07-19 05:20",226.872,234.531,221.42,0.338,3.641,7.545
"2026-07-19 05:25",227.483,234.96,226.692,0.336,3.659,0.626
"2026-07-19 05:30",225.613,232.93,224.5,0.334,3.673,0.619
"2026-07-19 05:35",225.213,232.722,224.349,0.335,3.692,0.62
"2026-07-19 05:40",225.771,233.113,224.655,0.336,3.673,0.622
"2026-07-19 05:45",225.867,233.212,224.763,0.336,3.692,0.624
"2026-07-19 05:50",226.579,234.161,225.551,0.335,3.685,0.628
"2026-07-19 05:55",227.682,235.36,226.59,0.337,3.674,0.633
"2026-07-19 06:00",227.41,235.07,227.05,,,
"2026-07-19 06:05",227.14,234.784,227.507,0.339,3.65,0.631
"2026-07-19 06:10",226.539,234.25,226.909,0.339,3.678,0.63
"2026-07-19 06:15",226.76,234.497,227.178,0.336,3.659,0.633
"2026-07-19 06:20",227.345,234.867,227.698,0.337,3.651,0.636
"2026-07-19 06:25",232.33,232.608,230.84,0.345,3.707,0.65
"2026-07-19 06:30",233.602,233.908,231.92,0.346,3.69,0.655
"2026-07-19 06:35",231.922,232.353,230.34,0.345,3.689,0.649
"2026-07-19 06:40",231.955,232.64,225.785,0.345,3.672,7.608
"2026-07-19 06:45",233.049,233.062,231.082,0.345,3.69,0.647
"2026-07-19 06:50",233.765,233.899,231.678,0.346,3.663,0.651
"2026-07-19 06:55",233.963,234.113,231.999,0.345,3.66,0.653
"2026-07-19 07:00",234.606,234.743,232.642,0.347,3.665,0.657
"2026-07-19 07:05",234.671,234.78,232.637,0.346,3.652,0.658
"2026-07-19 07:10",234.692,234.933,232.664,0.346,3.652,0.659
"2026-07-19 07:15",235.266,235.403,233.286,0.346,3.666,0.662
"2026-07-19 07:20",233.674,235.225,228.406,0.347,3.639,7.736
"2026-07-19 07:25",234.502,235.344,233.6,0.347,3.673,0.659
"2026-07-19 07:30",234.464,235.315,233.428,0.345,3.672,0.661
"2026-07-19 07:35",234.108,235.032,233.249,0.344,3.651,0.661
"2026-07-19 07:40",234.491,235.299,233.446,0.344,3.641,0.662
"2026-07-19 07:45",234.886,235.973,234.12,0.347,3.652,0.666
"2026-07-19 07:50",234.805,235.809,234.233,0.345,3.644,0.667
"2026-07-19 07:55",233.939,235.495,228.689,0.346,3.631,8.126
"2026-07-19 08:00",235.666,236.456,234.831,0.345,3.633,0.663
"2026-07-19 08:05",235.374,235.445,234.211,0.345,3.646,0.663
"2026-07-19 08:10",235.689,235.614,234.27,0.346,3.666,0.664
"2026-07-19 08:15",235.341,235.4,234.132,0.345,3.654,0.666
"2026-07-19 08:20",235.326,235.428,233.99,0.341,3.646,0.665
"2026-07-19 08:25",235.015,235.135,233.812,0.341,3.675,0.664
"2026-07-19 08:30",234.625,235.253,228.752,0.342,3.673,8.022
"2026-07-19 08:35",235.02,235.339,233.862,0.341,3.648,0.654
"2026-07-19 08:40",235.594,235.768,234.254,0.342,3.643,0.659
"2026-07-19 08:45",235.619,235.592,234.295,0.342,3.645,0.66
"2026-07-19 08:50",234.766,235.084,233.799,0.341,3.653,0.664
"2026-07-19 08:55",235.127,235.213,234.168,0.342,3.655,0.663
"2026-07-19 09:00",235.518,235.604,234.457,0.343,3.648,0.663
"2026-07-19 09:05",235.058,235.779,229.39,0.344,3.636,8.161
"2026-07-19 09:10",235.035,235.246,233.883,0.342,3.66,0.654
"2026-07-19 09:15",234.856,234.914,233.764,0.341,3.656,0.657
"2026-07-19 09:20",235.021,235.034,233.902,0.342,3.649,0.659
"2026-07-19 09:25",234.445,235.074,228.925,0.344,3.646,8.131
"2026-07-19 09:30",234.979,235.491,229.272,0.344,3.641,8.007
"2026-07-19 09:35",235.23,235.54,231.83,,,
"2026-07-19 09:40",235.472,235.587,234.38,0.341,3.643,0.651
"2026-07-19 09:45",235.771,235.888,234.576,0.341,3.646,0.657
"2026-07-19 09:50",235.537,235.483,234.236,0.342,3.644,0.656
"2026-07-19 09:55",234.94,235.392,233.913,0.342,3.653,0.657
"2026-07-19 10:00",234.51,234.721,233.564,0.341,3.661,0.657
"2026-07-19 10:05",234.394,234.872,228.769,0.342,3.651,8.027
"2026-07-19 10:10",234.976,235.144,234.111,0.34,3.684,0.653
"2026-07-19 10:15",234.725,234.7,233.56,0.337,3.667,0.657
"2026-07-19 10:20",234.333,234.34,233.185,0.334,3.699,0.658
"2026-07-19 10:25",234.39,234.682,233.166,0.335,3.664,0.662
"2026-07-19 10:30",235.13,235.448,233.933,0.336,3.652,0.665
"2026-07-19 10:35",234.59,235.08,231.32,,,
"2026-07-19 10:40",234.05,234.721,228.706,0.337,3.657,7.905
"2026-07-19 10:45",234.798,234.796,233.898,0.335,3.655,0.66
"2026-07-19 10:50",235.454,235.697,234.366,0.336,3.652,0.663
"2026-07-19 10:55",234.197,234.448,233.279,0.334,3.667,0.662
"2026-07-19 11:00",233.663,233.746,232.68,0.332,3.682,0.664
"2026-07-19 11:05",232.877,233.418,226.931,0.332,3.695,8.264
"2026-07-19 11:10",234.145,234.22,233.063,0.333,3.693,0.662
"2026-07-19 11:15",234.676,234.449,233.502,0.334,3.665,0.667
"2026-07-19 11:20",234.231,234.219,233.294,0.332,3.698,0.666
"2026-07-19 11:25",233.885,233.907,232.67,0.334,3.676,0.669
"2026-07-19 11:30",233.632,234.268,227.893,0.334,3.661,8.13
"2026-07-19 11:35",233.023,233.212,231.875,0.33,3.689,0.662
"2026-07-19 11:40",234.271,234.247,233.117,0.334,3.674,0.668
"2026-07-19 11:45",233.907,233.788,232.681,0.33,3.676,0.668
"2026-07-19 11:50",233.686,233.535,232.359,0.331,3.682,0.669
"2026-07-19 11:55",234.142,234.465,228.234,0.332,3.666,8.179
"2026-07-19 12:00",232.94,233.01,229.31,,,
"2026-07-19 12:05",231.735,231.549,230.378,0.331,3.707,0.656
"2026-07-19 12:10",230.658,231.309,224.897,0.329,3.704,7.97
"2026-07-19 12:15",231.62,231.609,230.242,0.334,3.704,0.652
"2026-07-19 12:20",231.596,231.518,230.089,0.333,3.709,0.656
"2026-07-19 12:25",230.97,231.078,229.835,0.332,3.714,0.657
"2026-07-19 12:30",231.249,231.647,225.507,0.332,3.726,8.103
"2026-07-19 12:35",231.43,231.418,230.223,0.331,3.704,0.654
"2026-07-19 12:40",230.952,230.826,229.627,0.332,3.712,0.656
"2026-07-19 12:45",230.79,230.894,229.484,0.333,3.713,7.955
"2026-07-19 12:50",230.213,230.632,224.507,0.334,3.723,7.878
"2026-07-19 12:55",230.132,230.203,228.897,0.33,3.738,0.65
"2026-07-19 13:00",231.177,230.989,224.235,0.335,3.71,8.016
"2026-07-19 13:05",230.839,231.292,228.965,0.333,3.729,0.65
"2026-07-19 13:10",231.286,231.57,229.328,0.333,3.742,0.654
"2026-07-19 13:15",230.592,231.014,228.806,0.331,3.708,0.653
"2026-07-19 13:20",230.506,230.861,228.291,0.328,3.721,0.652
"2026-07-19 13:25",229.65,230.239,223.029,0.33,3.712,7.936
"2026-07-19 13:30",230.623,231.118,228.533,0.328,3.702,0.65
"2026-07-19 13:35",230.088,231.605,228.342,0.332,3.709,0.65
"2026-07-19 13:40",229.969,231.87,223.883,0.333,3.689,8.036
"2026-07-19 13:45",230.609,232.201,229.142,0.332,3.723,0.649
"2026-07-19 13:50",230.897,232.569,229.377,0.333,3.695,0.655
"2026-07-19 13:55",237.266,240.708,231.711,0.345,0.571,31.836
"2026-07-19 14:00",233.052,229.752,230.864,0.331,3.821,0.656
"2026-07-19 14:05",231.079,230.916,229.226,0.33,3.696,0.652
"2026-07-19 14:10",230.664,230.942,228.19,0.33,3.722,0.649
"2026-07-19 14:15",228.966,230.916,222.839,0.329,3.707,8.025
"2026-07-19 14:20",228.242,230.405,226.817,0.324,3.717,0.645
"2026-07-19 14:25",231.507,234.113,230.626,0.329,3.674,0.657
"2026-07-19 14:30",231.307,234.545,225.49,0.329,3.65,8.194
"2026-07-19 14:35",231.133,233.78,229.97,0.329,3.67,0.653
"2026-07-19 14:40",231.107,233.733,229.856,0.327,3.672,0.657
"2026-07-19 14:45",230.892,234.268,225.036,0.33,3.661,7.988
"2026-07-19 14:50",230.629,233.816,228.143,0.331,3.687,0.66
"2026-07-19 14:55",231.406,233.981,230.157,0.329,3.7,0.656
"2026-07-19 15:00",230.038,232.439,228.75,0.33,3.721,0.651
"2026-07-19 15:05",229.236,232.537,223.574,0.33,3.702,8.098
"2026-07-19 15:10",229.469,232.212,228.332,0.327,3.694,0.644
"2026-07-19 15:15",229.563,232.343,228.385,0.329,3.687,0.646
"2026-07-19 15:20",229.819,232.592,228.524,0.33,3.691,0.648
"2026-07-19 15:25",229.254,232.717,223.642,0.331,3.673,8.177
"2026-07-19 15:30",229.597,232.411,228.486,0.33,3.682,0.643
"2026-07-19 15:35",229.342,232.376,228.667,0.329,3.679,0.645
"2026-07-19 15:40",229.85,232.647,228.997,0.329,3.682,0.649
"2026-07-19 15:45",229.435,232.9,224.341,0.33,3.679,7.963
"2026-07-19 15:50",230.374,232.969,229.361,0.329,3.674,0.645
"2026-07-19 15:55",230.671,233.272,229.719,0.33,3.675,0.649
"2026-07-19 16:00",230.512,233.226,229.53,0.329,3.696,0.65
"2026-07-19 16:05",230.229,232.702,229.124,0.329,3.685,0.652
"2026-07-19 16:10",230.264,232.782,229.203,0.329,3.709,0.653
"2026-07-19 16:15",230.044,232.84,226.574,0.33,3.681,6.711
"2026-07-19 16:20",229.155,232.31,223.676,0.331,3.679,8
"2026-07-19 16:25",230.047,232.83,229.152,0.33,3.678,0.645
"2026-07-19 16:30",229.971,232.681,228.885,0.328,3.684,0.648
"2026-07-19 16:35",230.518,233.424,229.612,0.331,3.671,0.652
"2026-07-19 16:40",230.187,233.545,224.692,0.332,3.661,8.114
"2026-07-19 16:45",231.481,234.197,230.475,0.331,3.661,0.65
"2026-07-19 16:50",231.163,234.042,230.124,0.331,3.66,0.652
"2026-07-19 16:55",231.883,234.678,230.968,0.331,3.661,0.657
"2026-07-19 17:00",231.082,234.556,225.67,0.333,3.647,7.957
"2026-07-19 17:05",232.112,234.966,230.974,0.332,3.645,0.652
"2026-07-19 17:10",232.322,235.026,231.062,0.332,3.655,0.655
"2026-07-19 17:15",232.217,234.874,231.101,0.332,3.668,0.657
"2026-07-19 17:20",231.122,234.191,225.334,0.357,3.654,8.112
"2026-07-19 17:25",231.955,234.506,230.803,0.355,3.657,0.65
"2026-07-19 17:30",233.268,236.112,232.451,0.354,3.667,0.658
"2026-07-19 17:35",232.452,235.811,227.129,0.355,3.631,7.954
"2026-07-19 17:40",232.126,234.715,231.275,0.342,3.657,0.654
"2026-07-19 17:45",233.083,235.595,232.908,0.346,3.646,0.656
"2026-07-19 17:50",233.021,235.539,232.804,0.344,3.649,0.657
"2026-07-19 17:55",229.794,231.869,224.774,0.331,3.687,7.816
"2026-07-19 18:00",229.91,231.49,227.03,,,
"2026-07-19 18:05",230.03,231.106,229.288,0.333,3.711,0.64
"2026-07-19 18:10",225.175,231.338,223.759,0.323,3.699,0.618
"2026-07-19 18:15",228.166,234.607,226.873,0.324,3.655,0.631
"2026-07-19 18:20",227.17,233.576,225.827,0.321,3.664,0.63
"2026-07-19 18:25",228.138,234.533,226.882,0.325,3.661,0.633
"2026-07-19 18:30",226.233,232.946,220.194,0.318,3.669,8.03
"2026-07-19 18:35",228.63,234.679,226.696,0.323,3.649,0.626
"2026-07-19 18:40",227.77,233.909,225.809,0.322,3.664,0.627
"2026-07-19 18:45",226.235,232.344,224.654,0.32,3.712,0.624
"2026-07-19 18:50",225.711,231.613,223.713,0.324,3.72,0.62
"2026-07-19 18:55",223.474,229.922,221.463,0.318,3.716,0.614
"2026-07-19 19:00",222.162,229.898,215.557,0.317,3.712,7.56
"2026-07-19 19:05",223.58,230.665,219.753,0.321,3.713,0.6
"2026-07-19 19:10",225.581,232.601,221.61,0.323,3.683,0.607
"2026-07-19 19:15",224.319,231.49,220.594,0.322,3.696,0.605
"2026-07-19 19:20",223.956,230.969,220.214,0.322,3.714,0.605
"2026-07-19 19:25",223.969,231.06,220.094,0.322,3.704,0.605
"2026-07-19 19:30",222.987,230.075,219.031,0.322,3.722,0.601
"2026-07-19 19:35",222.26,229.757,214.043,0.322,3.732,7.9
"2026-07-19 19:40",222.509,229.258,218.248,0.32,3.73,0.592
"2026-07-19 19:45",225.955,232.894,221.859,0.326,3.677,0.607
"2026-07-19 19:50",225.699,232.866,222.093,0.327,3.674,0.609
"2026-07-19 19:55",225.927,232.983,222.058,0.327,3.703,0.61
"2026-07-19 20:00",226.04,232.941,222.218,0.327,3.677,0.612
"2026-07-19 20:05",225.848,232.834,221.912,0.326,3.677,0.613
"2026-07-19 20:10",225.41,233.112,217.507,0.329,3.668,7.555
"2026-07-19 20:15",225.962,233.033,222.361,0.329,3.67,0.607
"2026-07-19 20:20",225.62,232.599,221.788,0.328,3.681,0.607
"2026-07-19 20:25",225.643,232.337,221.73,0.328,3.685,0.608
"2026-07-19 20:30",225.138,232.236,221.327,0.327,3.686,0.608
"2026-07-19 20:35",224.527,231.43,220.802,0.327,3.699,0.607
"2026-07-19 20:40",224.502,231.36,220.632,0.326,3.714,0.606
"2026-07-19 20:45",223.605,231.128,216.038,0.327,3.696,7.512
"2026-07-19 20:50",224.078,230.828,220.487,0.325,3.708,0.6
"2026-07-19 20:55",224.311,231.334,220.817,0.326,3.694,0.604
"2026-07-19 21:00",224.016,230.856,220.3,0.326,3.737,0.603
"2026-07-19 21:05",224.156,230.89,220.349,0.326,3.727,0.604
"2026-07-19 21:10",223.842,230.592,219.928,0.325,3.709,0.603
"2026-07-19 21:15",223.413,230.026,219.344,0.326,3.715,0.602
"2026-07-19 21:20",221.994,229.003,213.736,0.324,3.752,7.705
"2026-07-19 21:25",221.948,228.36,218.15,0.324,3.768,0.586
"2026-07-19 21:30",221.871,228.447,217.855,0.326,3.75,0.59
"2026-07-19 21:35",221.818,228.436,217.764,0.327,3.738,0.589
"2026-07-19 21:40",221.32,227.844,217.722,0.381,3.747,0.589
"2026-07-19 21:45",222.117,228.833,218.531,0.382,3.754,0.593
"2026-07-19 21:50",221.426,228.363,217.8,0.382,3.744,0.59
"2026-07-19 21:55",221.071,228.173,213.219,0.381,3.735,7.735
"2026-07-19 22:00",221.377,228.111,217.871,0.379,3.735,0.584
"2026-07-19 22:05",221.233,228.37,217.573,0.376,3.741,0.586
"2026-07-19 22:10",221.241,227.922,217.599,0.373,3.743,0.588
"2026-07-19 22:15",221.315,228.011,217.692,0.375,3.744,0.588
"2026-07-19 22:20",221.286,227.998,217.318,0.374,3.745,0.588
"2026-07-19 22:25",220.821,227.675,217.033,0.373,3.75,0.588
"2026-07-19 22:30",220.647,227.406,217.134,0.373,3.755,0.589
"2026-07-19 22:35",221.053,227.455,211.947,0.373,3.744,7.691
"2026-07-19 22:40",221.415,227.575,216.655,0.373,3.751,0.581
"2026-07-19 22:45",222.112,227.787,217.432,0.375,3.747,0.586
"2026-07-19 22:50",222.463,228.297,217.89,0.376,3.738,0.589
"2026-07-19 22:55",222.327,228.17,217.747,0.375,3.744,0.59
"2026-07-19 23:00",222.52,228.05,217.902,0.378,3.776,0.592
"2026-07-19 23:05",221.462,227.056,216.886,0.376,3.764,0.59
"2026-07-19 23:10",222.145,227.794,217.389,0.378,3.749,0.59
"2026-07-19 23:15",222.195,228.538,213.597,0.379,3.756,7.352
"2026-07-19 23:20",222.035,228.009,217.655,0.376,3.775,0.585
"2026-07-19 23:25",222.259,227.825,217.709,0.377,3.754,0.588
"2026-07-19 23:30",222.409,228.016,217.994,0.377,3.744,0.591
"2026-07-19 23:35",222.451,228.478,217.914,0.376,3.752,0.591
"2026-07-19 23:40",222.759,228.612,218.274,0.378,3.75,0.593
"2026-07-19 23:45",222.997,228.612,218.408,0.38,3.735,0.595
"2026-07-19 23:50",223.291,229.88,214.889,0.381,3.713,7.265
"2026-07-19 23:55",223.393,229.577,218.904,0.38,3.727,0.587
"2026-07-20 00:00",223.89,229.9,219.36,,,
"2026-07-20 00:05",224.379,230.227,219.816,0.38,3.719,0.597
"2026-07-20 00:10",224.859,230.779,220.346,0.381,3.717,0.6
"2026-07-20 00:15",225.782,231.85,221.33,0.382,3.694,0.604
"2026-07-20 00:20",226.25,232.427,221.647,0.382,3.685,0.608
"2026-07-20 00:25",226.525,232.621,222.148,0.383,3.678,0.61
"2026-07-20 00:30",226.024,232.558,217.437,0.384,3.674,7.33
"2026-07-20 00:35",226.719,232.818,222.231,0.382,3.681,0.601
"2026-07-20 00:40",226.935,233.082,222.656,0.382,3.689,0.606
"2026-07-20 00:45",225.984,232.142,221.788,0.382,3.704,0.605
"2026-07-20 00:50",226.104,231.981,221.464,0.382,3.688,0.605
"2026-07-20 00:55",226.268,232.563,222.11,0.382,3.684,0.608
"2026-07-20 01:00",227.032,233.29,222.666,0.383,3.697,0.612
"2026-07-20 01:05",226.291,233.334,223.082,0.383,3.667,0.614
"2026-07-20 01:10",225.844,233.351,218.388,0.384,3.658,7.714
"2026-07-20 01:15",226.485,233.586,223.169,0.382,3.659,0.607
"2026-07-20 01:20",225.994,232.96,222.692,0.382,3.669,0.608
"2026-07-20 01:25",226.385,233.291,222.944,0.383,3.665,0.611
"2026-07-20 01:30",226.815,233.835,223.578,0.384,3.659,0.614
"2026-07-20 01:35",227.004,234.025,223.8,0.383,3.664,0.615
"2026-07-20 01:40",226.327,233.927,224.07,0.383,3.664,0.616
"2026-07-20 01:45",225.963,233.598,223.857,0.383,3.672,0.616
"2026-07-20 01:50",225.799,234.48,219.799,0.384,3.643,7.717
"2026-07-20 01:55",226.804,234.644,224.769,0.383,3.656,0.61
"2026-07-20 02:00",226.789,234.758,224.919,0.383,3.651,0.616
"2026-07-20 02:05",224.727,232.462,222.62,0.382,3.706,0.609
"2026-07-20 02:10",225.104,233.088,223.147,0.382,3.671,0.611
"2026-07-20 02:15",225.771,233.424,223.552,0.383,3.676,0.614
"2026-07-20 02:20",226.375,233.977,224.138,0.384,3.661,0.617
"2026-07-20 02:25",226.641,234.127,224.331,0.384,3.66,0.619
"2026-07-20 02:30",226.271,234.24,220.043,0.385,3.647,7.39
"2026-07-20 02:35",227.171,234.78,225.015,0.382,3.647,0.613
"2026-07-20 02:40",226.539,234.806,225.565,0.383,3.653,0.62
"2026-07-20 02:45",225.187,233.384,223.97,0.383,3.665,0.615
"2026-07-20 02:50",225.219,233.355,224.099,0.383,3.662,0.616
"2026-07-20 02:55",225.602,233.646,224.24,0.384,3.68,0.618
"2026-07-20 03:00",224.276,232.594,223.235,0.383,3.683,0.615
"2026-07-20 03:05",224.444,232.538,222.992,0.382,3.684,0.614
"2026-07-20 03:10",223.668,232.414,218.327,0.383,3.676,7.401
"2026-07-20 03:15",223.971,232.263,222.824,0.381,3.682,0.605
"2026-07-20 03:20",225.012,233.346,223.91,0.382,3.667,0.614
"2026-07-20 03:25",225.146,233.375,224.118,0.383,3.673,0.616
"2026-07-20 03:30",224.796,233.226,223.454,0.383,3.678,0.615
"2026-07-20 03:35",225.223,233.512,224.196,0.384,3.669,0.619
"2026-07-20 03:40",225.133,233.747,224.15,0.384,3.669,0.618
"2026-07-20 03:45",225.518,233.832,224.195,0.384,3.662,0.618
"2026-07-20 03:50",226.448,234.913,225.148,0.386,3.65,0.622
"2026-07-20 03:55",225.551,234.526,220.42,0.385,3.643,7.423
"2026-07-20 04:00",225.484,233.99,224.263,0.384,3.664,0.614
"2026-07-20 04:05",225.991,234.391,224.851,0.385,3.671,0.618
"2026-07-20 04:10",225.918,234.254,224.695,0.383,3.658,0.618
"2026-07-20 04:15",225.726,234.361,224.703,0.383,3.656,0.619
"2026-07-20 04:20",226.062,234.386,224.639,0.382,3.677,0.62
"2026-07-20 04:25",225.865,234.161,224.621,0.383,3.686,0.621
"2026-07-20 04:30",226.788,235.198,225.521,0.384,3.656,0.625
"2026-07-20 04:35",225.597,234.63,220.22,0.385,3.642,7.757
"2026-07-20 04:40",226.34,235.008,225.334,0.384,3.655,0.618
"2026-07-20 04:45",226.66,235.343,225.703,0.383,3.647,0.622
"2026-07-20 04:50",226.736,235.442,225.657,0.383,3.641,0.623
"2026-07-20 04:55",226.803,235.666,225.947,0.383,3.636,0.624
"2026-07-20 05:00",227.083,235.559,226.014,0.384,3.639,0.626
"2026-07-20 05:05",225.934,234.313,224.641,0.38,3.658,0.624
"2026-07-20 05:10",227.142,235.685,226.187,0.385,3.637,0.626
"2026-07-20 05:15",226.75,235.841,221.413,0.386,3.628,7.744
"2026-07-20 05:20",227.242,235.795,226.345,0.384,3.649,0.621
"2026-07-20 05:25",227.116,235.757,226.3,0.383,3.635,0.625
"2026-07-20 05:30",228.131,235.632,226.746,0.387,3.642,0.626
"2026-07-20 05:35",226.829,234.428,225.877,0.38,3.652,0.628
"2026-07-20 05:40",227.947,235.559,226.805,0.382,3.67,0.632
"2026-07-20 05:45",228.502,236.052,227.276,0.384,3.633,0.633
"2026-07-20 05:50",226.545,232.707,225.598,0.385,3.677,0.626
"2026-07-20 05:55",227.294,233.22,226.382,0.386,3.682,0.627
"2026-07-20 06:00",228.37,234.64,227.6,,,
"2026-07-20 06:05",229.452,236.052,228.82,0.387,3.635,0.632
"2026-07-20 06:10",229.807,236.042,229.262,0.387,3.634,0.635
"2026-07-20 06:15",229.732,235.961,229.158,0.392,2.477,0.636
"2026-07-20 06:20",230.656,236.033,229.852,0.389,4.056,0.64
"2026-07-20 06:25",234.076,235.793,233.564,0.392,3.614,0.655
"2026-07-20 06:30",234.057,234.937,233.086,0.393,3.638,0.654
"2026-07-20 06:35",234.23,234.806,233.183,0.392,3.642,0.656
"2026-07-20 06:40",234.189,235.151,228.614,0.393,3.648,7.884
"2026-07-20 06:45",234.899,235.631,234.088,0.389,3.639,0.655
"2026-07-20 06:50",234.904,235.549,234.059,0.383,3.649,0.661
"2026-07-20 06:55",235.201,235.629,234.176,0.388,3.639,0.665
"2026-07-20 07:00",233.377,234.093,232.465,0.387,3.535,0.662
"2026-07-20 07:05",233.358,234.018,232.596,0.391,3.464,0.665
"2026-07-20 07:10",232.774,233.563,231.991,0.39,3.393,0.666
"2026-07-20 07:15",232.6,233.163,231.736,0.391,3.268,0.668
"2026-07-20 07:20",231.542,232.918,226.388,0.392,3.123,7.948
"2026-07-20 07:25",230.909,232.229,230.494,0.389,2.947,0.659
"2026-07-20 07:30",230.824,231.961,230.142,0.389,2.821,0.663
"2026-07-20 07:35",231.165,232.195,230.453,0.389,2.728,0.666
"2026-07-20 07:40",230.25,231.357,229.809,0.387,2.887,0.663
"2026-07-20 07:45",230.118,231.407,229.424,0.391,2.368,0.66
"2026-07-20 07:50",231.68,234.608,231.198,0.391,2.513,0.668
"2026-07-20 07:55",231.98,235.106,231.496,0.394,2.377,0.671
"2026-07-20 08:00",230.63,234.409,225.734,0.393,1.908,7.728
"2026-07-20 08:05",231.007,233.899,230.334,0.393,2.22,0.662
"2026-07-20 08:10",230.492,233.765,229.531,0.392,1.979,0.661
"2026-07-20 08:15",230.738,234.196,229.828,0.392,1.73,0.664
"2026-07-20 08:20",230.218,233.304,229.352,0.388,1.763,0.661
"2026-07-20 08:25",229.078,233.315,224.022,0.383,1.418,7.978
"2026-07-20 08:30",229.554,232.276,228.659,0.373,2.522,0.65
"2026-07-20 08:35",230.187,233.318,229.424,0.376,2.251,0.652
"2026-07-20 08:40",230.277,232.763,229.269,0.37,2.454,0.652
"2026-07-20 08:45",229.983,233.119,229.339,0.365,1.986,0.652
"2026-07-20 08:50",230.313,233.522,229.751,0.364,2.162,0.653
"2026-07-20 08:55",229.235,232.702,224.245,0.362,2.009,7.905
"2026-07-20 09:00",229.506,232.435,228.712,0.361,1.824,0.645
"2026-07-20 09:05",229.233,232.515,228.878,0.359,0.651,0.649
"2026-07-20 09:10",228.498,232.323,227.699,0.352,0.546,0.649
"2026-07-20 09:15",0,0,0,0,0,0
"2026-07-20 09:20",0,0,0,0,0,0
"2026-07-20 09:25",0,0,0,0,0,0
"2026-07-20 09:30",0,0,0,0,0,0
"2026-07-20 09:35",239.303,235.227,236.455,0.357,2.551,0.675
"2026-07-20 09:40",239.14,237.276,237.244,0.355,0.561,0.686
"2026-07-20 09:45",237.487,235.973,235.964,0.355,1.187,0.685
"2026-07-20 09:50",238.853,238.424,237.054,0.353,0.566,0.691
"2026-07-20 09:55",237.469,236.918,230.313,0.361,1.229,8.083
"2026-07-20 10:00",234.493,233.335,233.173,0.355,1.436,0.674
"2026-07-20 10:05",240.046,238.496,237.985,0.358,1.533,0.69
"2026-07-20 10:10",238.68,238.369,233.093,0.352,0.681,8.254
"2026-07-20 10:15",236.906,236.054,235.386,0.347,0.57,0.677
"2026-07-20 10:20",240.635,238.723,238.758,0.359,1.473,0.69
"2026-07-20 10:25",239.179,238.06,238.17,0.354,1.606,0.689
"2026-07-20 10:30",236.359,235.07,234.516,0.349,1.583,0.678
"2026-07-20 10:35",237.352,235.637,230.837,0.352,2.156,8.058
"2026-07-20 10:40",237.797,235.568,235.422,0.347,2.33,0.669
"2026-07-20 10:45",240.305,237.846,238.005,0.351,2.147,0.675
"2026-07-20 10:50",239.112,237.186,237.216,0.348,2.125,0.684
"2026-07-20 10:55",236.613,235.222,235.318,0.345,2.097,0.676
"2026-07-20 11:00",236.706,233.289,233.739,0.341,2.126,0.67
"2026-07-20 11:05",237.34,235.334,230.954,0.347,1.967,8.049
"2026-07-20 11:10",236.392,232.562,233.091,0.344,1.93,0.666
"2026-07-20 11:15",239.577,237.788,238.659,0.348,1.875,0.687
"2026-07-20 11:20",237.912,235.865,236.433,0.348,1.856,0.682
"2026-07-20 11:25",238.442,236.506,235.937,0.346,1.921,0.682
"2026-07-20 11:30",239.898,237.713,232.34,0.352,1.921,8.288
"2026-07-20 11:35",235.865,234.222,234.316,0.344,2.015,0.672
"2026-07-20 11:40",237.319,235.566,234.266,0.354,1.16,0.671
"2026-07-20 11:45",240.989,236.987,237.507,0.348,2.129,0.685
"2026-07-20 11:50",238.976,236.647,236.172,0.348,1.952,0.682
"2026-07-20 11:55",239.499,237.594,232.314,0.363,1.438,8.243
"2026-07-20 12:00",239.08,238.49,234.81,,,
"2026-07-20 12:05",238.656,239.396,237.303,0.354,1.36,0.68
"2026-07-20 12:10",238.116,239.393,232.218,0.354,1.077,8.133
"2026-07-20 12:15",237.552,237.38,235.639,0.357,1.194,0.674
"2026-07-20 12:20",238.662,236.851,235.508,0.359,1.361,0.676
"2026-07-20 12:25",238.864,237.311,236.674,0.353,1.01,0.682
"2026-07-20 12:30",240.202,238.602,237.27,0.356,1.216,0.685
"2026-07-20 12:35",240.295,238.901,237.954,0.359,1.008,0.686
"2026-07-20 12:40",238.993,237.976,231.183,0.356,1.076,8.105
"2026-07-20 12:45",239.217,238.303,238.024,0.36,1.188,0.684
"2026-07-20 12:50",238.909,238.05,236.467,0.346,0.564,0.679
"2026-07-20 12:55",239.292,238.752,232.081,0.347,0.562,8.172
"2026-07-20 13:00",238.515,237.745,235.767,0.345,0.565,0.676
"2026-07-20 13:05",237.88,236.61,235.684,0.341,0.56,0.679
"2026-07-20 13:10",239.019,238.769,233.507,0.346,0.561,8.288
"2026-07-20 13:15",238.302,237.715,237.721,0.345,0.566,0.686
"2026-07-20 13:20",240.099,238.405,238.898,0.347,0.568,0.691
"2026-07-20 13:25",237.624,236.536,231.974,0.352,1.562,8.295
"2026-07-20 13:30",238.932,238.725,237.67,0.343,0.563,0.684
"2026-07-20 13:35",240.244,239.843,238.888,0.351,0.959,0.692
"2026-07-20 13:40",237.09,237.035,230.84,0.35,1.689,8.329
"2026-07-20 13:45",238.214,238.41,238.827,0.351,1.159,0.687
"2026-07-20 13:50",239.446,239.989,239.371,0.342,0.58,0.694
"2026-07-20 13:55",240.047,238.597,238.987,0.342,0.566,0.692
"2026-07-20 14:00",235.026,233.886,230.168,0.338,0.727,8.145
"2026-07-20 14:05",235.071,235.095,233.346,0.332,0.551,0.672
"2026-07-20 14:10",240.566,239.47,232.532,0.345,0.696,8.148
"2026-07-20 14:15",238.932,237.958,236.673,0.343,0.563,0.678
"2026-07-20 14:20",236.4,233.263,233.157,0.342,1.844,0.665
"2026-07-20 14:25",237.671,234.219,233.813,0.346,1.519,0.669
"2026-07-20 14:30",236.406,234.211,228.397,0.338,0.546,8.294
"2026-07-20 14:35",239.107,236.655,235.992,0.337,0.552,0.674
"2026-07-20 14:40",238.324,236.534,235.232,0.337,0.554,0.677
"2026-07-20 14:45",233.762,231.447,225.182,0.327,0.537,8.114
"2026-07-20 14:50",237.524,234.312,233.486,0.335,0.547,0.662
"2026-07-20 14:55",236.036,233.048,233.106,0.336,1.884,0.663
"2026-07-20 15:00",235.726,235.385,229.487,0.337,0.558,8.346
"2026-07-20 15:05",236.835,234.672,233.504,0.335,0.563,0.663
"2026-07-20 15:10",235.116,232.209,231.303,0.327,0.7,0.665
"2026-07-20 15:15",239.572,237.41,231.579,0.35,0.923,8.174
"2026-07-20 15:20",238.631,235.571,236.326,0.34,2.279,0.673
"2026-07-20 15:25",239.723,236.932,236.903,0.345,1.562,0.678
"2026-07-20 15:30",236.404,234.585,229.322,0.341,1.117,8.083
"2026-07-20 15:35",235.914,232.06,231.772,0.331,2.384,0.654
"2026-07-20 15:40",238.867,236.6,236.622,0.34,2.294,0.677
"2026-07-20 15:45",237.844,235.18,235.014,0.329,2.542,0.671
"2026-07-20 15:50",233.21,229.689,224.401,0.324,2.439,8.002
"2026-07-20 15:55",239.016,236.069,235.813,0.341,0.849,0.671
"2026-07-20 16:00",239.452,237.406,236.916,0.342,2.235,0.679
"2026-07-20 16:05",239.067,238.43,233.071,0.339,2.298,8.174
"2026-07-20 16:10",236.554,235.828,235.303,0.337,2.525,0.668
"2026-07-20 16:15",235.122,233.521,234.231,0.331,2.537,0.666
"2026-07-20 16:20",236.64,234.126,234.178,0.333,2.818,0.666
"2026-07-20 16:25",239.19,236.811,237.142,0.338,2.858,0.68
"2026-07-20 16:30",238.807,236.777,236.933,0.338,3.107,0.68
"2026-07-20 16:35",240.584,238.556,239.182,0.341,3.153,0.689
"2026-07-20 16:40",236.609,236.279,231.259,0.334,3.132,8.097
"2026-07-20 16:45",239.266,238.378,238.406,0.338,3.036,0.679
"2026-07-20 16:50",237.012,235.035,235.445,0.339,3.095,0.669
"2026-07-20 16:55",237.671,236.967,232.205,0.337,3.092,8.255
"2026-07-20 17:00",242.827,241.71,240.426,0.36,3.173,0.682
"2026-07-20 17:05",240.674,238.702,239.59,0.342,3.18,0.683
"2026-07-20 17:10",239.999,238.055,233.517,0.343,3.132,8.201
"2026-07-20 17:15",240.019,238.744,239.115,0.342,3.152,0.677
"2026-07-20 17:20",238.657,237.487,237.661,0.336,3.169,0.675
"2026-07-20 17:25",240.788,239.079,240.023,0.343,3.144,0.687
"2026-07-20 17:30",238.232,236.354,234.867,0.337,3.208,0.671
"2026-07-20 17:35",241.935,240.176,240.114,0.345,3.289,0.689
"2026-07-20 17:40",237.555,235.588,236.988,0.336,3.392,0.677
"2026-07-20 17:45",235.479,234.448,229.635,0.336,3.505,8.11
"2026-07-20 17:50",238.241,236.659,237.555,0.342,3.523,0.67
"2026-07-20 17:55",239.147,234.243,236.371,0.336,3.585,0.67
"2026-07-20 18:00",238.678,235.549,236.278,0.335,3.651,0.67
"2026-07-20 18:05",236.25,235.05,233.87,,,
"2026-07-20 18:10",233.81,234.54,231.46,,,
"2026-07-20 18:15",231.378,234.037,229.056,0.327,3.665,8.207
"2026-07-20 18:20",239.509,234.679,237.025,0.336,3.655,0.669
"2026-07-20 18:25",236.901,234.432,236.766,0.335,3.65,0.67
"2026-07-20 18:30",240.133,236.749,237.53,0.338,3.637,0.673
"2026-07-20 18:35",238.281,234.813,236.036,0.335,3.651,0.669
"2026-07-20 18:40",236.729,234.342,235.652,0.333,3.661,0.668
"2026-07-20 18:45",236.087,233.969,230.268,0.334,3.656,7.975
"2026-07-20 18:50",238.319,235.726,237.092,0.337,3.654,0.668
"2026-07-20 18:55",235.97,232.437,233.949,0.332,3.682,0.66
"2026-07-20 19:00",239.71,234.034,234.961,0.341,3.671,0.664
"2026-07-20 19:05",237.535,231.939,232.25,0.336,3.694,0.655
"2026-07-20 19:10",235.855,230.12,230.177,0.335,3.724,0.646
"2026-07-20 19:15",233.668,228.626,223.78,0.335,3.721,8.007
"2026-07-20 19:20",232.749,226.542,226.417,0.335,3.769,0.625
"2026-07-20 19:25",233.011,227.109,226.976,0.335,3.785,0.629
"2026-07-20 19:30",231.929,225.864,225.778,0.334,3.785,0.626
"2026-07-20 19:35",233.674,227.397,227.355,0.336,3.76,0.632
"2026-07-20 19:40",233.572,227.812,227.334,0.335,3.761,0.632
"2026-07-20 19:45",230.24,225.261,219.993,0.331,3.785,7.758
"2026-07-20 19:50",232.554,227.679,227.203,0.337,3.755,0.622
"2026-07-20 19:55",233.874,228.946,228.955,0.339,3.747,0.633
"2026-07-20 20:00",231.495,225.617,226.015,0.335,3.783,0.622
"2026-07-20 20:05",0,0,0,0,0,0
"2026-07-20 20:10",0,0,0,0,0,0
"2026-07-20 20:15",224.25,230.481,220.249,0.326,3.709,0.608
"2026-07-20 20:20",221.458,228.489,213.455,0.323,3.714,7.758
"2026-07-20 20:25",221.66,227.818,217.681,0.324,3.825,0.587
"2026-07-20 20:30",222.138,227.688,217.095,0.324,3.718,0.589
"2026-07-20 20:35",222.325,227.741,217.262,0.325,3.744,0.59
"2026-07-20 20:40",222.728,228.46,217.986,0.324,3.742,0.594
"2026-07-20 20:45",222.491,228.135,217.351,0.325,3.745,0.592
"2026-07-20 20:50",221.94,227.537,216.879,0.325,3.756,0.59
"2026-07-20 20:55",221.627,227.693,212.858,0.326,3.746,7.467
"2026-07-20 21:00",221.358,226.941,216.545,0.325,3.756,0.579
"2026-07-20 21:05",224.761,229.823,219.271,0.327,3.718,0.594
"2026-07-20 21:10",223.884,228.792,218.368,0.326,3.734,0.592
"2026-07-20 21:15",224.7,229.462,218.552,0.327,3.724,0.594
"2026-07-20 21:20",224.562,229.43,218.44,0.326,3.727,0.595
"2026-07-20 21:25",224.123,229.109,218.313,0.327,3.733,0.595
"2026-07-20 21:30",224.855,230.073,219.103,0.326,3.746,0.598
"2026-07-20 21:35",223.805,229.58,214.088,0.326,3.714,7.464
"2026-07-20 21:40",224.557,229.452,218.913,0.326,3.725,0.592
"2026-07-20 21:45",224.118,229.198,218.007,0.326,3.724,0.591
"2026-07-20 21:50",223.71,228.587,217.703,0.326,3.732,0.591
"2026-07-20 21:55",222.657,227.901,216.735,0.324,3.745,0.588
"2026-07-20 22:00",222.652,227.317,216.349,0.325,3.775,0.587
"2026-07-20 22:05",222.5,227.319,216.089,0.324,3.753,0.586
"2026-07-20 22:10",221.683,226.888,211.629,0.326,3.76,7.719
"2026-07-20 22:15",222.492,227.122,216.371,0.324,3.755,0.579
"2026-07-20 22:20",222.016,227.348,216.599,0.325,3.755,0.581
"2026-07-20 22:25",221.807,226.962,216.311,0.322,3.783,0.584
"2026-07-20 22:30",221.364,226.424,215.995,0.323,3.797,0.583
"2026-07-20 22:35",223.642,227.673,217.121,0.325,3.746,0.589
"2026-07-20 22:40",224.338,228.626,217.682,0.326,3.749,0.592
"2026-07-20 22:45",224.446,228.561,217.665,0.325,3.75,0.592
"2026-07-20 22:50",224.256,229.121,213.835,0.326,3.719,7.34
"2026-07-20 22:55",225.688,230.094,219.396,0.326,3.719,0.592
"2026-07-20 23:00",225.584,230.054,218.96,0.326,3.718,0.595
"2026-07-20 23:05",225.628,229.869,218.983,0.326,3.725,0.596
"2026-07-20 23:10",225.744,229.993,219.468,0.326,3.708,0.599
"2026-07-20 23:15",225.398,229.867,218.992,0.326,3.719,0.599
"2026-07-20 23:20",225.676,230.235,219.406,0.325,3.717,0.601
"2026-07-20 23:25",225.65,230.084,219.133,0.326,3.745,0.599
"2026-07-20 23:30",225.313,230.146,214.911,0.327,3.734,7.326
"2026-07-20 23:35",226.451,230.822,219.769,0.327,3.702,0.596
"2026-07-20 23:40",226.542,231.073,219.783,0.327,3.706,0.598
"2026-07-20 23:45",226.915,231.397,220.368,0.327,3.698,0.602
"2026-07-20 23:50",227.268,231.837,220.99,0.328,3.691,0.606
"2026-07-20 23:55",226.079,231.43,221.015,0.326,3.706,0.607
"2026-07-21 00:00",226.46,231.8,221.37,,,
"2026-07-21 00:05",226.848,232.168,221.727,0.329,3.727,0.61
"2026-07-21 00:10",226.49,232.471,217.253,0.329,3.703,7.654
"2026-07-21 00:15",227.149,233.33,222.988,0.329,3.668,0.608
"2026-07-21 00:20",226.778,233.119,222.62,0.329,3.674,0.609
"2026-07-21 00:25",226.478,233.386,223.369,0.329,3.675,0.614
"2026-07-21 00:30",222.977,230.49,221.001,0.327,3.707,0.606
"2026-07-21 00:35",222.85,230.073,220.804,0.327,3.732,0.606
"2026-07-21 00:40",222.831,230.134,220.584,0.327,3.718,0.605
"2026-07-21 00:45",223.21,230.481,220.987,0.327,3.712,0.607
"2026-07-21 00:50",222.722,230.742,216.661,0.327,3.692,7.48
"2026-07-21 00:55",223.968,231.432,222.112,0.328,3.699,0.604
"2026-07-21 01:00",224.311,231.731,222.124,0.329,3.698,0.606
"2026-07-21 01:05",224.405,231.723,222.37,0.329,3.715,0.608
"2026-07-21 01:10",224.419,231.9,222.431,0.329,3.685,0.609
"2026-07-21 01:15",224.496,231.585,222.417,0.329,3.693,0.61
"2026-07-21 01:20",224.771,232.108,222.668,0.33,3.689,0.611
"2026-07-21 01:25",225.761,232.898,223.576,0.331,3.681,0.615
"2026-07-21 01:30",225.407,233.292,219.032,0.331,3.663,7.652
"2026-07-21 01:35",226.02,233.348,223.97,0.331,3.671,0.609
"2026-07-21 01:40",226.228,233.858,224.105,0.33,3.664,0.614
"2026-07-21 01:45",226.85,234.169,224.856,0.332,3.66,0.617
"2026-07-21 01:50",226.877,234.551,224.802,0.332,3.664,0.618
"2026-07-21 01:55",226.641,233.931,224.644,0.328,3.661,0.622
"2026-07-21 02:00",226.572,233.799,224.376,0.331,3.667,0.618
"2026-07-21 02:05",226.492,233.83,224.236,0.331,3.665,0.618
"2026-07-21 02:10",225.68,233.402,219.487,0.331,3.684,7.146
"2026-07-21 02:15",226.408,233.825,224.231,0.33,3.664,0.615
"2026-07-21 02:20",226.678,234.108,224.423,0.331,3.656,0.616
"2026-07-21 02:25",225.868,233.12,223.496,0.33,3.67,0.615
"2026-07-21 02:30",226.235,233.86,224.124,0.331,3.66,0.619
"2026-07-21 02:35",225.929,233.339,223.464,0.33,3.671,0.618
"2026-07-21 02:40",225.82,233.262,223.548,0.331,3.671,0.618
"2026-07-21 02:45",225.982,233.426,223.644,0.331,3.664,0.619
"2026-07-21 02:50",226.436,234.027,224.05,0.331,3.655,0.621
"2026-07-21 02:55",226.111,233.991,219.537,0.332,3.651,7.641
"2026-07-21 03:00",227.012,234.258,224.531,0.332,3.66,0.615
"2026-07-21 03:05",227.568,235.267,225.45,0.332,3.651,0.621
"2026-07-21 03:10",227.049,235.277,225.986,0.331,3.644,0.624
"2026-07-21 03:15",224.723,232.649,224.251,0.33,3.668,0.618
"2026-07-21 03:20",224.553,232.856,224.619,0.328,3.674,0.621
"2026-07-21 03:25",224.506,232.367,224.196,0.327,3.679,0.621
"2026-07-21 03:30",224.974,233.085,224.827,0.327,3.671,0.622
"2026-07-21 03:35",224.649,233.033,220.352,0.327,3.665,7.489
"2026-07-21 03:40",224.552,232.292,224.433,0.326,3.684,0.612
"2026-07-21 03:45",224.401,232.415,224.146,0.326,3.682,0.616
"2026-07-21 03:50",224.807,232.807,224.568,0.327,3.671,0.618
"2026-07-21 03:55",222.669,230.083,222.428,0.321,3.72,0.614
"2026-07-21 04:00",224.2,231.899,224.019,0.327,3.687,0.618
"2026-07-21 04:05",224.406,232.222,223.982,0.328,3.688,0.619
"2026-07-21 04:10",224.315,232.096,223.856,0.327,3.719,0.619
"2026-07-21 04:15",224.791,232.703,224.284,0.328,3.707,0.62
"2026-07-21 04:20",224.81,233.314,220.265,0.329,3.657,7.447
"2026-07-21 04:25",225.669,233.448,224.831,0.329,3.664,0.617
"2026-07-21 04:30",225.595,233.434,225.189,0.328,3.674,0.621
"2026-07-21 04:35",225.611,233.425,225.109,0.328,3.669,0.622
"2026-07-21 04:40",225.546,233.381,225.227,0.329,3.668,0.623
"2026-07-21 04:45",225.969,233.769,225.432,0.328,3.661,0.625
"2026-07-21 04:50",226.311,234.282,225.868,0.328,3.661,0.627
"2026-07-21 04:55",224.966,232.873,224.53,0.327,3.678,0.622
"2026-07-21 05:00",224.655,233.068,220.157,0.329,3.672,7.398
"2026-07-21 05:05",224.587,232.433,223.886,0.327,3.705,0.607
"2026-07-21 05:10",224.218,232.225,223.822,0.325,3.686,0.617
"2026-07-21 05:15",225.659,233.588,225.088,0.329,3.671,0.621
"2026-07-21 05:20",225.792,233.732,225.167,0.329,3.667,0.623
"2026-07-21 05:25",225.541,233.436,224.964,0.329,3.668,0.624
"2026-07-21 05:30",225.515,233.329,224.994,0.33,3.679,0.625
"2026-07-21 05:35",224.64,232.422,224.181,0.325,3.693,0.626
"2026-07-21 05:40",227.618,235.486,227.34,0.332,3.642,0.635
"2026-07-21 05:45",224.867,233.571,220.365,0.331,3.655,7.349
"2026-07-21 05:50",224.822,232.919,224.366,0.33,3.688,0.618
"2026-07-21 05:55",223.764,231.8,223.267,0.329,3.688,0.615
"2026-07-21 06:00",225.29,233.44,224.98,,,
"2026-07-21 06:05",226.813,235.072,226.694,0.333,3.65,0.633
"2026-07-21 06:10",226.644,235.038,226.912,0.332,3.642,0.635
"2026-07-21 06:15",228.123,235.942,227.641,0.334,3.64,0.637
"2026-07-21 06:20",228.415,234.72,227.624,0.333,3.658,0.637
"2026-07-21 06:25",232.334,234.826,227.369,0.341,3.318,7.743
"2026-07-21 06:30",233.198,235.162,232.547,0.341,3.639,0.65
"2026-07-21 06:35",231.88,233.597,231.154,0.34,3.662,0.649
"2026-07-21 06:40",230.662,232.357,230.004,0.337,3.675,0.646
"2026-07-21 06:45",230.743,232.52,230.069,0.337,3.713,0.647
"2026-07-21 06:50",230.578,232.365,230.105,0.336,3.717,0.647
"2026-07-21 06:55",231.299,233.083,230.654,0.336,3.673,0.651
"2026-07-21 07:00",231.104,232.849,230.522,0.336,3.679,0.65
"2026-07-21 07:05",230.646,232.952,225.496,0.337,3.667,7.844
"2026-07-21 07:10",231.263,232.927,230.647,0.336,3.678,0.644
"2026-07-21 07:15",231.328,232.776,230.996,0.336,4.172,0.649
"2026-07-21 07:20",230.9,232.67,230.393,0.336,3.426,0.649
"2026-07-21 07:25",231.429,233.31,230.8,0.337,3.431,0.651
"2026-07-21 07:30",231.096,233.097,230.823,0.337,3.241,0.653
"2026-07-21 07:35",230.646,231.92,229.026,0.337,3.213,0.647
"2026-07-21 07:40",231.528,232.359,229.638,0.338,3.203,0.65
"2026-07-21 07:45",231.138,232.96,225.03,0.339,3.258,7.87
"2026-07-21 07:50",231.014,232.537,229.273,0.339,2.971,0.641
"2026-07-21 07:55",230.049,231.645,228.467,0.336,2.989,0.642
"2026-07-21 08:00",230.393,232.034,228.917,0.336,3.011,0.645
"2026-07-21 08:05",229.59,231.135,228.137,0.336,2.788,0.643
"2026-07-21 08:10",229.172,231.6,228.369,0.337,2.234,0.648
"2026-07-21 08:15",228.661,230.997,227.611,0.338,1.994,0.645
"2026-07-21 08:20",228.949,232.272,228.313,0.34,1.955,0.65
"2026-07-21 08:25",228.527,232.142,223.582,0.335,2.611,7.803
"2026-07-21 08:30",229.154,232.693,228.499,0.34,2.075,0.642
"2026-07-21 08:35",228.612,231.724,227.906,0.337,2.424,0.642
"2026-07-21 08:40",229.108,231.837,227.494,0.336,2.194,0.64
"2026-07-21 08:45",231.341,233.661,229.915,0.336,2.847,0.651
"2026-07-21 08:50",230.791,233.47,229.094,0.343,1.842,0.648
"2026-07-21 08:55",230.009,232.869,223.549,0.338,2.275,7.835
"2026-07-21 09:00",230.211,233.481,228.757,0.336,0.969,0.646
"2026-07-21 09:05",230.105,233.075,228.451,0.338,1.068,0.65
"2026-07-21 09:10",231.121,233.918,229.461,0.341,1.519,0.655
"2026-07-21 09:15",230.948,233.242,229.443,0.335,2.7,0.652
"2026-07-21 09:20",231.067,233.04,229.08,0.334,2.809,0.65
"2026-07-21 09:25",230.1,232.743,223.749,0.334,2.467,7.604
"2026-07-21 09:30",230.397,232.981,228.319,0.338,1.93,0.636
"2026-07-21 09:35",229.967,233.259,228.504,0.342,1.303,0.638
"2026-07-21 09:40",231.389,234.01,229.673,0.34,1.676,0.646
"2026-07-21 09:45",230.896,233.765,229.004,0.335,2.119,0.646
"2026-07-21 09:50",230.601,232.935,228.255,0.334,2.172,0.643
"2026-07-21 09:55",229.722,232.164,228.231,0.333,2.243,0.645
"2026-07-21 10:00",229.641,232.747,223.196,0.334,2.218,7.798
"2026-07-21 10:05",230.868,233.268,228.432,0.336,1.921,0.641
"2026-07-21 10:10",230.907,233.617,228.788,0.337,2.016,0.644
"2026-07-21 10:15",231.514,234.087,229.358,0.337,1.897,0.649
"2026-07-21 10:20",231.315,234.122,229.213,0.338,1.865,0.649
"2026-07-21 10:25",230.791,233.62,228.908,0.338,1.786,0.649
"2026-07-21 10:30",230.013,233.205,223.579,0.336,1.488,7.835
"2026-07-21 10:35",229.967,233.162,228.276,0.335,1.57,0.642
"2026-07-21 10:40",230.612,233.262,228.812,0.336,1.805,0.647
"2026-07-21 10:45",229.82,232.842,223.404,0.333,2.012,7.916
"2026-07-21 10:50",230.498,233.17,228.559,0.334,1.939,0.641
"2026-07-21 10:55",230.513,233.403,228.73,0.335,1.784,0.645
"2026-07-21 11:00",229.46,232.8,228.1,0.332,1.701,0.646
"2026-07-21 11:05",229.8,232.232,227.454,0.33,1.601,0.646
"2026-07-21 11:10",230.42,233.117,227.997,0.332,1.763,0.65
"2026-07-21 11:15",230.459,233.218,228.514,0.327,1.998,0.654
"2026-07-21 11:20",229.448,233.167,223.073,0.331,1.956,7.815
"2026-07-21 11:25",230.2,232.915,228.111,0.333,1.888,0.646
"2026-07-21 11:30",230.484,233.382,228.123,0.335,1.702,0.647
"2026-07-21 11:35",230.143,233.403,228.121,0.333,1.49,0.648
"2026-07-21 11:40",230.835,234.147,228.794,0.336,1.439,0.653
"2026-07-21 11:45",229.016,232.718,222.797,0.337,1.388,8.121
"2026-07-21 11:50",229.752,232.8,227.906,0.333,1.674,0.647
"2026-07-21 11:55",229.302,232.598,227.513,0.332,1.558,0.645
"2026-07-21 12:00",230.31,233.38,228.43,,,
"2026-07-21 12:05",231.309,234.171,229.338,0.336,1.602,0.648
"2026-07-21 12:10",231.55,234.623,229.601,0.338,1.591,0.65
"2026-07-21 12:15",231.491,234.68,229.632,0.336,1.477,0.653
"2026-07-21 12:20",230.969,234.215,229.435,0.335,1.485,0.654
"2026-07-21 12:25",230.797,233.325,228.8,0.337,1.379,0.653
"2026-07-21 12:30",229.688,233.22,223.469,0.338,1.385,7.95
"2026-07-21 12:35",231.288,234.23,229.429,0.337,1.235,0.647
"2026-07-21 12:40",230.915,233.91,228.293,0.334,1.094,0.649
"2026-07-21 12:45",230.794,233.621,229.145,0.338,1.267,0.653
"2026-07-21 12:50",230.241,233.445,228.302,0.336,1.38,0.651
"2026-07-21 12:55",230.095,232.764,228.23,0.334,1.66,0.652
"2026-07-21 13:00",230.262,233.514,224.056,0.335,1.436,8.023
"2026-07-21 13:05",230.373,233.751,229.031,0.337,1.356,0.65
"2026-07-21 13:10",229.769,232.347,227.873,0.333,1.777,0.647
"2026-07-21 13:15",229.037,232.213,222.957,0.332,1.84,7.789
"2026-07-21 13:20",229.687,232.7,228.218,0.333,1.81,0.641
"2026-07-21 13:25",230.123,233.141,228.382,0.334,1.687,0.647
"2026-07-21 13:30",227.946,231.659,226.434,0.329,1.478,0.642
"2026-07-21 13:35",228.573,231.908,226.844,0.336,1.287,0.644
"2026-07-21 13:40",228.999,232.816,222.868,0.335,1.101,8.104
"2026-07-21 13:45",229.604,232.635,227.478,0.329,0.636,0.641
"2026-07-21 13:50",229.711,233.387,227.989,0.327,0.545,0.645
"2026-07-21 13:55",228.903,233.171,222.895,0.328,0.541,7.787
"2026-07-21 14:00",228.551,232.063,226.58,0.325,0.543,0.636
"2026-07-21 14:05",227.839,230.861,225.586,0.329,1.414,0.638
"2026-07-21 14:10",227.709,233.334,226.302,0.328,2.678,0.64
"2026-07-21 14:15",227.433,232.785,226.071,0.333,1.358,0.641
"2026-07-21 14:20",227.07,232.067,225.267,0.328,0.995,0.641
"2026-07-21 14:25",226.116,232.266,220.568,0.333,1.216,7.806
"2026-07-21 14:30",225.334,230.96,224.101,0.328,1.299,0.632
"2026-07-21 14:35",227.976,233.134,226.12,0.33,1.434,0.639
"2026-07-21 14:40",228.843,234.646,223.404,0.335,1.609,7.826
"2026-07-21 14:45",229.586,234.578,228.456,0.332,1.912,0.645
"2026-07-21 14:50",228.953,234.076,227.691,0.326,2.077,0.646
"2026-07-21 14:55",229.779,234.734,228.712,0.329,2.147,0.649
"2026-07-21 15:00",230.257,235.382,229.554,0.329,2.235,0.653
"2026-07-21 15:05",229.264,234.698,223.673,0.326,2.16,8.089
"2026-07-21 15:10",229.643,234.876,224.048,0.329,2.206,7.743
"2026-07-21 15:15",229.124,233.762,228.004,0.328,2.147,0.644
"2026-07-21 15:20",228.766,234.144,227.948,0.327,2.267,0.646
"2026-07-21 15:25",229.474,234.669,228.703,0.329,2.245,0.648
"2026-07-21 15:30",229.236,234.351,228.327,0.33,2.26,0.647
"2026-07-21 15:35",228.985,233.743,227.791,0.327,2.426,0.648
"2026-07-21 15:40",229.151,234.853,223.951,0.329,2.631,7.839
"2026-07-21 15:45",229.854,235.13,229.109,0.329,2.667,0.645
"2026-07-21 15:50",229.236,234.532,228.777,0.328,2.783,0.646
"2026-07-21 15:55",229.254,234.304,228.853,0.327,2.862,0.648
"2026-07-21 16:00",229.848,234.895,229.305,0.326,2.851,0.652
"2026-07-21 16:05",230.531,235.893,225.38,0.33,2.848,7.903
"2026-07-21 16:10",231.183,235.362,225.448,0.329,2.59,7.817
"2026-07-21 16:15",231.524,235.225,230.364,0.328,2.562,0.644
"2026-07-21 16:20",232.128,235.871,230.942,0.329,2.651,0.655
"2026-07-21 16:25",231.259,235.596,225.949,0.328,2.635,7.637
"2026-07-21 16:30",231.921,235.562,231.055,0.328,2.794,0.655
"2026-07-21 16:35",231.786,235.993,230.757,0.326,2.71,0.652
"2026-07-21 16:40",230.52,234.138,229.433,0.321,2.672,0.652
"2026-07-21 16:45",231.727,235.142,230.766,0.33,2.696,0.654
"2026-07-21 16:50",231.557,234.788,230.736,0.33,2.81,0.655
"2026-07-21 16:55",230.209,234.37,225.101,0.329,2.834,8.029
"2026-07-21 17:00",231.14,234.568,230.441,0.328,2.773,0.648
"2026-07-21 17:05",230.316,234.025,229.928,0.327,2.867,0.648
"2026-07-21 17:10",230.577,233.914,229.9,0.324,2.869,0.652
"2026-07-21 17:15",232.391,235.619,231.513,0.33,2.85,0.656
"2026-07-21 17:20",232.001,235.879,226.815,0.33,3.033,7.997
"2026-07-21 17:25",229.681,233.412,224.728,0.329,3.201,7.83
"2026-07-21 17:30",231.421,234.224,230.592,0.329,3.3,0.647
"2026-07-21 17:35",231.53,234.43,230.817,0.33,3.37,0.648
"2026-07-21 17:40",231.465,234.399,230.478,0.33,3.414,0.651
"2026-07-21 17:45",231.76,234.57,230.83,,,
"2026-07-21 17:50",232.058,234.749,231.183,0.33,3.484,0.656
"2026-07-21 17:55",233.025,235.999,232.772,0.331,3.62,0.657
"2026-07-21 18:00",226.482,232.36,224.564,0.319,3.676,0.626
"2026-07-21 18:05",227.475,233.382,225.64,0.32,3.676,0.633
"2026-07-21 18:10",227.6,233.64,225.78,,,
"2026-07-21 18:15",227.72,233.91,225.92,,,
"2026-07-21 18:20",227.848,234.17,226.057,0.325,3.674,0.633
"2026-07-21 18:25",228.555,235.091,222.485,0.326,3.682,7.741
"2026-07-21 18:30",226.439,232.073,224.41,0.323,3.733,0.617
"2026-07-21 18:35",225.349,231.451,223.425,0.322,3.707,0.617
"2026-07-21 18:40",226.846,233.565,224.894,0.324,3.668,0.625
"2026-07-21 18:45",226.375,233.47,224.773,0.326,3.679,0.623
"2026-07-21 18:50",225.261,231.93,223.483,0.326,3.703,0.619
"2026-07-21 18:55",223.711,231.01,217.755,0.325,3.705,7.563
"2026-07-21 19:00",221.263,229.102,219.698,0.322,3.736,0.597
"2026-07-21 19:05",224.765,232.113,222.4,0.325,3.713,0.611
"2026-07-21 19:10",224.326,231.495,221.667,0.325,3.702,0.609
"2026-07-21 19:15",224.567,231.482,221.686,0.326,3.706,0.61
"2026-07-21 19:20",225.456,232.531,222.856,0.326,3.693,0.616
"2026-07-21 19:25",224.254,231.635,217.357,0.326,3.692,7.664
"2026-07-21 19:30",223.982,231.109,221.258,0.327,3.703,0.601
"2026-07-21 19:35",223.616,230.742,220.864,0.326,3.723,0.602
"2026-07-21 19:40",223.268,230.266,220.398,0.327,3.719,0.601
"2026-07-21 19:45",222.386,229.398,219.587,0.325,3.731,0.599
"2026-07-21 19:50",224.03,231.367,221.388,0.33,3.71,0.604
"2026-07-21 19:55",223.216,231.161,216.836,0.328,3.698,7.456
"2026-07-21 20:00",224.727,232.41,222.368,0.328,3.684,0.599
"2026-07-21 20:05",225.215,232.792,222.961,0.328,3.681,0.606
"2026-07-21 20:10",225.442,233.176,223.254,0.328,3.696,0.608
"2026-07-21 20:15",224.835,232.422,222.538,0.327,3.685,0.607
"2026-07-21 20:20",223.887,231.319,221.327,0.326,3.707,0.603
"2026-07-21 20:25",223.674,231.185,220.858,0.325,3.702,0.602
"2026-07-21 20:30",222.572,230.442,215.866,0.325,3.712,7.841
"2026-07-21 20:35",222.732,230.306,220.189,0.324,3.716,0.593
"2026-07-21 20:40",222.5,229.938,219.683,0.324,3.724,0.594
"2026-07-21 20:45",222.425,230.014,220.143,0.325,3.711,0.597
"2026-07-21 20:50",222.614,230.316,220.464,0.325,3.732,0.599
"2026-07-21 20:55",222.371,230.258,219.872,0.324,3.722,0.598
"2026-07-21 21:00",221.411,229.437,219.192,0.323,3.729,0.595
"2026-07-21 21:05",221.054,228.771,213.752,0.323,3.726,7.724
"2026-07-21 21:10",222.002,229.062,218.337,0.322,3.731,0.585
"2026-07-21 21:15",222.242,229.019,218.387,0.323,3.742,0.589
"2026-07-21 21:20",221.698,228.725,218.076,0.323,3.761,0.589
"2026-07-21 21:25",222.478,229.306,218.761,0.324,3.728,0.593
"2026-07-21 21:30",222.579,229.434,218.79,0.323,3.725,0.594
"2026-07-21 21:35",222.875,229.73,218.942,0.324,3.721,0.595
"2026-07-21 21:40",221.744,229.137,214.075,0.323,3.725,7.48
"2026-07-21 21:45",222.085,228.993,218.469,0.323,3.73,0.585
"2026-07-21 21:50",222.098,229.18,218.603,0.323,3.733,0.589
"2026-07-21 21:55",222.778,229.925,219.418,0.323,3.739,0.594
"2026-07-21 22:00",222.092,228.853,218.379,0.323,3.736,0.592
"2026-07-21 22:05",221.831,227.762,216.849,0.323,3.774,0.587
"2026-07-21 22:10",221.598,227.549,216.698,0.322,3.79,0.587
"2026-07-21 22:15",221.601,227.084,216.674,0.321,3.797,0.587
"2026-07-21 22:20",221.206,227.563,212.388,0.321,3.78,7.501
"2026-07-21 22:25",221.793,227.284,216.833,0.322,3.755,0.582
"2026-07-21 22:30",221.59,227.286,216.339,0.32,3.757,0.582
"2026-07-21 22:35",221.302,226.384,215.977,0.321,3.769,0.582
"2026-07-21 22:40",224.544,229.433,218.564,0.322,3.726,0.594
"2026-07-21 22:45",225.071,230.187,219.154,0.324,3.714,0.598
"2026-07-21 22:50",225.358,230.3,219.286,0.325,3.722,0.599
"2026-07-21 22:55",224.919,230.45,215.117,0.325,3.712,7.645
"2026-07-21 23:00",224.638,229.731,219.021,0.321,3.723,0.592
"2026-07-21 23:05",225.114,230.203,219.06,0.323,3.737,0.595
"2026-07-21 23:10",224.577,229.566,218.756,0.323,3.715,0.595
"2026-07-21 23:15",224.537,229.412,218.438,0.323,3.757,0.594
"2026-07-21 23:20",224.518,229.692,218.859,0.324,3.761,0.598
"2026-07-21 23:25",224.875,230.223,219.287,0.324,3.714,0.6
"2026-07-21 23:30",224.652,230.257,219.319,0.323,3.718,0.601
"2026-07-21 23:35",224.278,230.194,214.874,0.324,3.71,7.739
"2026-07-21 23:40",224.926,230.182,219.4,0.323,3.72,0.596
"2026-07-21 23:45",224.665,230.244,219.314,0.32,3.712,0.599
"2026-07-21 23:50",225.448,230.669,219.95,0.325,3.71,0.601
"2026-07-21 23:55",225.932,231.117,220.18,0.326,3.715,0.603
"2026-07-22 00:00",226.08,231.26,220.37,,,
"2026-07-22 00:05",226.229,231.411,220.553,0.327,3.704,0.606
"2026-07-22 00:10",225.382,231.248,220.41,0.327,3.702,0.606
"2026-07-22 00:15",225.406,232.298,216.789,0.328,3.68,7.597
"2026-07-22 00:20",226.567,232.499,221.656,0.328,3.682,0.605
"2026-07-22 00:25",227.035,232.969,222.363,0.329,3.678,0.61
"2026-07-22 00:30",225.415,232.114,221.835,0.325,3.695,0.61
"2026-07-22 00:35",225.402,231.89,221.831,0.324,3.699,0.611
"2026-07-22 00:40",226.259,233.035,222.812,0.327,3.696,0.615
"2026-07-22 00:45",226.118,232.847,222.477,0.327,3.683,0.614
"2026-07-22 00:50",225.395,232.775,217.611,0.328,3.674,7.613
"2026-07-22 00:55",226.72,233.272,223.175,0.329,3.678,0.608
"2026-07-22 01:00",226.045,232.754,222.592,0.326,3.68,0.61
"2026-07-22 01:05",226.75,233.264,223.111,0.328,3.68,0.614
"2026-07-22 01:10",227.336,234.022,223.799,0.33,3.661,0.618
"2026-07-22 01:15",225.929,233.417,223.627,0.328,3.67,0.618
"2026-07-22 01:20",226.486,233.981,224.034,0.329,3.667,0.62
"2026-07-22 01:25",226.879,234.113,224.423,0.329,3.661,0.622
"2026-07-22 01:30",226.634,234.643,220.273,0.331,3.645,7.578
"2026-07-22 01:35",223.909,232.138,222.564,0.327,3.688,0.61
"2026-07-22 01:40",224.039,232.072,222.693,0.33,3.711,0.612
"2026-07-22 01:45",224.198,232.22,222.776,0.328,3.69,0.614
"2026-07-22 01:50",223.419,231.312,222.037,0.328,3.7,0.611
"2026-07-22 01:55",223.097,231.328,222.005,0.328,3.726,0.612
"2026-07-22 02:00",223.488,231.643,222.193,0.33,3.692,0.613
"2026-07-22 02:05",221.053,229.715,215.789,0.327,3.748,7.398
"2026-07-22 02:10",221.63,229.729,220.157,0.326,3.745,0.595
"2026-07-22 02:15",221.646,229.692,220.197,0.326,3.724,0.602
"2026-07-22 02:20",222.301,230.225,220.725,0.327,3.717,0.606
"2026-07-22 02:25",222.715,230.7,221.079,0.328,3.718,0.609
"2026-07-22 02:30",222.548,230.622,221.297,0.327,3.713,0.61
"2026-07-22 02:35",223.432,231.44,221.88,0.329,3.702,0.613
"2026-07-22 02:40",223.369,231.152,221.65,0.329,3.713,0.613
"2026-07-22 02:45",222.784,231.029,216.922,0.329,3.691,7.753
"2026-07-22 02:50",223.594,231.486,221.94,0.328,3.696,0.608
"2026-07-22 02:55",224.449,232.464,223.041,0.33,3.673,0.615
"2026-07-22 03:00",224.567,232.945,223.561,0.33,3.696,0.618
"2026-07-22 03:05",224.959,233.099,223.451,0.33,3.678,0.618
"2026-07-22 03:10",225.901,234.063,224.501,0.332,3.677,0.623
"2026-07-22 03:15",227.019,235.622,225.801,0.335,3.659,0.628
"2026-07-22 03:20",226.02,234.364,225.003,0.333,3.662,0.626
"2026-07-22 03:25",225.704,234.638,220.669,0.334,3.638,7.445
"2026-07-22 03:30",225.731,234.022,224.668,0.331,3.671,0.619
"2026-07-22 03:35",226.761,235.03,225.428,0.332,3.649,0.623
"2026-07-22 03:40",226.488,235.038,225.401,0.332,3.648,0.624
"2026-07-22 03:45",226.11,234.454,224.776,0.332,3.667,0.623
"2026-07-22 03:50",226.125,234.487,225.05,0.332,3.677,0.624
"2026-07-22 03:55",226.37,234.808,225.424,0.333,3.654,0.626
"2026-07-22 04:00",224.815,233.535,219.544,0.332,3.667,7.472
"2026-07-22 04:05",225.084,233.371,223.948,0.33,3.673,0.611
"2026-07-22 04:10",225.189,233.538,223.986,0.33,3.672,0.615
"2026-07-22 04:15",225.866,234.297,224.835,0.33,3.659,0.619
"2026-07-22 04:20",225.333,233.879,224.355,0.329,3.664,0.619
"2026-07-22 04:25",225.423,233.72,224.065,0.329,3.666,0.618
"2026-07-22 04:30",225.446,234.084,224.408,0.33,3.664,0.62
"2026-07-22 04:35",225.575,233.552,224.349,0.33,3.667,0.621
"2026-07-22 04:40",225.383,234.365,220.22,0.331,3.663,7.442
"2026-07-22 04:45",226.248,234.631,225.018,0.331,3.653,0.615
"2026-07-22 04:50",225.767,234.193,224.607,0.331,3.657,0.618
"2026-07-22 04:55",225.917,234.314,224.923,0.329,3.659,0.621
"2026-07-22 05:00",223.978,232.22,222.67,0.322,3.683,0.617
"2026-07-22 05:05",224.958,233.12,223.71,0.33,3.685,0.618
"2026-07-22 05:10",224.906,233.064,223.585,0.328,3.676,0.619
"2026-07-22 05:15",224.997,232.99,223.64,0.327,3.677,0.621
"2026-07-22 05:20",225.63,233.793,224.257,0.33,3.703,5.888
"2026-07-22 05:25",225.134,233.797,219.738,0.329,3.658,0.663
"2026-07-22 05:30",226.557,234.86,225.334,0.333,3.651,0.622
"2026-07-22 05:35",227.442,235.819,226.079,0.332,3.634,0.627
"2026-07-22 05:40",226.189,234.732,225.23,0.327,3.649,0.629
"2026-07-22 05:45",226.99,235.552,225.896,0.328,3.649,0.634
"2026-07-22 05:50",228.198,236.94,227.023,0.333,3.619,0.636
"2026-07-22 05:55",226.155,234.148,226.422,0.331,3.659,0.633
"2026-07-22 06:00",226.34,233.96,226.74,,,
"2026-07-22 06:05",226.525,233.766,227.066,0.331,3.661,0.628
"2026-07-22 06:10",227.547,234.747,228.111,0.332,3.646,0.635
"2026-07-22 06:15",227.287,234.649,227.819,0.331,3.649,0.636
"2026-07-22 06:20",228.398,235.253,229.062,0.336,4.269,0.641
"2026-07-22 06:25",233.898,235.37,232.489,0.342,3.631,0.656
"2026-07-22 06:30",234.396,235.633,232.998,0.344,3.639,0.658
"2026-07-22 06:35",234.783,235.996,233.546,0.345,3.643,0.661
"2026-07-22 06:40",231.659,233.261,225.806,0.341,3.665,7.966
"2026-07-22 06:45",230.879,232.126,229.547,0.337,3.691,0.642
"2026-07-22 06:50",233.009,234.398,231.731,0.342,3.682,0.651
"2026-07-22 06:55",233.709,235.219,232.349,0.341,3.649,0.655
"2026-07-22 07:00",233.66,235.119,232.333,0.341,3.64,0.657
"2026-07-22 07:05",235.031,236.344,233.604,0.346,3.63,0.662
"2026-07-22 07:10",234.801,236.449,233.237,0.344,3.632,0.662
"2026-07-22 07:15",233.804,235.588,232.614,0.341,3.451,0.662
"2026-07-22 07:20",234.182,236.558,228.484,0.345,3.394,7.855
"2026-07-22 07:25",233.981,235.133,233.295,0.342,3.453,0.655
"2026-07-22 07:30",232.472,233.584,231.816,0.34,3.462,0.654
"2026-07-22 07:35",232.123,233.387,231.44,0.342,3.245,0.654
"2026-07-22 07:40",231.576,233.097,231.081,0.34,2.995,0.653
"2026-07-22 07:45",231.266,232.547,230.928,0.341,2.899,0.654
"2026-07-22 07:50",230.824,232.312,230.638,0.34,3.075,0.655
"2026-07-22 07:55",230.749,232.351,225.881,0.343,3.024,7.773
"2026-07-22 08:00",229.848,231.22,229.387,0.341,2.93,0.642
"2026-07-22 08:05",229.959,231.237,229.27,0.34,2.782,0.643
"2026-07-22 08:10",230.34,231.936,229.054,0.341,2.696,0.644
"2026-07-22 08:15",230.611,232.442,229.275,0.34,2.795,0.646
"2026-07-22 08:20",230.546,232.61,229.126,0.34,2.513,0.645
"2026-07-22 08:25",231.373,233.747,230.431,0.345,2.01,0.652
"2026-07-22 08:30",230.472,232.748,224.723,0.341,2.241,7.659
"2026-07-22 08:35",230.414,231.957,228.63,0.335,2.573,0.639
"2026-07-22 08:40",229.695,231.86,228.489,0.339,2.241,0.642
"2026-07-22 08:45",229.629,231.513,228.242,0.335,2.515,0.642
"2026-07-22 08:50",228.558,231.086,222.921,0.336,2.525,7.919
"2026-07-22 08:55",228.717,230.892,227.834,0.337,2.014,0.632
"2026-07-22 09:00",229.754,231.951,228.746,0.338,2.079,0.639
"2026-07-22 09:05",229.458,231.677,228.59,0.334,2.437,0.64
"2026-07-22 09:10",229.867,231.874,228.706,0.339,2.064,0.641
"2026-07-22 09:15",228.958,230.791,227.829,0.334,2.252,0.639
"2026-07-22 09:20",229.042,230.691,227.874,0.335,2.693,0.639
"2026-07-22 09:25",228.774,230.441,227.6,0.336,2.584,0.639
"2026-07-22 09:30",227.666,231.059,222.715,0.334,2.54,7.739
"2026-07-22 09:35",227.723,230.232,226.759,0.332,3.146,0.63
"2026-07-22 09:40",228.966,230.906,227.15,0.333,2.817,0.633
"2026-07-22 09:45",228.334,231.907,227.25,0.334,2.495,0.634
"2026-07-22 09:50",231.831,235.246,230.26,0.336,2.583,0.649
"2026-07-22 09:55",231.867,235.781,230.587,0.337,2.567,0.65
"2026-07-22 10:00",230.549,234.789,224.63,0.336,2.429,8.127
"2026-07-22 10:05",231.13,234.197,229.243,0.336,2.619,0.641
"2026-07-22 10:10",230.649,233.894,229.113,0.335,2.738,0.642
"2026-07-22 10:15",231.245,234.623,229.408,0.336,2.625,0.645
"2026-07-22 10:20",230.959,234.693,229.462,0.341,1.991,0.646
"2026-07-22 10:25",231.232,234.989,229.663,0.338,2.526,0.647
"2026-07-22 10:30",230.869,235.151,225.023,0.338,2.967,8.139
"2026-07-22 10:35",231.022,234.874,229.564,0.339,2.761,0.64
"2026-07-22 10:40",230.256,234.039,228.654,0.336,2.501,0.64
"2026-07-22 10:45",229.845,234.01,224.351,0.334,2.572,7.662
"2026-07-22 10:50",230.166,234.123,229.061,0.332,2.563,0.635
"2026-07-22 10:55",230.98,234.656,229.346,0.335,2.578,0.639
"2026-07-22 11:00",230.385,234.058,228.719,0.335,2.62,0.64
"2026-07-22 11:05",232.591,230.144,230.131,0.331,3.198,0.649
"2026-07-22 11:10",230.951,229.731,228.938,0.333,3.002,0.643
"2026-07-22 11:15",230.203,231.282,228.859,0.332,3.194,0.644
"2026-07-22 11:20",229.007,230.258,222.815,0.333,3.194,8.012
"2026-07-22 11:25",230.103,230.517,228.045,0.332,2.92,0.633
"2026-07-22 11:30",228.839,230.985,227.65,0.332,2.811,0.635
"2026-07-22 11:35",230.14,232.11,228.489,0.332,2.634,0.641
"2026-07-22 11:40",230.304,232.409,229.201,0.333,2.452,0.645
"2026-07-22 11:45",230.025,232.481,229.06,0.337,2.107,0.645
"2026-07-22 11:50",229.892,232.508,224.121,0.343,1.821,8.07
"2026-07-22 11:55",230.341,232.625,228.849,0.341,1.463,0.639
"2026-07-22 12:00",230.52,233.28,229.18,,,
"2026-07-22 12:05",230.708,233.926,229.506,0.334,0.55,0.648
"2026-07-22 12:10",231.167,234.357,230.391,0.334,0.777,0.653
"2026-07-22 12:15",230.125,233.01,229.201,0.334,1.5,0.651
"2026-07-22 12:20",230.705,233.982,224.868,0.337,1.411,7.964
"2026-07-22 12:25",232.016,235.567,231.221,0.331,0.552,0.652
"2026-07-22 12:30",230.755,234.477,229.751,0.328,0.553,0.652
"2026-07-22 12:35",229.601,233.979,224.384,0.327,0.544,7.924
"2026-07-22 12:40",229.487,233.14,228.151,0.321,0.546,0.647
"2026-07-22 12:45",229.347,232.231,228.156,0.329,1.753,0.648
"2026-07-22 12:50",228.619,231.343,227.656,0.322,2.76,0.647
"2026-07-22 12:55",229.636,232.064,228.454,0.322,2.72,0.647
"2026-07-22 13:00",229.051,232.642,223.615,0.328,2.103,7.898
"2026-07-22 13:05",229.721,232.772,228.779,0.335,1.673,0.639
"2026-07-22 13:10",227.644,231.332,227.186,0.33,1.304,0.64
"2026-07-22 13:15",229.975,234.017,229.34,0.328,0.548,0.651
"2026-07-22 13:20",229.285,233.467,228.779,0.325,0.549,0.651
"2026-07-22 13:25",227.618,231.287,221.592,0.326,1.43,8.249
"2026-07-22 13:30",229.21,231.307,227.204,0.327,2.197,0.637
"2026-07-22 13:35",229.307,231.24,227.526,0.327,2.247,0.642
"2026-07-22 13:40",229.674,231.794,228.071,0.327,2.297,0.646
"2026-07-22 13:45",228.89,230.517,226.985,0.326,2.325,0.643
"2026-07-22 13:50",229.146,230.786,227.437,0.326,2.327,0.644
"2026-07-22 13:55",228.049,230.869,222.153,0.325,2.878,8.04
"2026-07-22 14:00",229.416,232.181,228.016,0.326,2.639,0.638
"2026-07-22 14:05",228.814,231.751,227.296,0.326,2.062,0.637
"2026-07-22 14:10",230.1,233.255,228.803,0.333,1.963,0.645
"2026-07-22 14:15",229.586,233.116,228.652,0.337,1.786,0.647
"2026-07-22 14:20",229.013,232.341,227.89,0.333,1.536,0.645
"2026-07-22 14:25",227.619,232.042,221.942,0.331,0.975,7.991
"2026-07-22 14:30",227.535,232.887,227.047,0.332,1.276,0.637
"2026-07-22 14:35",228.182,234.112,227.925,0.324,0.55,0.645
"2026-07-22 14:40",226.818,233.151,222.026,0.321,0.538,8.016
"2026-07-22 14:45",229.166,234.895,228.68,0.327,0.554,0.648
"2026-07-22 14:50",229.84,235.269,229.301,0.335,1.199,0.651
"2026-07-22 14:55",229.161,234.353,228.551,0.331,1.274,0.653
"2026-07-22 15:00",231.328,236.466,230.675,0.335,1.89,0.658
"2026-07-22 15:05",228.985,233.503,223.876,0.331,2.044,7.927
"2026-07-22 15:10",228.845,232.69,227.572,0.332,1.8,0.639
"2026-07-22 15:15",227.753,232.179,227.03,0.328,1.786,0.642
"2026-07-22 15:20",228.002,232.647,222.399,0.331,1.503,7.835
"2026-07-22 15:25",228.632,232.589,227.664,0.328,1.994,0.637
"2026-07-22 15:30",228.983,233.04,227.994,0.329,2.022,0.64
"2026-07-22 15:35",229.053,233.318,228.046,0.332,1.791,0.644
"2026-07-22 15:40",228.586,233.034,227.596,0.332,1.781,0.645
"2026-07-22 15:45",228.543,232.473,227.74,0.329,1.96,0.645
"2026-07-22 15:50",228.209,232.938,223.092,0.329,2.215,7.994
"2026-07-22 15:55",228.583,233.355,223.44,0.334,1.894,7.779
"2026-07-22 16:00",230.394,235.367,229.665,0.334,0.78,0.645
"2026-07-22 16:05",229.519,233.374,228.443,0.328,2.065,0.643
"2026-07-22 16:10",229.584,234.154,224.119,0.332,1.937,7.897
"2026-07-22 16:15",230.191,234.014,229.099,0.328,2.116,0.642
"2026-07-22 16:20",230.209,233.848,228.783,0.327,2.185,0.644
"2026-07-22 16:25",229.753,233.468,228.633,0.33,2.362,0.645
"2026-07-22 16:30",230.094,234.37,224.868,0.328,2.89,7.872
"2026-07-22 16:35",231.737,235.372,230.963,0.328,3.208,0.65
"2026-07-22 16:40",230.405,233.911,229.369,0.322,3.436,0.647
"2026-07-22 16:45",231.086,234.577,229.817,0.327,3.556,0.649
"2026-07-22 16:50",231.667,234.97,230.424,0.33,3.603,0.65
"2026-07-22 16:55",232.59,235.772,231.456,0.332,3.56,0.656
"2026-07-22 17:00",232.163,235.829,226.604,0.333,3.461,8.056
"2026-07-22 17:05",232.906,235.776,232.284,0.334,3.502,0.648
"2026-07-22 17:10",232.919,235.728,232.196,0.334,3.553,0.65
"2026-07-22 17:15",233.342,236.048,232.826,0.334,3.56,0.655
"2026-07-22 17:20",232.79,235.487,232.008,0.335,3.567,0.654
"2026-07-22 17:25",233.377,236.17,232.766,0.337,3.54,0.657
"2026-07-22 17:30",231.308,233.31,225.586,0.335,3.577,7.868
"2026-07-22 17:35",232.534,233.854,231.16,0.336,3.609,0.643
"2026-07-22 17:40",232.032,233.705,230.876,0.336,3.606,0.644
"2026-07-22 17:45",231.876,233.275,230.358,0.336,3.632,0.645
"2026-07-22 17:50",231.987,233.56,230.51,0.336,3.644,0.646
"2026-07-22 17:55",232.838,234.531,231.404,0.337,3.625,0.65
"2026-07-22 18:00",232.41,233.99,230.94,,,
"2026-07-22 18:05",231.991,233.456,230.484,0.336,3.67,0.638
"2026-07-22 18:10",229.46,233.81,228.16,,,
"2026-07-22 18:15",226.937,234.167,225.842,0.326,3.664,0.626
"2026-07-22 18:20",228.037,234.914,226.617,0.329,3.65,0.629
"2026-07-22 18:25",226.772,234.068,221.238,0.329,3.672,7.949
"2026-07-22 18:30",225.316,231.586,223.779,0.325,3.698,0.61
"2026-07-22 18:35",225.793,232.407,224.337,0.324,3.686,0.615
"2026-07-22 18:40",225.273,231.752,223.44,0.326,3.715,0.613
"2026-07-22 18:45",225.51,233.179,224.38,0.321,3.702,0.623
"2026-07-22 18:50",227.208,235.335,225.904,0.329,3.638,0.626
"2026-07-22 18:55",225.119,233.442,219.471,0.33,3.668,7.802
"2026-07-22 19:00",224.787,232.349,223.03,0.328,3.681,0.605
"2026-07-22 19:05",224.329,231.498,222.072,0.326,3.691,0.605
"2026-07-22 19:10",222.922,230.159,220.903,0.322,3.714,0.605
"2026-07-22 19:15",222.198,230.432,220.836,0.32,3.704,0.607
"2026-07-22 19:20",223.178,231.402,221.687,0.326,3.716,0.608
"2026-07-22 19:25",223.528,231.878,222.19,0.327,3.698,0.609
"2026-07-22 19:30",222.349,231.268,216.959,0.328,3.689,7.571
"2026-07-22 19:35",222.542,230.807,221.063,0.327,3.728,0.598
"2026-07-22 19:40",222.087,230.46,220.593,0.327,3.739,0.598
"2026-07-22 19:45",221.547,229.992,220.083,0.327,3.722,0.599
"2026-07-22 19:50",225.003,232.877,222.553,0.33,3.676,0.609
"2026-07-22 19:55",224.581,232.517,222.219,0.33,3.69,0.609
"2026-07-22 20:00",224.751,233.154,218.285,0.331,3.676,7.624
"2026-07-22 20:05",225.686,233.67,223.492,0.331,3.662,0.605
"2026-07-22 20:10",225.297,233.382,223.286,0.33,3.667,0.609
"2026-07-22 20:15",225.012,233.382,222.991,0.329,3.67,0.61
"2026-07-22 20:20",225.499,233.409,223.015,0.329,3.684,0.61
"2026-07-22 20:25",224.659,232.379,222.391,0.328,3.687,0.609
"2026-07-22 20:30",225.133,233.264,222.924,0.329,3.669,0.611
"2026-07-22 20:35",225.345,233.79,218.875,0.331,3.685,7.432
"2026-07-22 20:40",226.256,234.105,223.836,0.33,3.653,0.605
"2026-07-22 20:45",225.919,233.451,223.297,0.33,3.667,0.608
"2026-07-22 20:50",225.011,232.702,222.428,0.329,3.681,0.606
"2026-07-22 20:55",224.821,232.694,222.495,0.328,3.672,0.608
"2026-07-22 21:00",224.249,232.018,221.643,0.327,3.686,0.607
"2026-07-22 21:05",223.274,230.859,220.439,0.326,3.704,0.602
"2026-07-22 21:10",222.345,230.573,215.775,0.327,3.699,7.323
"2026-07-22 21:15",222.083,229.737,219.136,0.325,3.718,0.587
"2026-07-22 21:20",221.429,228.845,218.781,0.324,3.735,0.589
"2026-07-22 21:25",221.259,228.72,218.672,0.324,3.732,0.591
"2026-07-22 21:30",221.561,228.907,218.895,0.324,3.758,0.593
"2026-07-22 21:35",221.178,228.492,218.565,0.323,3.735,0.593
"2026-07-22 21:40",221.451,228.65,218.966,0.324,3.733,0.595
"2026-07-22 21:45",222.057,228.415,218.524,0.325,3.738,0.593
"2026-07-22 21:50",221.785,228.517,213.978,0.325,3.732,7.653
"2026-07-22 21:55",222.318,229.161,218.868,0.324,3.734,0.588
"2026-07-22 22:00",222.036,228.605,218.368,0.324,3.733,0.588
"2026-07-22 22:05",221.716,228.416,218.007,0.324,3.744,0.588
"2026-07-22 22:10",222.31,228.106,217.671,0.324,3.76,0.588
"2026-07-22 22:15",222.846,228.82,217.935,0.325,3.733,0.59
"2026-07-22 22:20",222.378,228.009,217.624,0.324,3.77,0.589
"2026-07-22 22:25",222.24,228.249,217.664,0.323,3.767,0.589
"2026-07-22 22:30",221.783,228.231,213.209,0.324,3.762,7.327
"2026-07-22 22:35",221.963,227.805,217.235,0.323,3.751,0.583
"2026-07-22 22:40",221.906,227.487,217.081,0.322,3.755,0.585
"2026-07-22 22:45",222.642,228.051,217.547,0.323,3.745,0.587
"2026-07-22 22:50",222.514,228.401,217.537,0.323,3.733,0.589
"2026-07-22 22:55",222.529,228.423,217.803,0.323,3.739,0.59
"2026-07-22 23:00",222.729,228.528,217.859,0.323,3.734,0.591
"2026-07-22 23:05",223.571,230.173,215.054,0.325,3.718,7.583
"2026-07-22 23:10",225.036,231.168,220.51,0.326,3.701,0.592
"2026-07-22 23:15",224.578,230.512,220.002,0.326,3.703,0.594
"2026-07-22 23:20",224.647,230.56,219.879,0.326,3.728,0.596
"2026-07-22 23:25",224.859,230.73,220.041,0.327,3.702,0.598
"2026-07-22 23:30",225.557,231.331,220.901,0.327,3.699,0.603
"2026-07-22 23:35",226.277,231.807,221.343,0.329,3.704,0.605
"2026-07-22 23:40",226.362,231.96,221.119,0.327,3.685,0.604
"2026-07-22 23:45",226.316,232.423,217.101,0.328,3.668,7.647
"2026-07-22 23:50",226.324,232.91,222.311,0.328,3.679,0.6
"2026-07-22 23:55",226.49,233.141,222.409,0.328,3.671,0.603
"2026-07-23 00:00",226.43,233.09,222.44,,,
"2026-07-23 00:05",226.368,233.029,222.469,0.33,3.673,0.607
"2026-07-23 00:10",226.436,233.096,222.764,0.329,3.667,0.61
"2026-07-23 00:15",226.422,233.504,222.988,0.329,3.672,0.612
"2026-07-23 00:20",226.101,232.703,222.583,0.329,3.676,0.612
"2026-07-23 00:25",225.524,231.926,221.732,0.325,3.687,0.61
"2026-07-23 00:30",225.504,232.283,217.664,0.33,3.668,7.326
"2026-07-23 00:35",226.429,232.858,222.596,0.329,3.679,0.605
"2026-07-23 00:40",226.448,232.851,222.532,0.331,3.696,0.608
"2026-07-23 00:45",226.83,233.35,222.97,,,
"2026-07-23 00:50",227.212,233.847,223.405,0.332,3.667,0.615
"2026-07-23 00:55",227.615,234.05,224.023,0.332,3.658,0.618
"2026-07-23 01:00",226.745,233.99,224.137,0.332,3.659,0.619
"2026-07-23 01:05",227.097,234.455,224.752,0.332,3.682,0.622
"2026-07-23 01:10",226.039,234.83,220.511,0.333,3.643,7.478
"2026-07-23 01:15",227.082,235.184,225.525,0.332,3.637,0.618
"2026-07-23 01:20",226.792,235.203,225.491,0.332,3.642,0.621
"2026-07-23 01:25",225.098,233.142,223.543,0.331,3.665,0.616
"2026-07-23 01:30",225.681,234.033,224.435,0.331,3.657,0.62
"2026-07-23 01:35",226.012,234.09,224.458,0.331,3.661,0.62
"2026-07-23 01:40",225.36,233.623,224.113,0.331,3.667,0.62
"2026-07-23 01:45",225.386,233.503,223.86,0.331,3.671,0.619
"2026-07-23 01:50",224.578,233.5,219.256,0.33,3.662,7.503
"2026-07-23 01:55",225.508,233.839,223.953,0.33,3.653,0.613
"2026-07-23 02:00",226.288,234.562,224.692,0.331,3.65,0.619
"2026-07-23 02:05",225.16,233.729,223.938,0.33,3.692,0.618
"2026-07-23 02:10",225.113,233.222,223.386,0.33,3.677,0.617
"2026-07-23 02:15",225.751,234.084,224.393,0.33,3.655,0.621
"2026-07-23 02:20",226.132,234.382,224.74,0.33,3.66,0.624
"2026-07-23 02:25",226.02,234.175,224.571,0.329,3.666,0.625
"2026-07-23 02:30",226.045,234.734,220.58,0.331,3.635,7.521
"2026-07-23 02:35",226.707,235.256,225.458,0.33,3.643,0.621
"2026-07-23 02:40",227.154,235.369,225.754,0.332,3.652,0.624
"2026-07-23 02:45",226.48,234.788,226.026,0.333,3.651,0.626
"2026-07-23 02:50",226.876,234.881,226.336,0.334,3.639,0.628
"2026-07-23 02:55",226.394,234.512,225.531,0.334,3.663,0.627
"2026-07-23 03:00",225.727,233.839,225.138,0.334,3.666,0.625
"2026-07-23 03:05",223.945,232.307,219.29,0.333,3.675,7.346
"2026-07-23 03:10",224.365,232.559,223.841,0.332,3.677,0.611
"2026-07-23 03:15",224.666,232.693,223.998,0.333,3.699,0.617
"2026-07-23 03:20",224.758,232.785,224.061,0.333,3.678,0.619
"2026-07-23 03:25",225.257,233.239,224.558,0.333,3.697,0.622
"2026-07-23 03:30",225.367,233.549,224.573,0.334,3.661,0.623
"2026-07-23 03:35",225.906,233.882,225.205,0.334,3.656,0.627
"2026-07-23 03:40",225.955,234.128,225.209,0.334,3.651,0.627
"2026-07-23 03:45",224.903,233.235,219.988,0.333,3.659,7.529
"2026-07-23 03:50",224.028,232.266,223.518,0.331,3.68,0.611
"2026-07-23 03:55",223.432,231.562,222.882,0.33,3.698,0.613
"2026-07-23 04:00",222.819,230.967,222.306,0.329,3.717,0.612
"2026-07-23 04:05",222.815,230.799,222.202,0.33,3.694,0.613
"2026-07-23 04:10",223.146,230.941,222.147,0.33,3.725,0.614
"2026-07-23 04:15",222.791,230.723,222.264,0.329,3.709,0.614
"2026-07-23 04:20",223.081,231.009,222.401,0.33,3.698,0.615
"2026-07-23 04:25",222.017,230.703,217.378,0.329,3.693,7.456
"2026-07-23 04:30",223.152,231.257,222.395,0.328,3.695,0.607
"2026-07-23 04:35",223.15,231.209,222.651,0.329,3.69,0.613
"2026-07-23 04:40",223.395,231.395,222.945,0.33,3.689,0.615
"2026-07-23 04:45",223.605,231.715,222.998,0.331,3.682,0.617
"2026-07-23 04:50",224.058,232.052,223.45,0.331,3.689,0.619
"2026-07-23 04:55",224.23,232.082,223.572,0.331,3.697,0.621
"2026-07-23 05:00",223.89,232.126,223.596,0.331,3.699,0.621
"2026-07-23 05:05",223.386,231.958,218.943,0.332,3.68,7.373
"2026-07-23 05:10",223.734,231.907,223.433,0.329,3.686,0.613
"2026-07-23 05:15",224.367,232.43,223.906,0.332,3.696,0.618
"2026-07-23 05:20",224.461,232.751,224.062,0.332,3.669,0.62
"2026-07-23 05:25",225.223,233.458,224.843,0.333,3.674,0.625
"2026-07-23 05:30",225.854,234.114,225.398,0.333,3.651,0.628
"2026-07-23 05:35",223.016,230.912,222.301,0.326,3.699,0.619
"2026-07-23 05:40",224.618,232.62,223.813,0.333,3.68,0.622
"2026-07-23 05:45",224.772,233.015,224.314,0.333,3.684,0.624
"2026-07-23 05:50",224.668,233.481,220.167,0.334,3.654,7.386
"2026-07-23 05:55",225.392,233.72,225.016,0.334,3.661,0.623
"2026-07-23 06:00",227.53,234.63,226.79,,,
"2026-07-23 06:05",229.677,235.545,228.573,0.336,3.633,0.639
"2026-07-23 06:10",229.433,235.313,228.526,0.335,3.639,0.64
"2026-07-23 06:15",229.639,235.463,228.801,0.335,3.642,0.641
"2026-07-23 06:20",230.132,235.901,229.414,0.336,3.626,0.643
"2026-07-23 06:25",234.683,236.233,232.942,0.344,3.647,0.657
"2026-07-23 06:30",232.973,234.479,227.54,0.345,3.774,7.845
"2026-07-23 06:35",231.762,232.545,230.634,0.34,3.696,0.643
"2026-07-23 06:40",231.851,233.134,231.236,0.339,3.63,0.649
"2026-07-23 06:45",232.103,232.986,231.245,0.337,3.677,0.651
"2026-07-23 06:50",233.399,234.505,232.577,0.341,3.663,0.656
"2026-07-23 06:55",233.348,234.361,232.633,0.34,3.686,0.658
"2026-07-23 07:00",232.388,233.223,231.7,0.334,3.709,0.659
"2026-07-23 07:05",231.55,232.193,230.797,0.338,3.686,0.651
"2026-07-23 07:10",231.533,232.707,226.422,0.341,3.681,7.649
"2026-07-23 07:15",231.915,232.891,231.085,0.339,3.676,0.642
"2026-07-23 07:20",231.347,232.278,230.442,0.339,3.505,0.644
"2026-07-23 07:25",230.478,231.739,230.04,0.337,3.971,0.645
"2026-07-23 07:30",230.73,231.824,229.87,0.339,3.326,0.646
"2026-07-23 07:35",230.874,232.358,230.212,0.34,2.95,0.649
"2026-07-23 07:40",230.685,232.242,230.094,0.34,2.882,0.65
"2026-07-23 07:45",229.672,230.892,228.747,0.338,2.811,0.647
"2026-07-23 07:50",229.189,231.814,223.634,0.339,2.814,7.873
"2026-07-23 07:55",231.374,233.806,230.372,0.34,2.803,0.646
"2026-07-23 08:00",231.655,233.896,230.357,0.341,2.722,0.648
"2026-07-23 08:05",230.221,231.672,228.509,0.339,2.976,0.642
"2026-07-23 08:10",229.431,231.234,227.998,0.336,2.667,0.64
"2026-07-23 08:15",229.374,230.743,227.723,0.336,2.609,0.64
"2026-07-23 08:20",229.139,231.665,227.796,0.339,2.307,0.643
"2026-07-23 08:25",230.386,233.495,225.044,0.338,2.583,8.013
"2026-07-23 08:30",230.327,233.115,229.267,0.337,2.103,0.641
"2026-07-23 08:35",230.245,233.742,229.701,0.344,1.525,0.648
"2026-07-23 08:40",230.77,233.728,229.638,0.338,2.054,0.65
"2026-07-23 08:45",229.724,233.047,228.897,0.344,1.827,0.646
"2026-07-23 08:50",230.185,233.197,224.599,0.335,2.64,7.736
"2026-07-23 08:55",230.396,233.218,229.46,0.335,2.493,0.64
"2026-07-23 09:00",229.961,233.184,228.862,0.339,1.92,0.64
"2026-07-23 09:05",229.722,232.599,228.608,0.335,2.168,0.642
"2026-07-23 09:10",230.075,232.858,229.051,0.333,2.464,0.642
"2026-07-23 09:15",229.994,232.707,228.88,0.335,2.206,0.641
"2026-07-23 09:20",229.654,232.913,228.93,0.336,2.345,0.643
"2026-07-23 09:25",228.689,232.727,223.749,0.334,2.065,8.101
"2026-07-23 09:30",229.494,233.019,228.767,0.336,1.952,0.636
"2026-07-23 09:35",230.264,233.515,229.356,0.336,2.248,0.64
"2026-07-23 09:40",229.609,232.833,228.781,0.332,2.404,0.641
"2026-07-23 09:45",230.898,234.043,229.941,0.333,2.505,0.645
"2026-07-23 09:50",230.94,233.96,230.027,0.337,2.263,0.648
"2026-07-23 09:55",231.023,234.262,225.528,0.339,2.382,7.783
"2026-07-23 10:00",230.859,233.572,229.54,0.334,2.788,0.638
"2026-07-23 10:05",230.194,232.875,228.986,0.333,2.866,0.64
"2026-07-23 10:10",229.738,232.079,228.245,0.332,3.212,0.638
"2026-07-23 10:15",229.68,232.431,228.614,0.332,3.33,0.64
"2026-07-23 10:20",230.877,233.857,230.021,0.335,3.392,0.645
"2026-07-23 10:25",230.377,233.31,224.919,0.336,3.428,7.787
"2026-07-23 10:30",229.878,232.812,229.007,0.333,3.438,0.633
"2026-07-23 10:35",230.822,233.766,230.193,0.333,3.293,0.64
"2026-07-23 10:40",230.942,233.672,229.886,0.335,3.099,0.641
"2026-07-23 10:45",230.409,233.484,224.726,0.335,3.165,7.926
"2026-07-23 10:50",230.912,233.431,229.781,0.334,3.168,0.637
"2026-07-23 10:55",230.098,232.669,229.026,0.334,3.228,0.637
"2026-07-23 11:00",230.014,232.941,224.724,0.334,3.659,7.907
"2026-07-23 11:05",229.88,233.895,224.15,0.348,1.749,9.593
"2026-07-23 11:10",229.548,234.141,224.011,0.351,1.949,9.166
"2026-07-23 11:15",228.176,233.279,222.789,0.341,0.541,9.397
"2026-07-23 11:20",227.095,231.867,222.166,0.342,0.54,8.454
"2026-07-23 11:25",227.576,232.236,222.519,0.333,0.539,8
"2026-07-23 11:30",228.841,233.084,228.381,0.331,0.545,0.497
"2026-07-23 11:35",229.502,233.342,229.073,0.331,0.548,0.371
"2026-07-23 11:40",228.828,232.51,228.315,0.334,0.657,0.727
"2026-07-23 11:45",229.022,233.149,228.431,0.342,1.213,1.65
"2026-07-23 11:50",230.356,234.016,229.356,0.34,0.615,0.969
"2026-07-23 11:55",229.463,233.723,229.147,0.337,1.162,0.705
"2026-07-23 12:00",229.7,233.99,229.52,,,
"2026-07-23 12:05",229.932,234.249,229.898,0.33,0.593,0.745
"2026-07-23 12:10",230.744,234.728,230.19,0.328,0.552,0.374
"2026-07-23 12:15",230.298,234.497,229.523,0.335,0.726,1.337
"2026-07-23 12:20",229.869,233.92,229.098,0.326,0.551,0.374
"2026-07-23 12:25",230.122,234.041,229.552,0.326,0.549,0.376
"2026-07-23 12:30",229.619,233.651,229.448,0.325,0.549,0.594
"2026-07-23 12:35",229.97,234.519,229.535,0.324,0.55,0.373
"2026-07-23 12:40",230.473,234.511,229.998,0.325,0.549,0.373
"2026-07-23 12:45",229.56,233.129,228.45,0.339,0.929,1.554
"2026-07-23 12:50",229.451,233.553,228.762,0.331,0.547,0.916
"2026-07-23 12:55",230.061,234.081,229.612,0.326,0.592,0.522
"2026-07-23 13:00",229.646,233.877,229.158,0.325,0.546,0.371
"2026-07-23 13:05",229.472,233.815,229.15,0.325,0.557,0.365
"2026-07-23 13:10",230.164,234.526,229.92,0.329,0.547,0.453
"2026-07-23 13:15",230.648,234.98,230.55,0.326,0.548,0.373
"2026-07-23 13:20",230.792,235.154,230.618,0.325,0.549,0.372
"2026-07-23 13:25",229.552,233.945,229.074,0.338,0.89,1.289
"2026-07-23 13:30",230.122,234.74,229.351,0.34,1.041,1.765
"2026-07-23 13:35",230.18,234.957,229.73,0.34,1.076,1.602
"2026-07-23 13:40",230.088,234.416,228.997,0.338,0.979,1.785
"2026-07-23 13:45",229.934,234.649,229.345,0.342,1.142,2.207
"2026-07-23 13:50",230.103,234.552,228.925,0.343,1.323,2.44
"2026-07-23 13:55",229.968,234.004,228.803,0.337,1.299,2.54
"2026-07-23 14:00",230.427,234.863,229.507,0.342,1.227,2.357
"2026-07-23 14:05",230.6,234.882,229.404,0.336,1.034,1.782
"2026-07-23 14:10",229.681,234.252,229.258,0.32,0.54,0.374
"2026-07-23 14:15",230.735,234.953,229.874,0.337,1.048,1.575
"2026-07-23 14:20",231.017,235.36,230.156,0.339,1.015,1.663
"2026-07-23 14:25",230.645,234.212,229.136,0.333,1.263,2.129
"2026-07-23 14:30",231.255,235.054,229.886,0.341,1.141,2.079
"2026-07-23 14:35",230.396,234.532,229.089,0.339,1.5,2.114
"2026-07-23 14:40",229.488,234.223,223.238,0.338,1.363,9.997
"2026-07-23 14:45",228.993,233.504,222.746,0.337,1.552,10.845
"2026-07-23 14:50",228.27,233.108,223.404,0.337,0.606,9.745
"2026-07-23 14:55",228.187,232.755,221.884,0.341,1.225,10.496
"2026-07-23 15:00",228.093,233.097,222.349,0.436,1.47,10.653
"2026-07-23 15:05",229.688,234.629,223.935,0.43,1.52,10.328
"2026-07-23 15:10",228.525,233.193,222.444,0.412,1.415,10.42
"2026-07-23 15:15",227.727,232.317,221.7,0.403,2.281,10.36
"2026-07-23 15:20",228.323,232.929,222.346,0.396,1.481,10.105
"2026-07-23 15:25",227.903,232.998,222.122,0.388,1.428,10.275
"2026-07-23 15:30",228.627,233.275,222.43,0.379,1.431,10.301
"2026-07-23 15:35",228.541,233.315,222.65,0.371,1.495,10.227
"2026-07-23 15:40",228.407,233.308,222.503,0.373,1.551,10.257
"2026-07-23 15:45",228.883,233.484,223.365,0.363,1.379,10.317
"2026-07-23 15:50",229.265,234.331,223.516,0.361,1.409,10.289
"2026-07-23 15:55",229.552,234.51,223.534,0.359,1.381,10.304
"2026-07-23 16:00",0,0,0,0,0,0
"2026-07-23 16:05",229.541,234.064,223.874,0.358,1.276,9.568
"2026-07-23 16:10",229.315,234.375,223.254,0.355,1.35,9.889
"2026-07-23 16:15",230.647,235.172,224.675,0.345,1.373,9.461
"2026-07-23 16:20",230.463,234.828,224.615,0.347,1.323,9.235
"2026-07-23 16:25",231.151,235.021,229.529,0.347,1.22,2.519
"2026-07-23 16:30",231.038,235.532,225.195,0.347,1.239,9.291
"2026-07-23 16:35",231.861,235.91,230.489,0.349,1.236,2.281
"2026-07-23 16:40",234.271,236.297,232.301,0.352,1.232,2.312
"2026-07-23 16:45",232.636,234.234,230.568,0.348,1.256,2.362
"2026-07-23 16:50",232.325,234.084,230.409,0.347,1.348,2.441
"2026-07-23 16:55",231.95,234.138,225.037,0.349,1.383,9.651
"2026-07-23 17:00",233.702,235.152,230.844,0.353,1.397,2.735
"2026-07-23 17:05",231.873,233.992,224.678,0.347,1.467,9.687
"2026-07-23 17:10",232.096,233.433,229.501,0.349,1.488,2.751
"2026-07-23 17:15",232.452,233.903,229.585,0.347,1.45,2.75
"2026-07-23 17:20",232.104,233.703,229.073,0.344,1.383,2.833
"2026-07-23 17:25",232.149,233.281,229.045,0.345,1.367,2.836
"2026-07-23 17:30",232.252,233.489,229.449,0.35,1.461,2.757
"2026-07-23 17:35",231.665,233.271,224.378,0.344,1.425,9.823
"2026-07-23 17:40",232.274,233.502,229.552,0.345,1.424,2.923
"2026-07-23 17:45",232.402,233.547,229.422,0.346,1.532,2.845
"2026-07-23 17:50",232.715,233.684,230.018,0.345,1.432,2.919
"2026-07-23 17:55",232.092,233.429,229.607,0.345,1.584,2.855
"2026-07-23 18:00",232.9,234.22,230.27,,,
"2026-07-23 18:05",233.711,235.021,230.93,0.346,1.422,2.935
"2026-07-23 18:10",229.12,235.181,225.316,0.339,1.48,2.945
"2026-07-23 18:15",228.794,236.608,221.869,0.341,1.539,9.938
"2026-07-23 18:20",228.958,236.446,226.853,0.336,1.389,3.228
"2026-07-23 18:25",229.524,237.191,228.16,0.341,1.447,2.977
"2026-07-23 18:30",225.217,231.641,223.549,0.33,1.113,2.721
"2026-07-23 18:35",227.701,234.484,226.04,0.338,1.412,2.966
"2026-07-23 18:40",227.463,234.307,225.981,0.338,1.414,2.976
"2026-07-23 18:45",225.884,233.113,219.977,0.337,1.409,9.878
"2026-07-23 18:50",224.725,230.662,222.464,0.334,1.491,2.926
"2026-07-23 18:55",224.174,231.315,221.781,0.336,1.495,2.938
"2026-07-23 19:00",222.345,231.072,220.403,0.333,1.486,2.958
"2026-07-23 19:05",225.9,235.063,223.094,0.334,1.416,2.979
"2026-07-23 19:10",226.345,236.22,219.315,0.34,1.413,9.927
"2026-07-23 19:15",226.753,235.81,223.669,0.34,1.417,2.987
"2026-07-23 19:20",225.322,234.837,222.249,0.337,1.479,2.896
"2026-07-23 19:25",225.505,234.961,222.575,0.339,1.483,2.929
"2026-07-23 19:30",225.512,234.805,222.315,0.339,1.482,2.928
"2026-07-23 19:35",224.63,234.46,217.343,0.338,1.46,10.093
"2026-07-23 19:40",224.961,234.62,221.847,0.338,1.437,2.987
"2026-07-23 19:45",225.387,235.033,222.737,0.34,1.477,2.928
"2026-07-23 19:50",225.3,234.657,222.452,0.339,1.499,2.902
"2026-07-23 19:55",225.332,234.798,222.436,0.338,1.437,2.979
"2026-07-23 20:00",224.328,233.441,221.163,0.338,1.503,2.919
"2026-07-23 20:05",223.741,233.427,216.37,0.337,1.486,9.984
"2026-07-23 20:10",223.992,233.646,221.231,0.337,1.438,2.999
"2026-07-23 20:15",224.771,234.197,221.818,0.339,1.503,2.913
"2026-07-23 20:20",224.323,233.92,221.47,0.338,1.497,2.93
"2026-07-23 20:25",223.846,233.045,220.81,0.337,1.495,2.941
"2026-07-23 20:30",224.487,233.867,221.489,0.338,1.437,3
"2026-07-23 20:35",223.573,233.448,216.692,0.337,1.438,9.816
"2026-07-23 20:40",223.555,232.821,220.846,0.336,1.444,3.02
"2026-07-23 20:45",223.355,232.701,220.85,0.335,1.511,2.918
"2026-07-23 20:50",223.605,232.708,220.811,0.338,1.454,2.988
"2026-07-23 20:55",223.843,233.074,221.179,0.338,1.494,2.935
"2026-07-23 21:00",222.388,231.819,215.573,0.337,1.501,9.865
"2026-07-23 21:05",222.919,231.966,220.096,0.336,1.455,2.983
"2026-07-23 21:10",223.435,232.071,220.444,0.337,1.524,2.916
"2026-07-23 21:15",223.662,232.339,220.511,0.337,1.466,2.977
"2026-07-23 21:20",223.312,232.098,220.446,0.337,1.476,2.966
"2026-07-23 21:25",222.778,231.419,219.709,0.336,1.527,2.919
"2026-07-23 21:30",221.873,230.98,214.862,0.335,1.522,9.635
"2026-07-23 21:35",222.09,230.745,218.978,0.335,1.477,2.979
"2026-07-23 21:40",222.294,230.912,219.233,0.336,1.461,3.012
"2026-07-23 21:45",221.843,230.417,218.89,0.336,1.518,2.937
"2026-07-23 21:50",222.115,230.826,218.927,0.337,1.46,3.008
"2026-07-23 21:55",221.371,230.014,218.261,0.336,1.466,3.017
"2026-07-23 22:00",221.585,229.702,213.312,0.336,1.525,9.8
"2026-07-23 22:05",221.545,229.081,217.265,0.335,1.48,2.999
"2026-07-23 22:10",225.39,232.162,219.553,0.337,1.515,2.928
"2026-07-23 22:15",226.533,232.973,220.423,0.339,1.516,2.913
"2026-07-23 22:20",226.466,233.106,220.609,0.339,1.495,2.937
"2026-07-23 22:25",226.54,233.094,220.567,0.339,1.503,2.957
"2026-07-23 22:30",226.464,233.659,216.676,0.34,1.512,9.488
"2026-07-23 22:35",226.975,233.797,221.115,0.339,1.462,2.965
"2026-07-23 22:40",227.045,233.43,220.821,0.339,1.494,2.935
"2026-07-23 22:45",226.261,233.293,220.912,0.338,1.503,2.917
"2026-07-23 22:50",225.827,233.048,220.738,0.338,1.515,2.913
"2026-07-23 22:55",226.564,233.842,221.176,0.339,1.461,2.981
"2026-07-23 23:00",225.839,232.869,220.403,0.338,1.501,7.936
"2026-07-23 23:05",224.364,231.923,215.028,0.337,1.506,6.459
"2026-07-23 23:10",224.966,232.264,219.84,0.337,1.503,2.933
"2026-07-23 23:15",224.96,231.798,219.543,0.336,1.461,2.999
"2026-07-23 23:20",225.136,232.125,219.637,0.337,1.496,2.946
"2026-07-23 23:25",225.426,232.364,220.172,0.337,1.471,2.972
"2026-07-23 23:30",225.549,232.458,220.203,0.338,1.532,2.903
"2026-07-23 23:35",225.231,232.413,215.667,0.338,1.463,9.881
"2026-07-23 23:40",226.194,233.205,221.011,0.338,1.549,2.859
"2026-07-23 23:45",226.466,233.458,221.356,0.339,1.524,2.893
"2026-07-23 23:50",226.405,233.422,221.198,0.338,1.514,2.919
"2026-07-23 23:55",226.918,234.011,221.894,0.339,1.537,2.877
"2026-07-24 00:00",226.7,234.06,219.66,,,
"2026-07-24 00:05",226.481,234.105,217.419,0.34,1.527,9.866
"2026-07-24 00:10",227.49,234.708,222.623,0.339,1.492,2.913
"2026-07-24 00:15",227.009,234.995,222.898,0.34,1.528,2.857
"2026-07-24 00:20",226.329,234.587,222.571,0.34,1.54,2.85
"2026-07-24 00:25",226.676,234.822,222.643,0.339,1.553,2.842
"2026-07-24 00:30",226.34,234.152,222.173,0.34,1.523,2.9
"2026-07-24 00:35",226.298,234.738,218.012,0.34,1.532,9.799
"2026-07-24 00:40",227.041,235.138,223.227,0.339,1.489,2.907
"2026-07-24 00:45",226.945,235.747,224.321,0.341,1.55,2.816
"2026-07-24 00:50",226.283,235.7,224.484,0.341,1.487,2.893
"2026-07-24 00:55",225.868,235.18,224.019,0.341,1.544,2.838
"2026-07-24 01:00",223.19,232.597,221.472,0.335,1.503,2.924
"2026-07-24 01:05",224.633,233.789,222.703,0.339,1.487,2.934
"2026-07-24 01:10",223.763,233.561,217.843,0.338,1.526,9.678
"2026-07-24 01:15",224.811,233.868,222.861,0.339,1.534,2.855
"2026-07-24 01:20",225.113,234.144,222.976,0.34,1.542,2.846
"2026-07-24 01:25",225.402,234.681,223.439,0.34,1.528,2.844
"2026-07-24 01:30",225.688,234.856,223.827,0.341,1.466,2.906
"2026-07-24 01:35",225.626,235.39,223.988,0.342,1.477,2.92
"2026-07-24 01:40",225.369,235.361,219.554,0.341,1.528,9.719
"2026-07-24 01:45",225.934,235.265,224.259,0.342,1.526,2.842
"2026-07-24 01:50",225.957,235.388,224.133,0.34,1.483,2.907
"2026-07-24 01:55",226.316,235.826,224.681,0.342,1.523,2.843
"2026-07-24 02:00",226.13,235.784,224.505,0.341,1.505,2.882
"2026-07-24 02:05",226.494,236.126,225.057,0.341,1.458,2.927
"2026-07-24 02:10",226.054,236.173,220.175,0.341,1.479,10.031
"2026-07-24 02:15",226.76,236.463,225.227,0.342,1.466,2.91
"2026-07-24 02:20",226.751,235.348,224.654,0.343,1.538,2.84
"2026-07-24 02:25",226.559,235.353,224.736,0.343,1.494,2.888
"2026-07-24 02:30",226.672,235.433,224.778,0.343,1.484,2.899
"2026-07-24 02:35",227.073,235.827,225.232,0.343,1.55,2.809
"2026-07-24 02:40",227.508,236.604,221.062,0.342,1.468,10.061
"2026-07-24 02:45",226.433,235.215,224.405,0.343,1.535,2.833
"2026-07-24 02:50",227.025,235.766,224.967,0.344,1.482,2.887
"2026-07-24 02:55",226.873,235.381,224.693,0.344,1.489,2.887
"2026-07-24 03:00",227.04,235.642,224.938,0.344,1.536,2.824
"2026-07-24 03:05",227.415,236.234,225.489,0.344,1.498,2.868
"2026-07-24 03:10",227.245,236.469,221.166,0.345,1.539,9.759
"2026-07-24 03:15",227.07,235.781,225.141,0.339,1.474,2.91
"2026-07-24 03:20",228.052,236.921,226.144,0.344,1.473,2.883
"2026-07-24 03:25",227.229,235.851,226.12,0.344,1.477,2.883
"2026-07-24 03:30",227.342,235.708,226.126,0.345,1.529,2.819
"2026-07-24 03:35",224.967,233.389,223.606,0.343,1.528,2.864
"2026-07-24 03:40",224.618,233.597,219.289,0.342,1.48,9.776
"2026-07-24 03:45",224.706,233.069,223.268,0.342,1.483,2.917
"2026-07-24 03:50",224.889,233.316,223.554,0.342,1.538,2.851
"2026-07-24 03:55",224.822,233.404,223.758,0.342,1.476,2.923
"2026-07-24 04:00",224.401,232.828,223.305,0.342,1.485,2.917
"2026-07-24 04:05",224.681,232.938,223.478,0.342,1.54,2.846
"2026-07-24 04:10",224.126,233.062,218.876,0.342,1.544,9.63
"2026-07-24 04:15",224.971,233.144,223.543,0.342,1.541,2.847
"2026-07-24 04:20",224.443,233.104,223.281,0.342,1.478,2.93
"2026-07-24 04:25",224.819,233.205,223.56,0.342,1.555,2.823
"2026-07-24 04:30",225.031,233.256,223.857,0.342,1.549,2.848
"2026-07-24 04:35",225.039,233.432,223.713,0.343,1.541,2.849
"2026-07-24 04:40",224.743,233.078,223.467,0.343,1.497,2.897
"2026-07-24 04:45",224.072,233.287,218.696,0.34,1.543,9.851
"2026-07-24 04:50",224.507,232.822,223.278,0.34,1.543,2.842
"2026-07-24 04:55",225.332,233.859,224.241,0.342,1.544,2.835
"2026-07-24 05:00",224.291,232.502,223.037,0.341,1.473,2.937
"2026-07-24 05:05",224.801,232.9,223.566,0.342,1.523,2.868
"2026-07-24 05:10",222.851,231.158,221.688,0.337,1.502,2.922
"2026-07-24 05:15",225.349,233.003,217.897,0.343,1.534,9.992
"2026-07-24 05:20",226.173,233.154,222.727,0.342,1.475,2.926
"2026-07-24 05:25",225.982,232.998,222.69,0.343,1.534,2.867
"2026-07-24 05:30",225.81,232.702,222.368,0.339,1.476,2.94
"2026-07-24 05:35",226.702,233.648,223.506,0.342,1.462,2.937
"2026-07-24 05:40",227.307,234.168,223.93,0.345,1.512,2.877
"2026-07-24 05:45",226.565,233.681,223.55,0.34,1.509,2.884
"2026-07-24 05:50",227.516,235.289,220.191,0.346,1.502,9.677
"2026-07-24 05:55",228.763,235.971,225.816,0.346,1.503,2.882
"2026-07-24 06:00",227.41,234.3,225.16,,,
"2026-07-24 06:05",226.056,232.624,224.508,0.344,1.55,2.837
"2026-07-24 06:10",225.064,231.53,223.361,0.342,1.544,2.858
"2026-07-24 06:15",224.204,230.984,222.607,0.342,1.557,2.863
"2026-07-24 06:20",224.995,231.992,219.193,0.344,1.482,9.757
"2026-07-24 06:25",233.367,237.34,231.887,0.353,1.464,2.866
"2026-07-24 06:30",234.604,236.852,231.849,0.355,1.527,2.8
"2026-07-24 06:35",232.836,234.871,231.404,0.349,2.187,3.904
"2026-07-24 06:40",231.274,233.456,229.872,0.349,1.459,2.843
"2026-07-24 06:45",231.987,234.391,231.051,0.351,1.427,2.742
"2026-07-24 06:50",231.964,234.667,226.196,0.357,1.491,9.737
"2026-07-24 06:55",232.248,234.704,231.142,0.349,1.45,2.87
"2026-07-24 07:00",231.838,234.043,230.413,0.356,1.475,2.861
"2026-07-24 07:05",232.326,234.633,231.103,0.356,1.463,2.865
"2026-07-24 07:10",232.165,234.806,231.014,0.395,1.514,2.819
"2026-07-24 07:15",232.365,234.417,231.017,0.394,1.458,2.887
"2026-07-24 07:20",231.098,233.874,225.582,0.395,1.462,9.81
"2026-07-24 07:25",232.917,235.351,231.648,0.396,1.437,2.743
"2026-07-24 07:30",233.681,236.259,232.637,0.399,1.396,2.766
"2026-07-24 07:35",232.864,235.119,231.511,0.395,1.398,2.795
"2026-07-24 07:40",231.364,233.941,225.662,0.394,1.514,9.836
"2026-07-24 07:45",232.478,234.771,231.001,0.396,1.53,2.75
"2026-07-24 07:50",232.27,234.352,230.972,0.395,1.488,2.805
"2026-07-24 07:55",231.874,234.435,230.641,0.394,1.489,2.779
"2026-07-24 08:00",231.94,234.723,231.06,0.398,1.372,2.727
"2026-07-24 08:05",231.488,233.998,230.518,0.394,1.425,2.77
"2026-07-24 08:10",230.952,233.29,229.755,0.392,1.425,2.879
"2026-07-24 08:15",230.39,233.239,224.966,0.395,1.459,9.759
"2026-07-24 08:20",233.171,237.378,231.474,0.393,1.334,2.911
"2026-07-24 08:25",231.435,235.433,229.801,0.396,1.356,2.912
"2026-07-24 08:30",231.499,235.796,229.72,0.396,1.337,2.9
"2026-07-24 08:35",232.508,237.303,230.899,0.393,1.29,2.899
"2026-07-24 08:40",232.611,236.492,230.406,0.394,1.355,2.765
"2026-07-24 08:45",231.664,236.31,225.342,0.393,1.388,9.778
"2026-07-24 08:50",233.21,237.454,231.495,0.398,1.435,2.697
"2026-07-24 08:55",231.785,236.121,230.439,0.398,1.481,2.658
"2026-07-24 09:00",230.66,235.426,224.51,0.395,1.435,9.543
"2026-07-24 09:05",229.971,234.16,228.154,0.394,1.267,2.546
"2026-07-24 09:10",233.033,237.039,231.082,0.398,1.295,2.562
"2026-07-24 09:15",233.778,237.876,232.065,0.4,1.325,2.637
"2026-07-24 09:20",232.361,236.318,229.649,0.397,1.281,2.607
"2026-07-24 09:25",232.79,237.148,231.5,0.395,1.251,2.391
"2026-07-24 09:30",233.711,238.107,232.275,0.399,1.059,2.307
"2026-07-24 09:35",231.615,236.632,225.98,0.398,1.006,9.259
"2026-07-24 09:40",232.655,237.438,231.673,0.399,0.914,1.734
"2026-07-24 09:45",233.65,238.294,232.705,0.396,0.719,1.717
"2026-07-24 09:50",232.445,236.771,231.262,0.399,0.878,1.712
"2026-07-24 09:55",232.547,237.434,226.699,0.398,1.078,9.045
"2026-07-24 10:00",232.569,236.782,230.511,0.393,1.201,2.333
"2026-07-24 10:05",232.465,236.829,230.717,0.393,1.288,2.251
"2026-07-24 10:10",231.757,236.009,229.794,0.389,1.339,2.502
"2026-07-24 10:15",232.077,236.175,230.551,0.392,1.375,2.537
"2026-07-24 10:20",233.399,237.701,231.586,0.393,1.285,2.493
"2026-07-24 10:25",232.457,237.069,226.272,0.39,1.386,10.004
"2026-07-24 10:30",233.364,237.559,231.856,0.395,1.368,2.679
"2026-07-24 10:35",232.463,235.617,230.667,0.395,1.375,2.727
"2026-07-24 10:40",233.283,236.572,231.344,0.396,1.32,2.611
"2026-07-24 10:45",232.054,234.775,229.757,0.394,1.352,2.72
"2026-07-24 10:50",230.813,234.222,228.926,0.394,1.205,2.553
"2026-07-24 10:55",229.785,233.763,223.912,0.4,1.009,8.824
"2026-07-24 11:00",230.22,233.093,228.108,0.395,1.186,2.097
"2026-07-24 11:05",230.172,234.035,228.523,0.402,0.89,1.742
"2026-07-24 11:10",231.07,234.613,229.517,0.392,0.714,1.472
"2026-07-24 11:15",232.264,235.982,231.087,0.396,0.835,1.499
"2026-07-24 11:20",231.623,235.827,226.116,0.39,0.697,8.568
"2026-07-24 11:25",232.471,236.119,231.043,0.39,0.603,1.392
"2026-07-24 11:30",232.413,235.697,231.18,0.39,0.646,0.827
"2026-07-24 11:35",231.64,235.101,230.602,0.384,0.578,0.641
"2026-07-24 11:40",231.626,235.11,230.156,0.386,0.55,0.492
"2026-07-24 11:45",231.765,235.952,226.234,0.386,0.563,7.963
"2026-07-24 11:50",230.508,234.355,229.433,0.384,0.552,0.492
"2026-07-24 11:55",232.722,236.563,231.934,0.391,0.559,1.21
"2026-07-24 12:00",232.6,235.39,231.75,,,
"2026-07-24 12:05",232.477,234.209,231.561,0.386,0.554,1.214
"2026-07-24 12:10",229.296,231.286,228.932,0.387,0.812,0.951
"2026-07-24 12:15",230.229,231.729,228.679,0.383,0.626,0.831
"2026-07-24 12:20",230.447,231.607,228.586,0.379,0.544,0.501
"2026-07-24 12:25",229.604,233.182,223.98,0.379,0.541,7.92
"2026-07-24 12:30",231.567,234.563,230.365,0.38,0.551,0.491
"2026-07-24 12:35",232.381,235.687,231.595,0.379,0.555,0.504
"2026-07-24 12:40",232.816,236.264,232.133,0.381,0.555,0.506
"2026-07-24 12:45",233.185,236.603,232.407,0.382,0.554,0.505
"2026-07-24 12:50",231.799,236.014,226.784,0.382,0.549,7.798
"2026-07-24 12:55",231.692,235.404,230.864,0.382,0.554,0.498
"2026-07-24 13:00",232.343,235.934,231.495,0.382,0.555,0.505
"2026-07-24 13:05",232.75,236.602,232.165,0.381,0.555,0.502
"2026-07-24 13:10",232.993,237.594,228.157,0.378,0.552,7.947
"2026-07-24 13:15",232.63,237.079,232.054,0.378,0.556,0.498
"2026-07-24 13:20",232.729,236.769,231.978,0.377,0.728,0.732
"2026-07-24 13:25",233.189,237.388,232.677,0.385,0.7,1.064
"2026-07-24 13:30",232.873,237.168,232.527,0.378,0.557,0.512
"2026-07-24 13:35",232.032,236.582,227.234,0.378,0.548,7.797
"2026-07-24 13:40",232.76,236.986,231.989,0.378,0.559,0.501
"2026-07-24 13:45",235.752,232.665,235.369,0.393,0.782,1.135
"2026-07-24 13:50",232.04,234.332,230.534,0.391,0.877,1.578
"2026-07-24 13:55",228.701,231.548,223.833,0.382,0.783,8.25
"2026-07-24 14:00",231.84,236.009,226.431,0.39,0.866,8.277
"2026-07-24 14:05",229.735,233.481,228.608,0.386,0.839,1.352
"2026-07-24 14:10",231.732,236.348,230.891,0.386,0.609,1.357
"2026-07-24 14:15",230.377,235.371,225.492,0.388,0.819,8.498
"2026-07-24 14:20",231.814,236.256,231.115,0.387,0.641,1.163
"2026-07-24 14:25",229.427,233.431,228.475,0.378,0.616,0.899
"2026-07-24 14:30",230.271,234.653,224.954,0.382,0.546,8.042
"2026-07-24 14:35",229.893,233.589,229.139,0.383,0.663,0.83
"2026-07-24 14:40",229.568,233.313,228.439,0.379,0.625,0.49
"2026-07-24 14:45",227.979,231.349,225.872,0.385,0.896,1.622
"2026-07-24 14:50",227.811,232.529,226.927,0.372,0.537,0.499
"2026-07-24 14:55",229.225,234.792,223.409,0.379,0.543,8.486
"2026-07-24 15:00",227.692,232.399,226.716,0.379,0.6,1.053
"2026-07-24 15:05",226.337,231.694,225.899,0.385,0.658,1.327
"2026-07-24 15:10",229.803,234.651,228.687,0.388,0.834,1.706
"2026-07-24 15:15",229.449,234.455,224.075,0.386,0.926,8.385
"2026-07-24 15:20",228.248,233.849,223.382,0.376,0.538,7.746
"2026-07-24 15:25",227.817,233.033,227.239,0.384,0.648,1.147
"2026-07-24 15:30",228.064,233.5,227.932,0.381,0.62,0.801
"2026-07-24 15:35",227.138,232.282,226.699,0.379,0.702,0.831
"2026-07-24 15:40",228.357,233.842,223.006,0.376,0.772,8.226
"2026-07-24 15:45",228.73,233.77,222.524,0.385,1.206,9.741
"2026-07-24 15:50",228.678,233.519,227.325,0.384,1.158,2.335
"2026-07-24 15:55",229.81,234.421,228.074,0.391,1.261,2.233
"2026-07-24 16:00",229.439,230.056,225.696,0.37,1.3,9.741
"2026-07-24 16:05",229.593,232.068,227.656,0.358,1.206,2.349
"2026-07-24 16:10",229.92,232.379,228.977,0.348,0.544,0.506
"2026-07-24 16:15",229.114,231.99,223.017,0.36,0.978,8.885
"2026-07-24 16:20",229.542,231.961,227.745,0.358,0.91,1.868
"2026-07-24 16:25",229.835,232.192,228.4,0.355,0.816,1.569
"2026-07-24 16:30",229.702,232.149,227.79,0.359,1.33,2.453
"2026-07-24 16:35",228.972,232.934,226.388,0.362,1.325,2.478
"2026-07-24 16:40",227.592,232.043,221.009,0.369,1.363,10.066
"2026-07-24 16:45",228.719,232.274,225.686,0.386,1.43,2.605
"2026-07-24 16:50",229.949,233.288,227.101,0.384,1.397,2.694
"2026-07-24 16:55",230.964,234.489,228.459,0.383,1.436,2.725
"2026-07-24 17:00",230.997,234.379,228.322,0.387,1.431,2.659
"2026-07-24 17:05",232.05,235.536,229.53,0.384,1.414,2.733
"2026-07-24 17:10",230.876,235.177,224.003,0.381,1.46,10.025
"2026-07-24 17:15",232.254,235.556,229.554,0.382,1.455,2.755
"2026-07-24 17:20",231.634,235.331,229.24,0.385,1.493,2.726
"2026-07-24 17:25",231.926,235.755,229.515,0.378,1.457,2.782
"2026-07-24 17:30",231.228,235.639,224.29,0.384,1.433,10.222
"2026-07-24 17:35",233.07,237.024,231.422,0.385,1.541,2.721
"2026-07-24 17:40",232.085,236.121,230.713,0.386,1.501,2.717
"2026-07-24 17:45",233.551,237.854,232.131,0.387,1.482,2.738
"2026-07-24 17:50",231.277,233.791,229.788,0.382,1.505,2.732
"2026-07-24 17:55",230.406,233.112,224.656,0.377,1.44,9.829
"2026-07-24 18:00",230.53,233.08,226.89,,,
"2026-07-24 18:05",230.655,233.045,229.129,0.376,1.508,2.785
"2026-07-24 18:10",226.352,234.323,223.592,0.37,1.517,2.845
"2026-07-24 18:15",228.336,236.175,225.41,0.368,1.484,2.887
"2026-07-24 18:20",228.575,236.501,225.596,0.365,1.472,2.913
"2026-07-24 18:25",228.67,237.063,222.326,0.366,1.443,10.056
"2026-07-24 18:30",226.816,234.093,224.519,0.361,1.507,2.879
"2026-07-24 18:35",226.944,234.405,224.641,0.359,1.499,2.892
"2026-07-24 18:40",226.029,233.492,223.771,0.357,1.492,2.913
"2026-07-24 18:45",222.411,230.993,221.563,0.349,1.504,2.946
"2026-07-24 18:50",221.592,232.037,215.994,0.347,1.434,10.097
"2026-07-24 18:55",223.552,233.494,222.206,0.348,1.494,2.926
"2026-07-24 19:00",223.522,233.52,221.732,0.337,1.507,2.918
"2026-07-24 19:05",223.41,233.121,221.323,0.338,1.451,2.99
"2026-07-24 19:10",222.085,232.291,220.603,0.336,1.451,3.006
"2026-07-24 19:15",220.778,231.147,214.624,0.336,1.452,9.978
"2026-07-24 19:20",220.582,230.59,218.679,0.332,1.519,2.93
"2026-07-24 19:25",222.597,231.962,219.069,0.333,1.47,2.995
"2026-07-24 19:30",223.429,232.696,220.647,0.339,1.525,2.91
"2026-07-24 19:35",223.791,233.05,221.074,0.34,1.547,2.878
"2026-07-24 19:40",221.25,230.969,214.371,0.338,1.543,10.12
"2026-07-24 19:45",222.052,230.992,219.045,0.338,1.537,2.917
"2026-07-24 19:50",222.161,231.07,219.319,0.338,1.531,2.905
"2026-07-24 19:55",222.427,231.214,219.488,0.338,1.539,2.91
"2026-07-24 20:00",222.891,231.768,220.037,0.339,1.474,2.985
"2026-07-24 20:05",222.092,231.325,215.323,0.339,1.488,9.563
"2026-07-24 20:10",222.767,231.456,219.654,0.338,1.536,2.901
"2026-07-24 20:15",222.905,231.942,220.203,0.339,1.517,2.921
"2026-07-24 20:20",222.5,231.613,219.929,0.338,1.547,2.899
"2026-07-24 20:25",222.21,231.513,219.522,0.339,1.525,2.917
"2026-07-24 20:30",222.269,231.309,219.643,0.339,1.487,2.974
"2026-07-24 20:35",221.125,230.792,214.385,0.338,1.528,9.914
"2026-07-24 20:40",221.905,230.714,218.905,0.339,1.557,2.927
"2026-07-24 20:45",221.308,230.619,218.377,0.339,1.521,2.943
"2026-07-24 20:50",222.361,230.875,218.286,0.34,1.459,3.015
"2026-07-24 20:55",222.543,231.27,218.783,0.339,1.516,2.947
"2026-07-24 21:00",222.102,231.045,218.541,0.338,1.52,2.946
"2026-07-24 21:05",221.608,231.31,214.047,0.338,1.512,10.005
"2026-07-24 21:10",221.945,230.953,217.988,0.337,1.48,2.986
"2026-07-24 21:15",223.02,231.957,219.282,0.34,1.482,2.975
"2026-07-24 21:20",222.489,231.663,218.665,0.34,1.478,2.99
"2026-07-24 21:25",225.662,234.649,222.249,0.343,1.511,2.869
"2026-07-24 21:30",225.334,234.419,221.804,0.343,1.459,2.976
"2026-07-24 21:35",224.847,234.119,217.654,0.342,1.502,9.214
"2026-07-24 21:40",225.158,233.965,221.742,0.342,1.505,2.928
"2026-07-24 21:45",224.337,233.188,220.849,0.34,1.517,2.908
"2026-07-24 21:50",223.484,232.435,219.977,0.339,1.516,2.924
"2026-07-24 21:55",222.909,231.842,219.293,0.339,1.522,2.934
"2026-07-24 22:00",222.844,231.599,218.941,0.339,1.489,2.984
"2026-07-24 22:05",222.617,231.408,218.787,0.34,1.458,3.017
"2026-07-24 22:10",221.152,230.33,213.524,0.338,1.518,9.752
"2026-07-24 22:15",220.93,229.093,217.03,0.334,1.577,2.904
"2026-07-24 22:20",222.588,230.164,217.39,0.338,1.527,2.934
"2026-07-24 22:25",222.763,230.152,217.386,0.338,1.55,2.913
"2026-07-24 22:30",222.114,229.376,216.759,0.339,1.505,2.982
"2026-07-24 22:35",222.177,229.253,216.98,0.338,1.521,2.953
"2026-07-24 22:40",221.38,229.524,212.532,0.337,1.551,9.615
"2026-07-24 22:45",222.178,229.561,217.067,0.337,1.528,2.937
"2026-07-24 22:50",222.404,230.037,217.485,0.338,1.465,2.988
"2026-07-24 22:55",222.739,230.319,217.515,0.339,1.499,2.984
"2026-07-24 23:00",222.688,230.234,217.962,0.339,1.533,2.95
"2026-07-24 23:05",222.956,230.619,218.085,0.338,1.469,3.012
"2026-07-24 23:10",222.799,230.382,217.773,0.34,1.485,3.004
"2026-07-24 23:15",222.328,230.547,213.213,0.339,1.463,9.905
"2026-07-24 23:20",222.982,230.536,217.881,0.339,1.472,2.999
"2026-07-24 23:25",222.549,230.097,217.608,0.339,1.463,3.014
"2026-07-24 23:30",223.708,231.181,218.692,0.339,1.473,3.005
"2026-07-24 23:35",223.603,231.371,218.654,0.34,1.476,2.992
"2026-07-24 23:40",223.662,231.515,218.998,0.34,1.523,2.916
"2026-07-24 23:45",224.153,232.077,219.607,0.34,1.478,2.971
"2026-07-24 23:50",223.647,231.901,214.701,0.341,1.519,9.96
"2026-07-24 23:55",223.847,231.586,219.148,0.34,1.519,2.917
"2026-07-25 00:00",224.1,231.73,219.33,,,
"2026-07-25 00:05",224.351,231.866,219.509,0.341,1.498,2.943
"2026-07-25 00:10",224.541,232.286,219.623,0.343,1.491,2.954
"2026-07-25 00:15",224.025,231.802,219.537,0.339,1.454,3.012
"2026-07-25 00:20",224.537,231.862,219.87,0.337,1.506,2.937
"2026-07-25 00:25",225.703,233.648,216.723,0.344,1.503,9.94
"2026-07-25 00:30",227.031,234.561,222.236,0.343,1.505,2.9
"2026-07-25 00:35",226.557,234.847,222.584,0.343,1.461,2.943
"2026-07-25 00:40",226.623,234.83,222.699,0.343,1.448,2.962
"2026-07-25 00:45",225.754,234.078,222.16,0.342,1.461,2.966
"2026-07-25 00:50",225.714,234.037,222.052,0.343,1.5,2.92
"2026-07-25 00:55",226.281,234.485,222.425,0.34,1.466,2.951
"2026-07-25 01:00",225.927,234.583,218.174,0.342,1.488,9.909
"2026-07-25 01:05",226.516,234.778,222.72,0.344,1.448,2.961
"2026-07-25 01:10",226.202,234.334,222.306,0.344,1.504,2.899
"2026-07-25 01:15",227.037,235.405,223.162,0.342,1.495,2.898
"2026-07-25 01:20",227.026,235.139,223.173,0.342,1.507,2.892
"2026-07-25 01:25",226.935,235.278,223.147,0.342,1.489,2.917
"2026-07-25 01:30",227.199,235.352,223.221,0.343,1.503,2.89
"2026-07-25 01:35",226.454,235.177,218.295,0.342,1.494,9.913
"2026-07-25 01:40",227.204,235.572,223.405,0.344,1.46,2.933
"2026-07-25 01:45",227.856,236.159,224.115,0.341,1.429,2.964
"2026-07-25 01:50",225.68,234.615,223.223,0.334,1.496,2.903
"2026-07-25 01:55",227.386,236.628,224.935,0.342,1.48,2.894
"2026-07-25 02:00",226.805,236.562,225.457,0.342,1.43,2.958
"2026-07-25 02:05",226.824,236.998,225.563,0.346,1.44,2.954
"2026-07-25 02:10",226.119,235.672,220.328,0.341,1.478,9.917
"2026-07-25 02:15",226.978,235.848,225.268,0.342,1.513,2.857
"2026-07-25 02:20",223.839,232.61,221.791,0.342,1.521,2.885
"2026-07-25 02:25",222.419,231.074,220.376,0.338,1.475,2.974
"2026-07-25 02:30",223.299,232.278,220.754,0.34,1.552,2.906
"2026-07-25 02:35",224.169,233.417,221.475,0.341,1.519,2.913
"2026-07-25 02:40",223.757,233.164,221.233,0.341,1.523,2.897
"2026-07-25 02:45",223.373,233.323,216.662,0.34,1.454,10.047
"2026-07-25 02:50",222.581,231.809,219.878,0.334,1.538,2.883
"2026-07-25 02:55",225.69,234.908,223.188,0.342,1.528,2.858
"2026-07-25 03:00",225.745,234.956,223.112,0.341,1.507,2.881
"2026-07-25 03:05",226.116,235.784,224.031,0.343,1.536,2.851
"2026-07-25 03:10",226.056,235.63,223.472,0.342,1.453,2.951
"2026-07-25 03:15",226.431,235.902,224.068,0.344,1.505,2.888
"2026-07-25 03:20",225.92,235.941,219.233,0.343,1.494,9.649
"2026-07-25 03:25",226.01,235.97,219.66,,,
"2026-07-25 03:30",226.1,236,220.08,,,
"2026-07-25 03:35",226.19,236.03,220.5,,,
"2026-07-25 03:40",226.28,236.06,220.92,,,
"2026-07-25 03:45",226.37,236.09,221.34,,,
"2026-07-25 03:50",226.47,236.12,221.77,,,
"2026-07-25 03:55",226.56,236.15,222.19,,,
"2026-07-25 04:00",226.65,236.18,222.61,,,
"2026-07-25 04:05",226.74,236.21,223.03,,,
"2026-07-25 04:10",226.83,236.24,223.45,,,
"2026-07-25 04:15",226.92,236.27,223.88,,,
"2026-07-25 04:20",227.01,236.3,224.3,,,
"2026-07-25 04:25",227.1,236.33,224.72,,,
"2026-07-25 04:30",227.19,236.36,225.14,,,
"2026-07-25 04:35",227.283,236.392,225.563,0.342,1.452,2.916
"2026-07-25 04:40",227.298,236.446,225.752,0.344,1.493,2.862
"2026-07-25 04:45",227.632,236.91,226.077,0.343,1.492,2.87
"2026-07-25 04:50",227.711,236.833,226.066,0.343,1.444,2.923
"2026-07-25 04:55",227.92,237.421,226.379,0.344,1.444,2.912
"2026-07-25 05:00",226.536,236.817,221.645,0.345,1.428,9.808
"2026-07-25 05:05",227.448,237.053,226.975,0.346,1.485,2.854
"2026-07-25 05:10",227.341,236.001,226.418,0.345,1.444,2.916
"2026-07-25 05:15",227.259,235.31,226.169,0.343,1.455,2.913
"2026-07-25 05:20",227.303,235.308,226.232,0.344,1.458,2.907
"2026-07-25 05:25",225.143,232.906,224.061,0.344,1.534,2.854
"2026-07-25 05:30",225.097,232.904,224.048,0.343,1.459,2.948
"2026-07-25 05:35",224.836,232.939,219.737,0.345,1.51,9.822
"2026-07-25 05:40",225.579,233.333,224.618,0.344,1.534,2.881
"2026-07-25 05:45",226.641,234.492,225.59,0.346,1.483,2.887
"2026-07-25 05:50",226.653,234.547,225.776,0.345,1.444,2.926
"2026-07-25 05:55",227.522,235.435,226.647,0.347,1.489,2.866
"2026-07-25 06:00",227.79,234.82,226.54,,,
"2026-07-25 06:05",228.053,234.195,226.426,0.345,1.434,2.944
"2026-07-25 06:10",227.654,234.214,221.789,0.345,1.472,9.941
"2026-07-25 06:15",228.34,234.71,226.84,0.345,1.496,2.852
"2026-07-25 06:20",227.524,233.634,225.916,0.343,1.574,3.018
"2026-07-25 06:25",234.424,236.877,233.691,0.357,1.491,2.66
"2026-07-25 06:30",232.529,234.766,231.269,0.354,1.404,2.811
"2026-07-25 06:35",233.978,236.075,232.492,0.355,1.456,2.848
"2026-07-25 06:40",233.137,235.505,231.83,0.355,1.451,2.86
"2026-07-25 06:45",233.04,236.256,227.528,0.356,1.43,10.03
"2026-07-25 06:50",234.931,237.438,233.687,0.355,1.462,2.838
"2026-07-25 06:55",235.335,237.895,234.139,0.358,1.504,2.781
"2026-07-25 07:00",235.414,237.467,234.285,0.365,1.766,2.229
"2026-07-25 07:05",235.244,236.771,233.742,0.358,1.371,2.964
"2026-07-25 07:10",235.477,236.676,233.689,0.36,1.3,2.662
"2026-07-25 07:15",233.048,234.774,227.124,0.363,1.377,9.567
"2026-07-25 07:20",233.769,235,232.385,0.366,1.368,2.534
"2026-07-25 07:25",233.538,234.659,232.036,0.366,1.401,2.433
"2026-07-25 07:30",233.886,235.208,232.38,0.367,1.397,2.406
"2026-07-25 07:35",234.157,235.281,232.689,0.368,1.333,2.42
"2026-07-25 07:40",233.825,235.184,232.263,0.367,1.24,2.445
"2026-07-25 07:45",233.05,234.741,226.87,0.361,1.171,9.557
"2026-07-25 07:50",232.735,234.238,231.308,0.358,1.143,2.389
"2026-07-25 07:55",233.032,234.366,231.405,0.361,1.114,2.451
"2026-07-25 08:00",232.191,233.739,230.656,0.362,1.149,2.413
"2026-07-25 08:05",232.725,233.81,231.206,0.362,1.193,2.258
"2026-07-25 08:10",231.455,232.826,230.158,0.359,1.191,2.266
"2026-07-25 08:15",231.053,232.892,225.203,0.359,1.075,9.223
"2026-07-25 08:20",232.128,233.385,230.999,0.358,1.009,2.096
"2026-07-25 08:25",232.081,233.478,231.1,0.359,0.956,1.822
"2026-07-25 08:30",232.067,233.681,231.026,0.357,0.902,1.79
"2026-07-25 08:35",230.975,232.326,229.914,0.356,0.99,1.816
"2026-07-25 08:40",231.12,232.686,230.173,0.355,0.835,1.735
"2026-07-25 08:45",230.534,232.596,225.322,0.353,0.886,8.727
"2026-07-25 08:50",231.279,233.053,230.536,0.353,0.941,1.6
"2026-07-25 08:55",232.045,233.615,230.383,0.353,0.957,1.402
"2026-07-25 09:00",232.19,233.88,230.366,0.345,0.627,1.382
"2026-07-25 09:05",231.64,233.585,230.233,0.344,0.638,1.405
"2026-07-25 09:10",230.83,233.377,224.867,0.347,0.544,9.007
"2026-07-25 09:15",230.73,232.688,229.594,0.339,0.559,0.502
"2026-07-25 09:20",230.437,233.564,229.867,0.334,0.549,0.509
"2026-07-25 09:25",229.423,233.403,224.524,0.333,0.545,7.868
"2026-07-25 09:30",230.138,233.133,229.375,0.329,0.55,0.512
"2026-07-25 09:35",230.287,233.42,229.061,0.34,0.81,1.467
"2026-07-25 09:40",230.265,233.881,229.375,0.337,0.553,1.181
"2026-07-25 09:45",229.789,233.046,228.797,0.342,0.908,0.479
"2026-07-25 09:50",230.021,233.91,229.375,0.339,0.624,1.581
"2026-07-25 09:55",229.918,234.032,224.818,0.329,0.543,7.931
"2026-07-25 10:00",229.751,232.804,228.829,0.339,0.874,1.335
"2026-07-25 10:05",230.685,234.179,230.159,0.328,0.55,0.508
"2026-07-25 10:10",229.023,232.3,227.84,0.341,1.031,1.87
"2026-07-25 10:15",229.287,232.73,228.796,0.331,0.564,1.252
"2026-07-25 10:20",228.816,232.331,223.108,0.327,0.691,7.896
"2026-07-25 10:25",230.01,232.965,228.433,0.327,0.547,0.511
"2026-07-25 10:30",229.344,233.586,227.789,0.327,0.546,0.507
"2026-07-25 10:35",231.159,235.421,229.803,0.325,0.547,0.594
"2026-07-25 10:40",230.776,235.57,224.969,0.327,0.545,7.98
"2026-07-25 10:45",229.952,234.313,228.488,0.331,0.55,1.258
"2026-07-25 10:50",231.65,235.992,230.672,0.329,0.551,0.512
"2026-07-25 10:55",231.391,235.848,230.59,0.329,0.553,0.511
"2026-07-25 11:00",230.314,235.444,224.693,0.339,0.864,8.907
"2026-07-25 11:05",230.182,234.403,229.07,0.329,0.548,0.512
"2026-07-25 11:10",228.519,233.516,223.021,0.33,0.658,8.287
"2026-07-25 11:15",230.013,234.271,228.3,0.343,1.003,1.377
"2026-07-25 11:20",228.228,232.536,226.725,0.32,0.543,0.503
"2026-07-25 11:25",228.992,233.614,227.827,0.326,0.549,0.511
"2026-07-25 11:30",228.501,233.587,222.97,0.329,0.541,7.898
"2026-07-25 11:35",229.186,233.924,228.545,0.326,0.549,0.506
"2026-07-25 11:40",228.889,233.197,227.837,0.327,0.546,0.499
"2026-07-25 11:45",227.633,232.365,222.189,0.328,0.538,7.799
"2026-07-25 11:50",228.535,233.455,222.443,0.334,0.543,8.753
"2026-07-25 11:55",229.048,233.188,227.235,0.344,1.146,2.111
"2026-07-25 12:00",229.9,234.37,226.21,,,
"2026-07-25 12:05",230.745,235.547,225.19,0.33,0.544,7.897
"2026-07-25 12:10",230.946,236.023,225.122,0.332,0.543,7.928
"2026-07-25 12:15",231.318,235.905,230.172,0.33,0.549,0.507
"2026-07-25 12:20",231.786,236.497,230.384,0.342,0.952,1.529
"2026-07-25 12:25",231.948,236.876,225.722,0.341,0.55,9.066
"2026-07-25 12:30",232.701,237.72,232.194,0.348,0.949,1.716
"2026-07-25 12:35",231.828,236.688,231.364,0.343,0.996,1.208
"2026-07-25 12:40",231.521,237.264,226.635,0.337,0.702,8.357
"2026-07-25 12:45",231.757,236.435,230.832,0.346,1.021,1.032
"2026-07-25 12:50",231.351,236.256,230.726,0.347,0.949,1.727
"2026-07-25 12:55",230.06,235.32,227.25,,,
"2026-07-25 13:00",228.761,234.382,223.783,0.338,0.636,8.847
"2026-07-25 13:05",229.911,234.643,229.719,0.339,0.656,1.046
"2026-07-25 13:10",229.538,234.527,229.015,0.333,0.55,0.508
"2026-07-25 13:15",228.735,233.881,223.151,0.343,0.542,8.12
"2026-07-25 13:20",228.65,233.389,227.555,0.341,0.838,1.638
"2026-07-25 13:25",228.618,233.37,227.778,0.337,0.649,1.389
"2026-07-25 13:30",228.789,233.435,227.606,0.345,1.164,1.374
"2026-07-25 13:35",227.27,232.838,222.483,0.343,0.898,8.611
"2026-07-25 13:40",227.108,232.529,221.895,0.343,0.947,8.67
"2026-07-25 13:45",227.837,232.064,226.065,0.342,0.916,1.68
"2026-07-25 13:50",228.081,232,225.664,0.342,0.771,1.635
"2026-07-25 13:55",228.315,232.372,226.379,0.344,1.017,1.348
"2026-07-25 14:00",228.6,232.824,221.949,0.347,1.007,8.954
"2026-07-25 14:05",228.947,233.413,221.993,0.346,0.98,8.99
"2026-07-25 14:10",228.67,232.756,226.243,0.336,0.545,1.654
"2026-07-25 14:15",228.425,233.01,221.473,0.335,0.544,8.893
"2026-07-25 14:20",228.828,233.768,226.282,0.331,0.545,2.099
"2026-07-25 14:25",229.408,233.686,227.6,0.336,0.64,1.124
"2026-07-25 14:30",228.474,233.43,222.43,0.336,0.634,8.611
"2026-07-25 14:35",228.09,233.56,227.085,0.326,0.544,0.495
"2026-07-25 14:40",228.901,234.203,227.657,0.327,0.55,0.503
"2026-07-25 14:45",228.51,234.328,222.842,0.33,0.542,8.367
"2026-07-25 14:50",228.704,234.662,222.988,0.33,0.542,9.072
"2026-07-25 14:55",229.054,234.748,223.364,0.329,0.543,8.338
"2026-07-25 15:00",229.089,235.185,223.41,0.329,0.545,7.879
"2026-07-25 15:05",226.832,232.754,220.937,0.335,0.544,8.888
"2026-07-25 15:10",227.57,233.632,226.502,0.343,1.053,1.326
"2026-07-25 15:15",226.547,233.677,221.579,0.329,0.553,7.819
"2026-07-25 15:20",227.171,233.585,226.735,0.327,0.548,0.493
"2026-07-25 15:25",226.282,233.1,220.675,0.341,0.968,9.18
"2026-07-25 15:30",228.391,235.42,223.124,0.333,0.542,8.592
"2026-07-25 15:35",229.108,235.201,228.061,0.34,0.977,1.555
"2026-07-25 15:40",228.742,235.67,223.705,0.333,0.777,8.693
"2026-07-25 15:45",230.241,236.744,229.834,0.33,0.552,0.499
"2026-07-25 15:50",229.907,237.057,224.934,0.331,0.547,8.095
"2026-07-25 15:55",230.607,237.083,229.738,0.329,0.553,0.5
"2026-07-25 16:00",230.413,236.831,229.482,0.332,0.553,0.759
"2026-07-25 16:05",229.586,236.614,224.144,0.336,0.651,8.336
"2026-07-25 16:10",231.281,237.731,229.903,0.339,0.625,1.391
"2026-07-25 16:15",230.751,237.572,230.712,0.34,0.752,1.513
"2026-07-25 16:20",229.618,236.829,224.934,0.342,0.792,9.093
"2026-07-25 16:25",229.769,236.743,229.625,0.345,1.007,1.664
"2026-07-25 16:30",228.943,236.001,224.385,0.344,1.254,9.283
"2026-07-25 16:35",229.106,236.369,224.135,0.342,1.288,9.858
"2026-07-25 16:40",228.296,234.792,227.571,0.336,1.269,2.541
"2026-07-25 16:45",229.459,236.15,228.831,0.344,1.281,2.579
"2026-07-25 16:50",229.223,235.942,228.801,0.345,1.399,2.611
"2026-07-25 16:55",228.161,235.262,223.139,0.339,1.31,10.243
"2026-07-25 17:00",230.459,237.153,229.783,0.345,1.373,2.575
"2026-07-25 17:05",229.719,236.64,229.468,0.342,1.386,2.639
"2026-07-25 17:10",229.468,236.179,228.887,0.341,1.398,2.714
"2026-07-25 17:15",228.89,236.278,224.145,0.342,1.507,9.964
"2026-07-25 17:20",229.47,236.552,229.248,0.342,1.436,2.715
"2026-07-25 17:25",229.671,236.378,229.206,0.343,1.49,2.665
"2026-07-25 17:30",229.884,236.818,229.515,0.344,1.49,2.653
"2026-07-25 17:35",229.386,236.696,224.407,0.34,1.439,10.201
"2026-07-25 17:40",231.506,237.188,230.652,0.344,1.418,2.694
"2026-07-25 17:45",230.359,233.835,228.505,0.341,1.494,2.719
"2026-07-25 17:50",229.829,233.295,223.009,0.338,1.484,10.196
"2026-07-25 17:55",230.36,233.394,227.863,0.34,1.489,2.763
"2026-07-25 18:00",230.38,233.22,227.84,,,
"2026-07-25 18:05",230.39,233.052,227.815,0.339,1.503,2.803
"2026-07-25 18:10",227.156,236.229,223.833,0.329,1.462,2.918
"2026-07-25 18:15",229.336,236.035,226.889,0.333,1.447,2.936
"2026-07-25 18:20",224.494,231.79,217.636,0.33,1.522,10.066
"2026-07-25 18:25",226.519,233.312,224.068,0.332,1.486,2.918
"2026-07-25 18:30",223.234,230.388,220.722,0.324,1.444,3.017
"2026-07-25 18:35",223.702,231.82,221.867,0.322,1.49,2.95
"2026-07-25 18:40",224.426,232.937,222.625,0.324,1.473,2.959
"2026-07-25 18:45",224.391,233.378,218.308,0.331,1.478,10.34
"2026-07-25 18:50",223.777,232.361,221.845,0.33,1.481,2.951
"2026-07-25 18:55",222.684,231.1,219.847,0.324,1.479,2.977
"2026-07-25 19:00",224.229,233.081,221.465,0.332,1.477,2.968
"2026-07-25 19:05",223.265,231.398,220.172,0.329,1.495,2.965
"2026-07-25 19:10",222.971,232.179,219.975,0.329,1.482,2.977
"2026-07-25 19:15",221.687,231.655,214.698,0.328,1.508,10.084
"2026-07-25 19:20",223.038,232.471,220.052,0.331,1.448,2.991
"2026-07-25 19:25",221.969,230.963,219.269,0.329,1.438,3.063
"2026-07-25 19:30",221.29,230.562,218.613,0.328,1.467,2.993
"2026-07-25 19:35",221.969,231.304,219.399,0.331,1.474,2.998
"2026-07-25 19:40",221.186,231.194,214.514,0.333,1.407,10.108
"2026-07-25 19:45",221.787,230.757,218.864,0.332,1.478,2.997
"2026-07-25 19:50",221.358,230.688,218.78,0.332,1.464,3.02
"2026-07-25 19:55",221.156,230.362,218.319,0.333,1.47,3.026
"2026-07-25 20:00",221.377,230.218,218.552,0.333,1.512,2.969
"2026-07-25 20:05",220.548,229.929,213.744,0.333,1.451,10.108
"2026-07-25 20:10",221.227,229.073,217.141,0.334,1.469,3.031
"2026-07-25 20:15",222.221,228.726,216.339,0.332,1.481,3.031
"2026-07-25 20:20",221.51,228.453,215.628,0.33,1.439,3.095
"2026-07-25 20:25",223.689,230.305,217.476,0.331,1.464,3.033
"2026-07-25 20:30",224.203,231.724,213.964,0.337,1.413,10.139
"2026-07-25 20:35",223.859,230.678,217.931,0.336,1.414,3.061
"2026-07-25 20:40",224.042,230.955,217.999,0.337,1.486,2.991
"2026-07-25 20:45",223.909,230.45,217.35,0.337,1.497,2.996
"2026-07-25 20:50",223.068,230.235,216.95,0.336,1.505,2.995
"2026-07-25 20:55",222.474,230.146,211.8,0.336,1.403,10.476
"2026-07-25 21:00",222.585,229.581,216.278,0.337,1.427,3.085
"2026-07-25 21:05",222.824,229.636,216.31,0.337,1.434,3.072
"2026-07-25 21:10",222.352,229.02,216.04,0.335,1.44,3.076
"2026-07-25 21:15",222.255,228.949,215.639,0.335,1.479,3.036
"2026-07-25 21:20",221.313,228.842,211.088,0.335,1.417,10.106
"2026-07-25 21:25",221.47,228.08,214.792,0.335,1.425,3.079
"2026-07-25 21:30",221.487,228.137,214.975,0.335,1.423,3.111
"2026-07-25 21:35",220.891,227.177,214.213,0.333,1.469,3.056
"2026-07-25 21:40",220.764,227.328,214.097,0.333,1.465,3.071
"2026-07-25 21:45",223.924,230.098,216.663,0.336,1.463,3.032
"2026-07-25 21:50",222.691,229.334,211,0.335,1.471,10.346
"2026-07-25 21:55",224.229,230.194,216.868,0.336,1.488,3.02
"2026-07-25 22:00",224.493,230.545,216.959,0.337,1.45,3.048
"2026-07-25 22:05",223.412,229.442,215.626,0.335,1.457,3.07
"2026-07-25 22:10",222.695,228.53,215.287,0.334,1.408,3.121
"2026-07-25 22:15",222.529,228.365,215.002,0.334,1.434,3.118
"2026-07-25 22:20",222.11,228.481,210.707,0.334,1.406,10.146
"2026-07-25 22:25",222.645,228.259,214.885,0.334,1.397,3.137
"2026-07-25 22:30",221.852,227.812,214.493,0.333,1.44,3.09
"2026-07-25 22:35",221.858,227.276,213.974,0.333,1.45,3.091
"2026-07-25 22:40",222.208,227.285,214.17,0.333,1.481,3.065
"2026-07-25 22:45",221.685,227.107,214.204,0.334,1.491,3.061
"2026-07-25 22:50",221.88,227.557,210.417,0.334,1.478,9.983
"2026-07-25 22:55",222.665,227.992,215.195,0.334,1.503,3.038
"2026-07-25 23:00",222.491,227.855,214.969,0.334,1.459,3.064
"2026-07-25 23:05",221.745,227.05,214.48,0.334,1.406,3.134
"2026-07-25 23:10",222.613,228.186,215.309,0.335,1.457,3.074
"2026-07-25 23:15",222.288,227.702,214.979,0.334,1.414,3.13
"2026-07-25 23:20",222.845,228.889,211.87,0.336,1.387,9.975
"2026-07-25 23:25",223.4,228.947,216.239,0.335,1.392,3.118
"2026-07-25 23:30",223.992,229.616,216.801,0.336,1.414,3.122
"2026-07-25 23:35",223.831,229.341,216.907,0.337,1.441,3.058
"2026-07-25 23:40",224.896,230.464,217.734,0.336,1.405,3.123
"2026-07-25 23:45",225.518,231.113,218.314,0.337,1.374,3.123
"2026-07-25 23:50",224.381,230.549,213.473,0.336,1.417,9.854
"2026-07-25 23:55",224.625,230.317,217.482,0.337,1.439,3.049
"2026-07-26 00:00",224.76,230.39,217.63,,,
"2026-07-26 00:05",224.889,230.462,217.779,0.338,1.398,3.114
"2026-07-26 00:10",224.82,230.287,217.868,0.338,1.41,3.089
"2026-07-26 00:15",225.457,231.065,218.255,0.339,1.462,3.009
"2026-07-26 00:20",224.664,230.641,213.319,0.339,1.382,10.232
"2026-07-26 00:25",225.233,230.61,218.169,0.339,1.457,3.015
"2026-07-26 00:30",225.289,231.094,218.593,0.338,1.399,3.076
"2026-07-26 00:35",224.999,230.457,217.88,0.339,1.46,3.016
"2026-07-26 00:40",225.473,230.792,218.308,0.339,1.433,3.073
"2026-07-26 00:45",225.543,230.888,218.656,0.34,1.481,3.01
"2026-07-26 00:50",224.845,230.661,213.818,0.34,1.46,10.162
"2026-07-26 00:55",225.807,231.024,218.9,0.339,1.401,3.075
"2026-07-26 01:00",226.762,232.087,219.724,0.342,1.464,2.98
"2026-07-26 01:05",225.803,231.144,218.85,0.34,1.475,2.987
"2026-07-26 01:10",225.756,231.151,218.476,0.34,1.392,3.098
"2026-07-26 01:15",226.167,231.578,219.141,0.341,1.436,3.022
"2026-07-26 01:20",223.876,229.769,212.778,0.338,1.394,10.088
"2026-07-26 01:25",224.28,229.646,217.296,0.337,1.44,3.05
"2026-07-26 01:30",224.861,230.366,217.851,0.336,1.398,3.085
"2026-07-26 01:35",225.352,230.973,218.448,0.341,1.446,3.024
"2026-07-26 01:40",225.776,231.439,218.653,0.342,1.404,3.106
"2026-07-26 01:45",226.239,232.089,219.679,0.342,1.409,3.055
"2026-07-26 01:50",226.788,232.581,219.881,0.343,1.455,3.006
"2026-07-26 01:55",224.812,230.956,213.507,0.34,1.387,9.903
"2026-07-26 02:00",224.957,230.43,217.816,0.34,1.404,3.088
"2026-07-26 02:05",224.77,230.89,217.929,0.34,1.389,3.085
"2026-07-26 02:10",225.088,230.741,217.827,0.34,1.405,3.075
"2026-07-26 02:15",224.69,230.588,217.903,0.336,1.455,3.027
"2026-07-26 02:20",226.05,231.821,218.946,0.343,1.437,3.022
"2026-07-26 02:25",225.942,232.49,214.85,0.343,1.439,10.14
"2026-07-26 02:30",226.682,232.705,219.656,0.344,1.393,3.097
"2026-07-26 02:35",227.161,233.187,220.265,0.345,1.431,3.015
"2026-07-26 02:40",227.429,233.158,220.371,0.346,1.447,2.998
"2026-07-26 02:45",226.509,233.54,220.855,0.345,1.386,3.053
"2026-07-26 02:50",226.562,233.935,221.818,0.346,1.432,2.996
"2026-07-26 02:55",226.335,234.312,217.477,0.346,1.428,9.73
"2026-07-26 03:00",225.846,233.59,221.444,0.343,1.374,3.067
"2026-07-26 03:05",225.459,233.078,220.996,0.337,1.365,3.07
"2026-07-26 03:10",227.32,234.878,222.557,0.346,1.429,2.986
"2026-07-26 03:15",226.985,235.201,223.48,0.347,1.388,3.051
"2026-07-26 03:20",226.564,234.853,222.946,0.347,1.441,2.972
"2026-07-26 03:25",226.126,234.331,222.785,0.347,1.446,2.983
"2026-07-26 03:30",,,,,,
"2026-07-26 03:35",,,,,,
"2026-07-26 03:40",,,,,,
"2026-07-26 03:45",,,,,,
"2026-07-26 03:50",,,,,,
"2026-07-26 03:55",,,,,,
"2026-07-26 04:00",,,,,,
"2026-07-26 04:05",,,,,,
"2026-07-26 04:10",,,,,,
"2026-07-26 04:15",,,,,,
"2026-07-26 04:20",,,,,,
"2026-07-26 04:25",,,,,,
"2026-07-26 04:30",,,,,,
"2026-07-26 04:35",,,,,,
"2026-07-26 04:40",,,,,,
"2026-07-26 04:45",,,,,,
"2026-07-26 04:50",,,,,,
"2026-07-26 04:55",,,,,,
"2026-07-26 05:00",,,,,,
"2026-07-26 05:05",,,,,,
"2026-07-26 05:10",,,,,,
"2026-07-26 05:15",,,,,,
"2026-07-26 05:20",,,,,,
"2026-07-26 05:25",,,,,,
"2026-07-26 05:30",,,,,,
"2026-07-26 05:35",,,,,,
"2026-07-26 05:40",,,,,,
"2026-07-26 05:45",,,,,,
"2026-07-26 05:50",,,,,,
"2026-07-26 05:55",,,,,,
"2026-07-26 06:00",,,,,,
"2026-07-26 06:05",,,,,,
"2026-07-26 06:10",,,,,,
"2026-07-26 06:15",,,,,,
"2026-07-26 06:20",,,,,,
"2026-07-26 06:25",233.097,237.393,231.947,0.359,1.404,2.974
"2026-07-26 06:30",232.436,235.836,230.8,0.361,1.459,2.896
"2026-07-26 06:35",232.686,236.551,226.931,0.355,1.418,9.818
"2026-07-26 06:40",232.955,236.509,231.319,0.355,1.447,2.86
"2026-07-26 06:45",233.77,237.081,232.431,0.356,1.495,2.804
"2026-07-26 06:50",234.125,237.453,232.587,0.357,1.49,2.806
"2026-07-26 06:55",234.386,236.389,232.507,0.361,1.348,2.904
"2026-07-26 07:00",234.637,236.858,232.514,0.361,1.297,2.774
"2026-07-26 07:05",232.361,234.917,225.608,0.355,1.364,9.974
"2026-07-26 07:10",232.567,234.61,230.282,0.36,1.378,2.629
"2026-07-26 07:15",232.731,234.446,230.391,0.365,1.437,2.592
"2026-07-26 07:20",232.924,234.602,230.64,0.361,1.342,2.592
"2026-07-26 07:25",233.392,235.273,231.315,0.361,1.344,2.532
"2026-07-26 07:30",233.263,235.174,231.282,0.361,1.26,2.554
"2026-07-26 07:35",232.538,235.265,226.143,0.36,1.221,9.84
"2026-07-26 07:40",233.304,235.494,231.631,0.362,1.127,2.367
"2026-07-26 07:45",233.683,235.842,231.845,0.36,1.303,2.442
"2026-07-26 07:50",233.618,235.779,231.915,0.361,1.246,2.179
"2026-07-26 07:55",233.511,235.749,231.942,0.365,1.06,2.031
"2026-07-26 08:00",233.704,235.983,231.946,0.36,1.238,2.244
"2026-07-26 08:05",232.312,235.228,226.244,0.359,1.18,9.39
"2026-07-26 08:10",232.721,235.303,231.268,0.361,1.185,1.966
"2026-07-26 08:15",232.222,234.571,230.416,0.363,1.04,1.953
"2026-07-26 08:20",231.447,234.3,225.147,0.356,1.167,9.25
"2026-07-26 08:25",232.484,233.287,228.585,0.359,1.149,1.771
"2026-07-26 08:30",233.188,236.003,231.666,0.353,0.557,1.632
"2026-07-26 08:35",233.119,236.237,227.305,0.37,1.444,9.201
"2026-07-26 08:40",235.707,237.411,233.52,0.364,2.081,2.743
"2026-07-26 08:45",233.36,232.075,231.585,0.364,1.115,2.075
"2026-07-26 08:50",231.613,232.513,230.313,0.366,1.12,1.838
"2026-07-26 08:55",230.466,232.254,229.349,0.365,1.076,2.05
"2026-07-26 09:00",231.426,232.668,229.226,0.367,1.232,2.139
"2026-07-26 09:05",230.92,232.19,228.66,0.366,1.226,2.424
"2026-07-26 09:10",230.743,232.615,224.025,0.365,1.164,9.779
"2026-07-26 09:15",230.896,232.106,228.715,0.367,1.3,2.476
"2026-07-26 09:20",230.03,232.174,228.239,0.367,1.26,2.453
"2026-07-26 09:25",229.857,232.629,223.665,0.362,1.057,9.392
"2026-07-26 09:30",230.695,233.093,229.171,0.364,1.119,2.271
"2026-07-26 09:35",230.875,233.373,229.42,0.364,1.087,2.258
"2026-07-26 09:40",231.198,233.805,229.566,0.366,1.088,2.122
"2026-07-26 09:45",231.874,234.536,230.12,0.368,1.238,2.287
"2026-07-26 09:50",231.51,233.767,229.563,0.365,1.415,2.433
"2026-07-26 09:55",230.899,233.639,224.404,0.366,1.355,9.934
"2026-07-26 10:00",231.028,233.382,229.518,0.367,1.03,1.93
"2026-07-26 10:05",231.257,233.763,229.987,0.367,0.854,1.683
"2026-07-26 10:10",231.271,233.985,230.311,0.353,0.625,0.693
"2026-07-26 10:15",230.899,233.589,229.992,0.348,0.555,0.794
"2026-07-26 10:20",230.747,234.095,224.773,0.359,0.549,8.804
"2026-07-26 10:25",231.334,233.491,229.532,0.36,1.436,1.509
"2026-07-26 10:30",230.803,233.035,228.696,0.355,1.299,2.482
"2026-07-26 10:35",230.951,233.415,229.062,0.365,1.047,2.021
"2026-07-26 10:40",230.06,232.578,223.513,0.366,1.237,9.267
"2026-07-26 10:45",230.167,232.388,227.796,0.366,1.305,2.528
"2026-07-26 10:50",229.982,233.25,228.091,0.366,1.122,2.561
"2026-07-26 10:55",230.296,233.643,228.795,0.364,0.995,2.262
"2026-07-26 11:00",231.233,234.71,230.196,0.369,0.981,1.743
"2026-07-26 11:05",231.252,235.658,225.688,0.364,0.881,9.113
"2026-07-26 11:10",232.131,236.068,231.31,0.363,0.7,1.542
"2026-07-26 11:15",231.35,235.201,230.74,0.356,0.558,1.439
"2026-07-26 11:20",231.012,235.236,225.736,0.363,0.928,8.649
"2026-07-26 11:25",231.697,235.288,230.695,0.348,0.558,0.881
"2026-07-26 11:30",230.831,234.491,229.598,0.351,0.555,1.312
"2026-07-26 11:35",230.829,234.441,229.561,0.349,0.555,1.207
"2026-07-26 11:40",231.251,234.909,230.099,0.354,0.766,1.471
"2026-07-26 11:45",228.909,233.304,222.879,0.344,0.536,9.715
"2026-07-26 11:50",232.028,236.182,231.159,0.351,0.56,1.587
"2026-07-26 11:55",232.301,235.994,231.156,0.352,0.557,1.744
"2026-07-26 12:00",232.79,236.62,231.67,,,
"2026-07-26 12:05",233.282,237.249,232.179,0.353,0.989,1.643
"2026-07-26 12:10",231.888,236.378,226.322,0.35,0.905,8.93
"2026-07-26 12:15",232.261,236.301,231.537,0.342,0.642,1.449
"2026-07-26 12:20",231.302,236.044,225.863,0.341,0.549,8.074
"2026-07-26 12:25",231.52,235.457,230.686,0.332,0.554,0.507
"2026-07-26 12:30",231.724,235.602,230.748,0.329,0.555,0.511
"2026-07-26 12:35",232.095,236.011,231.053,0.329,0.555,0.506
"2026-07-26 12:40",230.865,235.488,225.43,0.333,0.548,8.462
"2026-07-26 12:45",230.63,234.661,230.153,0.329,0.555,0.508
"2026-07-26 12:50",230.579,234.042,229.533,0.342,0.905,1.181
"2026-07-26 12:55",230.641,234.467,229.794,0.331,0.551,0.512
"2026-07-26 13:00",230.663,234.984,225.257,0.334,0.545,8.2
"2026-07-26 13:05",230.792,235.299,225.532,0.334,0.545,7.788
"2026-07-26 13:10",230.62,234.426,229.432,0.331,0.55,0.506
"2026-07-26 13:15",230.86,234.742,230.148,0.329,0.55,0.506
"2026-07-26 13:20",230.828,234.596,229.729,0.345,0.924,1.651
"2026-07-26 13:25",231.18,234.795,229.639,0.345,1.104,2.027
"2026-07-26 13:30",230.383,234.622,224.6,0.344,0.845,9.114
"2026-07-26 13:35",230.278,234.208,229.148,0.345,0.794,1.589
"2026-07-26 13:40",230.847,234.886,229.658,0.336,0.676,1.5
"2026-07-26 13:45",230.075,233.828,229.128,0.34,0.833,1.254
"2026-07-26 13:50",228.9,232.978,223.38,0.344,1.041,9.05
"2026-07-26 13:55",228.885,232.902,228.096,0.325,0.54,0.508
"2026-07-26 14:00",229.279,233.046,228.4,0.341,1.01,1.007
"2026-07-26 14:05",228.864,232.621,227.923,0.337,0.846,1.441
"2026-07-26 14:10",227.298,231.47,221.807,0.332,0.936,8.994
"2026-07-26 14:15",230.039,232.973,227.663,0.34,1.063,1.406
"2026-07-26 14:20",229.723,232.894,222.642,0.343,1.205,9.183
"2026-07-26 14:25",229.908,232.645,227.235,0.346,1.146,2.128
"2026-07-26 14:30",229.564,232.396,227.464,0.35,1.189,1.406
"2026-07-26 14:35",229.787,232.844,227.456,0.336,0.886,1.003
"2026-07-26 14:40",230.456,233.265,227.688,0.348,1.228,2.05
"2026-07-26 14:45",229.385,232.597,222.013,0.346,1.336,9.677
"2026-07-26 14:50",230.284,233.077,227.224,0.344,1.345,2.695
"2026-07-26 14:55",229.087,231.842,226.027,0.336,1.349,2.751
"2026-07-26 15:00",230.087,232.72,226.98,0.343,1.368,2.703
"2026-07-26 15:05",230.763,233.369,227.611,0.347,1.287,2.728
"2026-07-26 15:10",230.447,233.84,222.869,0.343,1.17,10.154
"2026-07-26 15:15",229.762,232.566,226.691,0.35,1.268,2.581
"2026-07-26 15:20",230.163,233.415,222.96,0.341,1.379,9.799
"2026-07-26 15:25",228.916,231.71,226.16,0.338,1.36,2.474
"2026-07-26 15:30",230.288,233.049,227.329,0.349,1.303,2.554
"2026-07-26 15:35",228.914,232.047,221.79,0.345,1.287,9.525
"2026-07-26 15:40",229.799,232.567,227.276,0.345,1.146,2.463
"2026-07-26 15:45",229.717,233.625,227.469,0.341,1.148,2.416
"2026-07-26 15:50",230.595,234.769,228.323,0.348,1.187,2.454
"2026-07-26 15:55",230.403,234.403,228.273,0.348,1.205,2.387
"2026-07-26 16:00",229.238,233.756,222.91,0.346,1.05,9.398
"2026-07-26 16:05",228.968,233.367,227.287,0.335,0.544,1.864
"2026-07-26 16:10",231.868,235.85,230.793,0.336,0.937,0.884
"2026-07-26 16:15",231.507,236.005,225.163,0.346,1.033,9.028
"2026-07-26 16:20",232.001,235.955,230.675,0.344,1.183,1.626
"2026-07-26 16:25",232.601,236.575,230.548,0.341,0.886,1.59
"2026-07-26 16:30",232.56,236.549,230.792,0.344,0.941,1.646
"2026-07-26 16:35",231.857,236.273,225.277,0.348,1.089,9.206
"2026-07-26 16:40",231.803,235.309,229.219,0.339,1.183,2.304
"2026-07-26 16:45",232.238,235.997,229.786,0.345,1.248,2.261
"2026-07-26 16:50",231.31,235.182,229.161,0.342,0.983,1.878
"2026-07-26 16:55",232.313,236.212,230.158,0.346,0.985,1.846
"2026-07-26 17:00",231.545,235.609,229.805,0.345,1.151,2.024
"2026-07-26 17:05",230.988,235.472,224.314,0.344,1.172,9.516
"2026-07-26 17:10",232.429,236.251,229.727,0.346,1.328,2.671
"2026-07-26 17:15",232.29,236.016,229.866,0.346,1.291,2.653
"2026-07-26 17:20",231.969,235.935,229.613,0.349,1.261,2.605
"2026-07-26 17:25",231.475,235.949,224.597,0.347,1.443,9.79
"2026-07-26 17:30",239.055,237.781,238.059,0.355,1.754,2.111
"2026-07-26 17:35",232.183,231.588,230.442,0.348,1.348,2.589
"2026-07-26 17:40",233.05,232.969,229.151,0.348,1.402,2.667
"2026-07-26 17:45",237.755,236.196,237.705,0.356,1.691,1.903
"2026-07-26 17:50",232.14,231.29,225.156,0.347,1.403,9.835
"2026-07-26 17:55",232.205,231.012,229.939,0.346,1.542,2.645
"2026-07-26 18:00",232.1,231.32,229.22,,,
"2026-07-26 18:05",232.002,231.635,228.494,0.344,1.539,2.777
"2026-07-26 18:10",228.586,234.535,225.197,0.342,1.538,2.789
"2026-07-26 18:15",227.878,234.596,220.163,0.336,1.482,9.813
"2026-07-26 18:20",228.104,234.274,224.787,0.342,1.548,2.806
"2026-07-26 18:25",227.334,233.477,224.113,0.337,1.476,2.927
"2026-07-26 18:30",226.449,232.105,222.853,0.339,1.484,2.935
"2026-07-26 18:35",228.349,234.483,224.934,0.344,1.5,2.884
"2026-07-26 18:40",226.995,232.638,223.474,0.339,1.464,2.952
"2026-07-26 18:45",226.005,232.159,218.138,0.337,1.447,9.896
"2026-07-26 18:50",226.298,232.219,222.73,0.339,1.458,2.97
"2026-07-26 18:55",225.639,231.653,221.735,0.343,1.45,2.985
"2026-07-26 19:00",223.414,231.069,220.301,0.343,1.53,2.923
"2026-07-26 19:05",224.114,232.973,221.568,0.336,1.515,2.913
"2026-07-26 19:10",222.997,232.241,215.9,0.337,1.463,10.035
"2026-07-26 19:15",224.448,233.205,222.054,0.343,1.502,2.911
"2026-07-26 19:20",223.787,232.675,220.911,0.342,1.518,2.914
"2026-07-26 19:25",222.61,232.137,220.104,0.339,1.51,2.914
"2026-07-26 19:30",221.931,231.443,219.443,0.335,1.529,2.923
"2026-07-26 19:35",223.848,233.424,220.879,0.342,1.475,2.966
"2026-07-26 19:40",222.361,232.353,215.243,0.341,1.448,10.183
"2026-07-26 19:45",222.286,231.781,219.356,0.341,1.46,3.001
"2026-07-26 19:50",221.688,231.219,218.693,0.341,1.483,2.975
"2026-07-26 19:55",224.201,233.952,221.332,0.342,1.507,2.917
"2026-07-26 20:00",225.125,234.821,222.244,0.343,1.497,2.953
"2026-07-26 20:05",223.976,233.394,220.991,0.342,1.5,2.919
"2026-07-26 20:10",223.149,233.346,215.802,0.34,1.503,9.819
"2026-07-26 20:15",223.121,232.756,220.066,0.342,1.531,2.902
"2026-07-26 20:20",222.713,232.613,219.688,0.341,1.479,2.967
"2026-07-26 20:25",221.932,231.85,218.94,0.34,1.475,2.985
"2026-07-26 20:30",221.466,231.333,218.25,0.34,1.469,3.003
"2026-07-26 20:35",220.456,230.576,212.918,0.34,1.527,10.01
"2026-07-26 20:40",220.902,230.46,217.46,0.339,1.555,2.911
"2026-07-26 20:45",220.823,230.363,217.814,0.339,1.586,2.885
"2026-07-26 20:50",225.573,234.77,221.698,0.339,1.532,2.872
"2026-07-26 20:55",225.658,235.618,222.888,0.341,1.513,2.896
"2026-07-26 21:00",225.397,235.033,222.448,0.392,1.52,13.895
"2026-07-26 21:05",223.81,234.283,219.778,0.39,1.462,2.982
"2026-07-26 21:10",223.332,233.013,220.237,0.391,1.509,2.917
"2026-07-26 21:15",222.403,231.887,219.316,0.39,1.542,2.852
"2026-07-26 21:20",221.656,230.707,218.166,0.39,1.573,2.884
"2026-07-26 21:25",220.785,230.316,217.633,0.391,1.536,2.927
"2026-07-26 21:30",220.751,230.138,217.801,0.392,1.542,7.341
"2026-07-26 21:35",220.412,229.6,212.486,0.389,1.541,5.181
"2026-07-26 21:40",220.404,229.118,216.068,0.389,1.546,2.915
"2026-07-26 21:45",222.395,231.03,218.48,0.389,1.501,2.959
"2026-07-26 21:50",220.571,228.826,216.184,0.388,1.504,2.985
"2026-07-26 21:55",220.59,229.016,216.503,0.389,1.559,2.911
"2026-07-26 22:00",220.535,228.71,211.352,0.389,1.549,9.989
"2026-07-26 22:05",220.626,228.289,215.316,0.388,1.504,2.993
"2026-07-26 22:10",221.304,228.441,215.117,0.39,1.5,3.003
"2026-07-26 22:15",221.19,228.476,215.104,0.389,1.561,2.921
"2026-07-26 22:20",220.55,227.796,214.44,0.388,1.509,3.01
"2026-07-26 22:25",224.318,231.555,218.203,0.389,1.477,2.988
"2026-07-26 22:30",223.614,231.339,213.554,0.389,1.532,10.084
"2026-07-26 22:35",224.546,231.768,218.859,0.388,1.496,2.952
"2026-07-26 22:40",225.103,232.679,219.226,0.388,1.482,2.97
"2026-07-26 22:45",225.15,232.526,219.075,0.39,1.547,2.887
"2026-07-26 22:50",226.217,234.166,221.01,0.391,1.514,2.899
"2026-07-26 22:55",225.195,233.776,220.901,0.391,1.577,2.861
"2026-07-26 23:00",224.898,234.05,216.578,0.392,1.481,10.024
"2026-07-26 23:05",221.913,230.276,217.526,0.387,1.473,2.994
"2026-07-26 23:10",223.149,231.588,218.704,0.391,1.487,2.967
"2026-07-26 23:15",222.229,230.663,217.847,0.39,1.52,2.936
"2026-07-26 23:20",224.212,232.779,220.019,0.392,1.494,2.957
"2026-07-26 23:25",223.998,232.564,219.726,0.393,1.549,2.891
"2026-07-26 23:30",224.331,233.649,216.033,0.393,1.464,10.191
"2026-07-26 23:35",223.941,232.443,219.67,0.392,1.538,2.908
"2026-07-26 23:40",224.103,232.75,219.918,0.392,1.521,2.904
"2026-07-26 23:45",224.259,233.258,220.148,0.392,1.488,2.949
"2026-07-26 23:50",224.829,233.686,220.811,0.393,1.569,2.877
"2026-07-26 23:55",221.612,230.844,213.734,0.385,1.478,9.8
"2026-07-27 00:00",223,232.16,216.52,,,
"2026-07-27 00:05",224.39,233.48,219.31,,,
"2026-07-27 00:10",225.777,234.796,222.092,0.396,1.535,2.856
"2026-07-27 00:15",224.044,232.868,220.232,0.396,1.562,2.878
"2026-07-27 00:20",222.548,231.515,218.619,0.394,1.5,2.955
"2026-07-27 00:25",222.224,230.883,218.311,0.394,1.527,2.928
"2026-07-27 00:30",221.973,231.388,213.975,0.395,1.523,10.121
"2026-07-27 00:35",222.599,231.319,218.863,0.395,1.547,2.889
"2026-07-27 00:40",223.527,232.353,219.804,0.394,1.552,2.873
"2026-07-27 00:45",223.974,232.593,219.883,0.394,1.478,2.961
"2026-07-27 00:50",224.089,232.792,220.017,0.393,1.565,2.889
"2026-07-27 00:55",224.548,233.081,220.291,0.394,1.51,2.924
"2026-07-27 01:00",223.741,233.011,215.826,0.395,1.484,10.142
"2026-07-27 01:05",225.101,233.454,220.75,0.393,1.444,2.989
"2026-07-27 01:10",225.289,233.906,221.295,0.394,1.495,2.92
"2026-07-27 01:15",225.464,234.292,221.475,0.394,1.503,2.909
"2026-07-27 01:20",224.192,233.15,220.371,0.394,1.451,2.991
"2026-07-27 01:25",225.347,234.11,221.034,0.395,1.491,2.935
"2026-07-27 01:30",225.485,235.015,216.951,0.395,1.435,10.044
"2026-07-27 01:35",226.679,235.383,222.472,0.393,1.432,2.983
"2026-07-27 01:40",225.959,234.647,221.641,0.395,1.492,2.923
"2026-07-27 01:45",224.903,233.553,220.886,0.394,1.492,2.931
"2026-07-27 01:50",224.789,233.466,220.564,0.394,1.441,2.977
"2026-07-27 01:55",226.59,235.292,222.555,0.396,1.495,2.901
"2026-07-27 02:00",226.411,235.684,218.052,0.396,1.439,9.99
"2026-07-27 02:05",225.863,235.507,223.003,0.397,1.504,2.88
"2026-07-27 02:10",226.272,235.894,223.086,0.396,1.478,2.913
"2026-07-27 02:15",225.721,235.953,223.884,0.398,1.517,2.855
"2026-07-27 02:20",225.969,236.101,223.877,0.399,1.505,2.912
"2026-07-27 02:25",222.78,233.178,221.095,0.396,1.547,2.864
"2026-07-27 02:30",223.145,233.81,217.198,0.397,1.48,9.729
"2026-07-27 02:35",223.569,233.745,221.469,0.396,1.512,2.891
"2026-07-27 02:40",223.411,233.693,221.502,0.395,1.459,2.959
"2026-07-27 02:45",223.933,234.017,221.673,0.394,1.455,2.956
"2026-07-27 02:50",225.305,235.593,223.646,0.395,1.457,2.934
"2026-07-27 02:55",226.213,236.114,224.208,0.396,1.464,2.917
"2026-07-27 03:00",225.072,235.916,219.237,0.397,1.486,9.603
"2026-07-27 03:05",226.037,236.317,224.032,0.396,1.457,2.92
"2026-07-27 03:10",225.854,236.668,224.095,0.395,1.445,2.932
"2026-07-27 03:15",226.168,236.489,224.374,0.397,1.441,2.93
"2026-07-27 03:20",226.369,236.744,224.37,0.396,1.489,2.879
"2026-07-27 03:25",224.661,235.014,222.593,0.395,1.459,2.925
"2026-07-27 03:30",224.426,234.824,218.036,0.398,1.466,9.664
"2026-07-27 03:35",225.151,235.805,223.31,0.396,1.443,2.92
"2026-07-27 03:40",223.546,234.646,222.541,0.396,1.478,2.939
"2026-07-27 03:45",224.48,235.641,223.602,0.398,1.507,2.869
"2026-07-27 03:50",225.559,236.503,224.618,0.397,1.469,2.908
"2026-07-27 03:55",225.594,236.535,224.405,0.397,1.502,2.872
"2026-07-27 04:00",225.246,235.88,224.078,0.398,1.514,2.862
"2026-07-27 04:05",224.943,236.237,219.999,0.397,1.512,9.728
"2026-07-27 04:10",227.448,235.757,225.776,0.397,1.468,2.898
"2026-07-27 04:15",224.109,232.307,222.317,0.398,1.482,2.921
"2026-07-27 04:20",223.592,231.599,221.859,0.397,1.559,2.855
"2026-07-27 04:25",225.69,232.559,222.705,0.399,1.539,2.858
"2026-07-27 04:30",226.039,233.061,222.949,0.396,1.481,2.935
"2026-07-27 04:35",225.58,233.162,218.526,0.399,1.485,9.787
"2026-07-27 04:40",225.021,231.95,222.108,0.399,1.552,2.848
"2026-07-27 04:45",226.526,233.395,223.24,0.397,1.498,2.904
"2026-07-27 04:50",226.297,233.296,222.978,0.398,1.575,2.844
"2026-07-27 04:55",226.619,233.59,223.45,0.398,1.499,2.899
"2026-07-27 05:00",226.485,233.324,223.361,0.399,1.556,2.833
"2026-07-27 05:05",226.11,233.561,218.832,0.398,1.482,9.793
"2026-07-27 05:10",226.613,233.648,223.421,0.398,1.536,2.838
"2026-07-27 05:15",226.743,233.657,223.786,0.396,1.488,2.908
"2026-07-27 05:20",226.375,233.371,223.676,0.394,1.552,2.828
"2026-07-27 05:25",226.232,233.101,223.381,0.398,1.53,2.861
"2026-07-27 05:30",226.103,233.102,223.298,0.394,1.467,2.961
"2026-07-27 05:35",225.729,233.181,218.406,0.398,1.504,10.028
"2026-07-27 05:40",226.817,233.962,223.973,0.395,1.508,2.884
"2026-07-27 05:45",226.981,233.819,223.909,0.394,1.46,2.933
"2026-07-27 05:50",227.282,234.326,224.679,0.393,1.444,2.947
"2026-07-27 05:55",227.297,234.317,224.667,0.393,1.458,2.937
"2026-07-27 06:00",225.472,233.699,224.207,0.395,1.497,2.88
"2026-07-27 06:05",226.28,234.11,224.55,,,
"2026-07-27 06:10",227.094,234.514,224.889,0.398,1.511,2.858
"2026-07-27 06:15",226.487,234.121,224.267,0.398,1.515,2.859
"2026-07-27 06:20",228.311,235.884,225.643,0.397,1.529,2.849
"2026-07-27 06:25",231.528,234.983,229.943,0.399,1.526,2.984
"2026-07-27 06:30",233.684,237.516,233.003,0.392,2.543,2.923
"2026-07-27 06:35",231.84,234.966,226.004,0.39,1.461,10.063
"2026-07-27 06:40",232.981,235.62,231.63,0.384,1.445,2.88
"2026-07-27 06:45",232.377,235.012,231.001,0.381,1.44,2.886
"2026-07-27 06:50",232.978,235.662,231.512,0.379,1.456,2.865
"2026-07-27 06:55",232.845,235.524,231.335,0.374,1.402,2.925
"2026-07-27 07:00",232.726,235.67,231.558,0.371,1.418,2.911
"2026-07-27 07:05",231.507,234.606,225.546,0.369,1.366,10.185
"2026-07-27 07:10",231.877,234.456,230.457,0.366,1.438,2.925
"2026-07-27 07:15",231.632,234.366,230.358,0.372,1.458,2.502
"2026-07-27 07:20",231.607,234.437,230.301,0.369,1.272,2.49
"2026-07-27 07:25",231.152,234.497,225.811,0.365,1.336,9.561
"2026-07-27 07:30",231.59,234.171,230.351,0.366,1.336,2.5
"2026-07-27 07:35",230.42,232.967,229.518,0.361,1.302,2.257
"2026-07-27 07:40",230.052,232.664,229.012,0.357,1.382,2.332
"2026-07-27 07:45",230.367,232.901,228.889,0.359,1.264,2.515
"2026-07-27 07:50",229.743,232.594,228.497,0.357,1.246,2.594
"2026-07-27 07:55",228.696,231.737,223.265,0.354,1.258,9.693
"2026-07-27 08:00",229.32,232.559,227.411,0.353,1.29,2.637
"2026-07-27 08:05",229.903,233.162,228.388,0.352,1.237,2.674
"2026-07-27 08:10",229.718,232.797,227.995,0.354,1.179,2.394
"2026-07-27 08:15",229.408,232.567,228.16,0.352,1.179,2.2
"2026-07-27 08:20",227.982,231.684,222.056,0.352,1.263,9.479
"2026-07-27 08:25",230.381,234.303,228.697,0.353,1.355,2.601
"2026-07-27 08:30",229.569,234.089,228.511,0.349,1.488,2.646
"2026-07-27 08:35",229.973,234.301,228.619,0.352,1.363,2.515
"2026-07-27 08:40",230.134,234.394,228.912,0.351,1.224,2.485
"2026-07-27 08:45",230.01,234.253,228.876,0.351,1.321,2.51
"2026-07-27 08:50",228.773,233.878,223.156,0.348,1.221,9.571
"2026-07-27 08:55",228.834,233.297,227.849,0.35,1.192,2.501
"2026-07-27 09:00",229.52,233.751,228.315,0.349,1.334,2.385
"2026-07-27 09:05",229.259,233.951,228.076,0.351,1.366,2.549
"2026-07-27 09:10",229.225,233.262,227.63,0.351,1.41,2.552
"2026-07-27 09:15",228.145,233.117,222.526,0.348,1.303,9.793
"2026-07-27 09:20",229.298,233.713,228.116,0.347,1.341,2.512
"2026-07-27 09:25",227.62,232.151,226.536,0.349,1.356,2.499
"2026-07-27 09:30",226.995,232.723,221.965,0.348,1.272,9.565
"2026-07-27 09:35",227.03,232.094,226.585,0.348,1.055,1.944
"2026-07-27 09:40",227.329,232.493,227.057,0.353,1.273,2.1
"2026-07-27 09:45",229.163,234.103,228.359,0.349,1.267,2.281
"2026-07-27 09:50",229.999,235.247,228.948,0.35,1.204,2.28
"2026-07-27 09:55",229.683,234.884,228.905,0.353,1.022,2.17
"2026-07-27 10:00",229.043,234.811,224.045,0.357,1.088,9.166
"2026-07-27 10:05",229.575,235.005,228.711,0.358,1.065,2
"2026-07-27 10:10",228.864,234.046,227.888,0.353,1.18,2.101
"2026-07-27 10:15",228.528,233.478,228.113,0.349,1.287,2.173
"2026-07-27 10:20",228.271,233.407,227.378,0.347,1.157,2.47
"2026-07-27 10:25",226.138,231.712,220.879,0.343,1.059,9.535
"2026-07-27 10:30",229.826,234.997,228.752,0.35,1.234,2.258
"2026-07-27 10:35",230.33,235.608,229.808,0.355,1.048,1.708
"2026-07-27 10:40",229.338,234.911,224.008,0.348,1.201,9.586
"2026-07-27 10:45",230.083,235.353,229.59,0.355,1.116,2.099
"2026-07-27 10:50",230.049,235.08,229.362,0.356,1.215,2.086
"2026-07-27 10:55",229.411,234.755,229.071,0.355,1.219,2.109
"2026-07-27 11:00",229.757,234.38,229.044,0.354,1.213,2.128
"2026-07-27 11:05",228.808,234.129,228.406,0.354,0.99,1.871
"2026-07-27 11:10",228.484,234.453,223.592,0.345,0.794,8.918
"2026-07-27 11:15",230.609,236.183,230.298,0.348,0.858,1.381
"2026-07-27 11:20",231.56,236.806,231.025,0.353,1.012,1.723
"2026-07-27 11:25",231.07,236.362,230.72,0.342,0.67,1.336
"2026-07-27 11:30",229.745,235.868,225.374,0.345,0.854,8.625
"2026-07-27 11:35",229.73,235.735,230.037,0.34,0.682,1.31
"2026-07-27 11:40",229.754,235.047,229.392,0.346,1.055,1.688
"2026-07-27 11:45",229.303,235.547,224.637,0.344,0.9,9.111
"2026-07-27 11:50",230.148,235.832,229.982,0.341,0.683,1.552
"2026-07-27 11:55",230.144,236.197,230.455,0.343,0.818,1.432
"2026-07-27 12:00",230.894,236.684,231.366,0.342,0.685,1.396
"2026-07-27 12:05",230.11,235.97,228.03,,,
"2026-07-27 12:10",229.32,235.251,224.694,0.348,1.064,9.184
"2026-07-27 12:15",230.356,236.135,230.051,0.349,1.333,2.322
"2026-07-27 12:20",231.084,236.74,230.948,0.354,1.335,2.53
"2026-07-27 12:25",231.081,236.216,230.444,0.352,1.192,2.467
"2026-07-27 12:30",231.079,237.124,226.07,0.35,1.013,9.334
"2026-07-27 12:35",231.543,236.933,231.717,0.347,0.764,1.552
"2026-07-27 12:40",232.205,237.053,232.263,0.337,0.555,0.826
"2026-07-27 12:45",230.158,235.546,225.803,0.331,0.547,8.096
"2026-07-27 12:50",229.84,234.538,229.934,0.326,0.546,0.508
"2026-07-27 12:55",230.009,234.155,229.945,0.337,1.036,0.974
"2026-07-27 13:00",230.214,234.748,229.372,0.345,1.009,2.033
"2026-07-27 13:05",231.307,235.66,230.302,0.348,1.169,2.102
"2026-07-27 13:10",230.476,235.18,229.536,0.343,0.892,1.736
"2026-07-27 13:15",229.852,234.69,224.518,0.341,0.869,8.788
"2026-07-27 13:20",229.995,234.26,229.187,0.346,1.005,1.701
"2026-07-27 13:25",230.285,234.857,229.697,0.348,1.055,1.884
"2026-07-27 13:30",230.132,234.516,229.513,0.348,1.021,1.869
"2026-07-27 13:35",229.832,234.376,229.32,0.346,0.859,1.695
"2026-07-27 13:40",229.067,234.416,224.01,0.345,1.057,9.081
"2026-07-27 13:45",229.88,234.48,228.759,0.347,1.109,2.101
"2026-07-27 13:50",228.794,233.887,223.653,0.345,1.114,9.404
"2026-07-27 13:55",229.583,234.286,228.681,0.346,1.044,1.991
"2026-07-27 14:00",228.721,233.381,227.948,0.343,1.071,1.949
"2026-07-27 14:05",228.793,233.64,227.769,0.343,0.89,1.942
"2026-07-27 14:10",227.595,232.52,226.823,0.344,0.93,1.745
"2026-07-27 14:15",226.878,232.058,222.078,0.345,1.06,9.156
"2026-07-27 14:20",226.657,231.475,225.781,0.345,1.102,2.119
"2026-07-27 14:25",227.026,231.316,225.36,0.339,1.006,1.983
"2026-07-27 14:30",229.355,234.527,227.837,0.341,0.923,1.953
"2026-07-27 14:35",227.607,233.469,221.769,0.342,0.967,9.331
"2026-07-27 14:40",227.224,233.459,221.762,0.344,1.092,8.984
"2026-07-27 14:45",227.214,232.246,225.793,0.341,1.02,1.964
"2026-07-27 14:50",227.138,232.566,220.866,0.342,1.166,9.201
"2026-07-27 14:55",228.314,233.512,226.854,0.343,1.25,2.145
"2026-07-27 15:00",228.688,233.642,226.999,0.343,1.306,2.182
"2026-07-27 15:05",227.54,232.406,225.901,0.344,1.274,2.193
"2026-07-27 15:10",227.391,232.281,225.429,0.342,1.242,2.191
"2026-07-27 15:15",227,232.821,220.688,0.343,1.209,9.676
"2026-07-27 15:20",226.901,232.081,225.382,0.34,1.159,2.129
"2026-07-27 15:25",226.82,231.91,224.661,0.345,1.157,2.111
"2026-07-27 15:30",227.949,232.868,225.892,0.342,1.153,2.216
"2026-07-27 15:35",226.987,232.29,220.781,0.342,1.206,9.51
"2026-07-27 15:40",238.97,242.532,237.006,0.335,0.569,0.384
"2026-07-27 15:45",229.678,231.774,227.852,0.338,1.292,2.304
"2026-07-27 15:50",228.321,230.659,221.133,0.342,1.265,9.763
"2026-07-27 15:55",227.1,231.297,225.563,0.335,1.381,2.469
"2026-07-27 16:00",227.131,231.552,225.695,0.334,1.252,2.474
"2026-07-27 16:05",226.582,231.112,225.16,0.337,1.121,2.531
"2026-07-27 16:10",228.077,232.882,226.109,0.341,1.103,2.503
"2026-07-27 16:15",228.165,233.135,221.671,0.342,1.107,9.748
"2026-07-27 16:20",228.204,233.154,225.893,0.338,1.163,2.323
"2026-07-27 16:25",228.805,233.253,226.441,0.338,1.169,2.352
"2026-07-27 16:30",229.523,234.412,227.286,0.342,1.188,2.405
"2026-07-27 16:35",229.281,234.372,222.568,0.346,1.168,9.502
"2026-07-27 16:40",229.233,234.623,222.629,0.342,1.132,9.634
"2026-07-27 16:45",229.702,234.292,227.49,0.34,1.2,2.431
"2026-07-27 16:50",229.18,234.257,227.245,0.336,1.295,2.384
"2026-07-27 16:55",229.052,233.94,222.411,0.337,1.343,9.664
"2026-07-27 17:00",229.595,233.975,227.31,0.334,1.314,2.544
"2026-07-27 17:05",230.339,235.221,228.653,0.335,1.39,2.594
"2026-07-27 17:10",230.675,235.313,228.414,0.336,1.386,2.64
"2026-07-27 17:15",231.922,236.495,229.299,0.338,1.427,2.657
"2026-07-27 17:20",231.727,236.62,224.673,0.343,1.455,10.134
"2026-07-27 17:25",231.448,236.921,230.266,0.347,1.445,2.783
"2026-07-27 17:30",231.337,236.789,230.112,0.348,1.449,2.708
"2026-07-27 17:35",231.37,236.744,229.962,0.348,1.397,2.754
"2026-07-27 17:40",231.68,237.015,230.476,0.348,1.434,2.716
"2026-07-27 17:45",231.804,236.801,231.039,0.352,1.451,2.727
"2026-07-27 17:50",231.345,236.937,226.557,0.352,1.417,9.929
"2026-07-27 17:55",231.049,234.944,230.315,0.352,1.42,2.802
"2026-07-27 18:00",232.062,236.32,226.553,0.352,1.496,9.829
"2026-07-27 18:05",230.11,234.85,224.79,,,
"2026-07-27 18:10",228.152,233.374,223.035,0.342,1.498,2.839
"2026-07-27 18:15",229.821,235.371,225.228,0.345,1.528,2.814
"2026-07-27 18:20",230.08,235.55,225.3,,,
"2026-07-27 18:25",230.346,235.729,225.371,0.346,1.503,2.875
"2026-07-27 18:30",225.604,233.313,216.899,0.334,1.495,10.005
"2026-07-27 18:35",228.471,237.189,226.012,0.344,1.478,2.88
"2026-07-27 18:40",225.873,234.705,223.655,0.34,1.482,2.915
"2026-07-27 18:45",225.196,233.759,222.901,0.342,1.499,2.891
"2026-07-27 18:50",223.004,231.951,215.93,0.339,1.445,10.311
"2026-07-27 18:55",223.654,231.617,220.676,0.343,1.492,2.944
"2026-07-27 19:00",221.774,231.596,219.277,0.338,1.447,3.012
"2026-07-27 19:05",223.248,232.735,219.765,0.342,1.432,3.025
"2026-07-27 19:10",222.782,231.984,219.162,0.342,1.439,3.033
"2026-07-27 19:15",221.778,231.594,214.043,0.338,1.426,9.995
"2026-07-27 19:20",222.573,231.904,219.138,0.341,1.476,2.97
"2026-07-27 19:25",222.636,231.977,219.399,0.341,1.417,3.047
"2026-07-27 19:30",222.214,231.389,218.861,0.339,1.443,3.021
"2026-07-27 19:35",222.516,231.875,219.329,0.34,1.487,2.963
"2026-07-27 19:40",222.203,231.448,218.697,0.34,1.425,3.049
"2026-07-27 19:45",222.935,232.531,215.354,0.336,1.4,10.023
"2026-07-27 19:50",224.211,233.467,220.613,0.342,1.421,3.015
"2026-07-27 19:55",224.35,233.626,221.218,0.342,1.476,2.948
"2026-07-27 20:00",224.338,233.332,221.046,0.341,1.464,2.967
"2026-07-27 20:05",224.773,234.055,221.715,0.342,1.403,3.036
"2026-07-27 20:10",224.702,234.22,216.998,0.342,1.401,10.235
"2026-07-27 20:15",224.531,233.67,221.145,0.34,1.384,3.056
"2026-07-27 20:20",224.192,233.258,221.119,0.342,1.452,2.95
"2026-07-27 20:25",224.234,233.507,220.864,0.342,1.444,2.983
"2026-07-27 20:30",223.859,233.018,220.662,0.342,1.436,3.009
"2026-07-27 20:35",224.051,233.294,220.895,0.34,1.434,3.006
"2026-07-27 20:40",223.509,233.255,216.107,0.341,1.402,10.263
"2026-07-27 20:45",223.088,232.252,219.621,0.338,1.445,3.028
"2026-07-27 20:50",222.69,232.006,219.387,0.338,1.395,3.074
"2026-07-27 20:55",221.711,230.749,218.553,0.34,1.447,3.066
"2026-07-27 21:00",220.511,229.597,217.195,0.338,1.398,3.108
"2026-07-27 21:05",221.148,229.338,216.81,0.336,1.419,3.064
"2026-07-27 21:10",221.691,230.393,213.09,0.339,1.431,9.973
"2026-07-27 21:15",221.408,229.636,216.896,0.337,1.39,3.129
"2026-07-27 21:20",221.074,229.133,216.53,0.336,1.381,3.138
"2026-07-27 21:25",220.961,229.108,216.338,0.338,1.381,3.131
"2026-07-27 21:30",220.76,228.916,216.199,0.339,1.375,3.148
"2026-07-27 21:35",220.93,228.883,211.4,0.336,1.417,9.938
"2026-07-27 21:40",222.046,229.172,216.24,0.34,1.439,3.08
"2026-07-27 21:45",221.587,228.507,215.482,0.339,1.43,3.112
"2026-07-27 21:50",221.272,228.554,215.466,0.339,1.37,3.156
"2026-07-27 21:55",221.326,228.941,215.786,0.339,1.372,3.152
"2026-07-27 22:00",221.491,228.274,215.592,0.34,1.427,3.084
"2026-07-27 22:05",220.12,227.71,210.158,0.339,1.431,10.057
"2026-07-27 22:10",223.317,230.6,217.354,0.339,1.424,3.064
"2026-07-27 22:15",224.616,231.959,219.06,0.34,1.371,3.098
"2026-07-27 22:20",223.934,231.428,218.569,0.34,1.448,3.043
"2026-07-27 22:25",224.888,232.496,219.339,0.34,1.425,3.046
"2026-07-27 22:30",224.696,232.385,219.195,0.34,1.437,3.032
"2026-07-27 22:35",224.536,232.403,214.362,0.34,1.403,10.031
"2026-07-27 22:40",225.833,233.351,220.29,0.34,1.425,3.023
"2026-07-27 22:45",225.729,233.972,221.338,0.34,1.409,3.024
"2026-07-27 22:50",223.5,231.543,219.128,0.34,1.419,3.048
"2026-07-27 22:55",222.789,230.794,218.112,0.34,1.363,3.118
"2026-07-27 23:00",221.695,229.695,217.357,0.339,1.363,3.132
"2026-07-27 23:05",221.105,229.602,212.247,0.339,1.411,10.263
"2026-07-27 23:10",221.537,229.567,217.142,0.338,1.368,3.131
"2026-07-27 23:15",222.026,229.714,217.367,0.339,1.41,3.083
"2026-07-27 23:20",221.469,229.457,216.999,0.338,1.414,3.114
"2026-07-27 23:25",221.743,229.831,217.302,0.338,1.372,3.133
"2026-07-27 23:30",223.409,230.702,217.877,0.339,1.383,3.112
"2026-07-27 23:35",221.625,229.629,212.366,0.341,1.427,10.039
"2026-07-27 23:40",222.934,230.179,217.476,0.339,1.367,3.13
"2026-07-27 23:45",223.375,230.749,217.877,0.339,1.409,3.072
"2026-07-27 23:50",223.739,231.221,218.033,0.34,1.428,3.063
"2026-07-27 23:55",223.15,230.77,217.44,,,
"2026-07-28 00:00",222.558,230.311,216.85,0.341,1.389,3.109
"2026-07-28 00:05",223.116,231.07,213.271,0.343,1.372,10.316
"2026-07-28 00:10",224.42,231.686,218.344,0.343,1.433,3.034
"2026-07-28 00:15",225.549,233.824,221.055,0.343,1.436,3.007
"2026-07-28 00:20",224.483,232.555,219.93,0.341,1.424,3.032
"2026-07-28 00:25",223.472,231.484,218.954,0.337,1.376,3.099
"2026-07-28 00:30",224.088,232.228,219.326,0.343,1.426,3.039
"2026-07-28 00:35",222.983,231.406,213.905,0.343,1.436,10.213
"2026-07-28 00:40",224.274,232.188,219.536,0.342,1.439,3.04
"2026-07-28 00:45",224.149,232.153,219.243,0.342,1.45,3.005
"2026-07-28 00:50",224.658,232.979,220.01,0.342,1.425,3
"2026-07-28 00:55",224.642,232.508,219.822,0.341,1.435,3.026
"2026-07-28 01:00",224.945,233.445,220.654,0.343,1.375,3.067
"2026-07-28 01:05",224.348,233.116,215.585,0.344,1.435,10.055
"2026-07-28 01:10",225.03,233.709,220.657,0.342,1.378,3.069
"2026-07-28 01:15",225.02,233.485,220.794,0.343,1.425,3.016
"2026-07-28 01:20",226.839,235.352,222.763,0.344,1.412,3.03
"2026-07-28 01:25",225.71,234.958,222.591,0.343,1.372,3.056
"2026-07-28 01:30",225.976,235.263,222.947,0.342,1.421,2.991
"2026-07-28 01:35",225.611,235.107,218.28,0.344,1.361,9.904
"2026-07-28 01:40",225.877,235.218,222.627,0.342,1.362,3.053
"2026-07-28 01:45",226.494,235.739,223.15,0.343,1.438,2.963
"2026-07-28 01:50",226.174,235.359,222.948,0.343,1.424,2.978
"2026-07-28 01:55",225.774,234.901,222.532,0.342,1.419,2.99
"2026-07-28 02:00",225.965,235.21,222.603,0.345,1.352,3.013
"2026-07-28 02:05",225.927,235.066,218.427,0.346,1.338,9.048
"2026-07-28 02:10",224.874,234.608,220.848,0.345,1.421,3.035
"2026-07-28 02:15",224.346,233.698,220.695,0.343,1.371,3.084
"2026-07-28 02:20",224.629,233.885,221.431,0.343,1.375,3.047
"2026-07-28 02:25",224.75,234.042,221.63,0.344,1.377,3.076
"2026-07-28 02:30",224.231,233.096,220.932,0.344,1.42,3.025
"2026-07-28 02:35",224.536,233.64,221.31,0.344,1.356,3.103
"2026-07-28 02:40",224.511,234.35,217.099,0.347,1.352,9.934
"2026-07-28 02:45",225.509,234.708,222.145,0.345,1.363,3.064
"2026-07-28 02:50",226.089,235.487,222.804,0.345,1.395,3.016
"2026-07-28 02:55",226.245,235.674,222.888,0.346,1.362,3.063
"2026-07-28 03:00",226.503,235.723,223.082,0.346,1.4,3.006
"2026-07-28 03:05",226.805,236.044,223.431,0.347,1.347,3.077
"2026-07-28 03:10",226.213,236.078,218.848,0.346,1.394,10.127
"2026-07-28 03:15",227.418,236.546,223.813,0.347,1.344,3.071
"2026-07-28 03:20",227.061,236.711,223.971,0.347,1.35,3.028
"2026-07-28 03:25",226.153,235.907,223.71,0.345,1.402,2.99
"2026-07-28 03:30",226.61,236.704,224.474,0.346,1.387,3.05
"2026-07-28 03:35",226.378,236.235,225.136,0.345,1.4,2.996
"2026-07-28 03:40",225.997,236.5,220.699,0.348,1.348,9.76
"2026-07-28 03:45",224.454,234.297,223.276,0.344,1.387,3.024
"2026-07-28 03:50",224.264,234.189,223.241,0.345,1.354,3.066
"2026-07-28 03:55",223.364,232.996,222.3,0.344,1.412,3.013
"2026-07-28 04:00",223.408,233.248,222.411,0.345,1.372,3.061
"2026-07-28 04:05",223.458,232.902,222.323,0.344,1.422,3.005
"2026-07-28 04:10",223.609,233.48,222.63,0.345,1.363,3.08
"2026-07-28 04:15",222.132,232.215,216.842,0.345,1.393,9.892
"2026-07-28 04:20",223.23,232.937,222.127,0.343,1.361,3.073
"2026-07-28 04:25",222.315,232.105,219.924,0.344,1.357,3.108
"2026-07-28 04:30",224.455,234.366,222.329,0.344,1.389,3.029
"2026-07-28 04:35",224.861,234.649,222.601,0.344,1.424,2.99
"2026-07-28 04:40",224.321,233.995,222.251,0.339,1.401,3.025
"2026-07-28 04:45",223.541,233.924,217.177,0.34,1.427,10.091
"2026-07-28 04:50",224.261,234.1,222.175,0.344,1.5,2.9
"2026-07-28 04:55",224.3,234.04,222.042,0.346,1.499,2.902
"2026-07-28 05:00",223.986,234.016,222.247,0.345,1.509,2.883
"2026-07-28 05:05",223.879,233.801,221.657,0.34,1.467,2.953
"2026-07-28 05:10",226.606,236.8,224.822,0.347,1.497,2.874
"2026-07-28 05:15",226.215,236.676,220.406,0.347,1.457,9.676
"2026-07-28 05:20",226.017,235.883,224.408,0.343,1.528,2.832
"2026-07-28 05:25",225.945,235.803,224.355,0.343,1.519,2.846
"2026-07-28 05:30",226.663,236.623,225.12,0.348,1.463,2.897
"2026-07-28 05:35",227.187,237.311,225.525,0.348,1.486,2.874
"2026-07-28 05:40",227.801,237.105,225.906,0.347,1.472,2.888
"2026-07-28 05:45",224.78,233.572,223.634,0.348,1.538,2.871
"2026-07-28 05:50",224.901,234.017,219.655,0.347,1.543,9.732
"2026-07-28 05:55",226.09,234.39,222.1,,,
"2026-07-28 06:00",227.28,234.76,224.54,,,
"2026-07-28 06:05",228.463,235.131,226.978,0.35,1.467,2.881
"2026-07-28 06:10",228.846,235.786,227.68,0.35,1.518,2.801
"2026-07-28 06:15",226.363,233.148,224.905,0.351,1.55,2.825
"2026-07-28 06:20",225.816,232.778,224.667,0.349,1.545,2.836
"2026-07-28 06:25",231.814,236.982,226.668,0.35,1.521,10.024
"2026-07-28 06:30",232.759,236.44,232.133,0.358,1.414,2.576
"2026-07-28 06:35",231.789,233.863,230.415,0.36,1.495,2.631
"2026-07-28 06:40",230.475,232.68,229.177,0.351,1.461,2.88
"2026-07-28 06:45",230.515,232.763,228.994,0.349,1.406,2.956
"2026-07-28 06:50",231.317,233.43,229.684,0.35,1.449,2.915
"2026-07-28 06:55",230.18,233.179,224.595,0.35,1.449,9.957
"2026-07-28 07:00",231.103,233.417,229.895,0.346,1.395,2.957
"2026-07-28 07:05",231.525,233.681,230.408,0.354,1.885,2.273
"2026-07-28 07:10",231.634,234.033,230.434,0.347,1.492,3.132
"2026-07-28 07:15",231.982,234.419,230.935,0.351,1.384,2.823
"2026-07-28 07:20",232.403,235.294,226.976,0.353,1.468,9.594
"2026-07-28 07:25",232.932,235.336,231.765,0.36,1.415,2.779
"2026-07-28 07:30",232.103,234.942,231.029,0.361,1.501,2.678
"2026-07-28 07:35",232.067,234.845,230.942,0.361,1.457,2.705
"2026-07-28 07:40",231,234.059,230.167,0.363,1.306,2.668
"2026-07-28 07:45",232.05,234.891,230.919,0.365,1.198,2.624
"2026-07-28 07:50",229.612,232.832,224.495,0.358,1.243,9.476
"2026-07-28 07:55",230.004,232.549,229.324,0.361,1.266,2.432
"2026-07-28 08:00",230.898,233.255,229.624,0.359,1.158,2.465
"2026-07-28 08:05",229.46,232.825,228.876,0.352,1.163,2.446
"2026-07-28 08:10",230.934,233.965,230.324,0.363,1.236,2.602
"2026-07-28 08:15",231.59,234.42,230.286,0.364,1.26,2.561
"2026-07-28 08:20",230.125,233.916,224.698,0.359,1.302,9.562
"2026-07-28 08:25",230.952,234.032,229.846,0.359,1.062,2.351
"2026-07-28 08:30",230.339,233.517,229.458,0.361,1.114,2.108
"2026-07-28 08:35",232.163,234.813,230.107,0.364,1.072,1.895
"2026-07-28 08:40",231.417,234.531,229.633,0.365,1.148,2.123
"2026-07-28 08:45",231.859,234.394,229.951,0.364,1.016,2.092
"2026-07-28 08:50",231.592,235.126,225.48,0.367,1.05,9.045
"2026-07-28 08:55",231.666,234.135,229.696,0.37,1.231,2.031
"2026-07-28 09:00",231.648,234.402,229.806,0.367,1.174,2.012
"2026-07-28 09:05",230.733,233.892,229.63,0.365,1.082,2.094
"2026-07-28 09:10",230.772,233.385,229.311,0.365,1.18,2.081
"2026-07-28 09:15",229.461,232.923,223.811,0.364,1.098,9.127
"2026-07-28 09:20",232.058,235.325,230.763,0.365,1.084,1.842
"2026-07-28 09:25",231.654,234.54,230.054,0.363,1.146,2.101
"2026-07-28 09:30",232.557,235.78,230.959,0.367,0.985,1.971
"2026-07-28 09:35",231.152,234.382,225.277,0.36,0.982,8.78
"2026-07-28 09:40",231.862,234.683,230.395,0.354,0.724,1.618
"2026-07-28 09:45",231.522,234.182,229.713,0.366,1.076,2.112
"2026-07-28 09:50",231.595,234.603,229.873,0.364,1.255,2.189
"2026-07-28 09:55",230.49,233.763,228.934,0.358,0.857,1.895
"2026-07-28 10:00",230.73,233.593,229.091,0.359,1.197,2.192
"2026-07-28 10:05",230.448,233.62,224.053,0.361,1.245,9.512
"2026-07-28 10:10",239.256,238.18,238.493,0.364,1.063,1.973
"2026-07-28 10:15",231.176,230.949,229.907,0.365,1.095,1.797
"2026-07-28 10:20",229.959,231.349,228.269,0.353,1.153,1.937
"2026-07-28 10:25",230.315,234.015,224.456,0.359,0.908,9.139
"2026-07-28 10:30",230.525,233.52,228.928,0.358,1.196,2.008
"2026-07-28 10:35",230.505,233.596,228.616,0.358,1.217,2.244
"2026-07-28 10:40",231.214,234.256,229.513,0.358,1.153,2.163
"2026-07-28 10:45",230.561,233.834,229.437,0.359,0.921,1.699
"2026-07-28 10:50",229.615,233.264,223.706,0.354,0.912,9.27
"2026-07-28 10:55",231.394,234.888,230.128,0.355,1.138,2.046
"2026-07-28 11:00",231.087,234.318,229.759,0.354,0.995,1.992
"2026-07-28 11:05",229.962,232.817,228.877,0.346,0.916,1.678
"2026-07-28 11:10",229.514,232.386,227.877,0.344,1.284,2.455
"2026-07-28 11:15",228.916,231.638,227.534,0.346,1.163,2.138
"2026-07-28 11:20",229.749,233.274,224.027,0.351,1.288,9.546
"2026-07-28 11:25",229.573,232.463,227.883,0.342,1.465,2.529
"2026-07-28 11:30",232.685,235.601,231.61,0.351,1.103,2.198
"2026-07-28 11:35",231.49,234.554,225.843,0.357,0.973,8.922
"2026-07-28 11:40",230.606,234.003,229.271,0.35,0.943,1.89
"2026-07-28 11:45",230.94,233.586,228.984,0.356,1.283,2.158
"2026-07-28 11:50",231.345,234.208,229.608,0.355,1.146,2.325
"2026-07-28 11:55",232.105,235.062,230.111,0.355,1.02,2.008
"2026-07-28 12:00",232.45,235.55,230.7,,,
"2026-07-28 12:05",232.794,236.03,231.293,0.358,1.245,2.428
"2026-07-28 12:10",233.979,236.926,232.041,0.361,1.301,2.384
"2026-07-28 12:15",233.119,236.287,231.425,0.358,1.107,2.38
"2026-07-28 12:20",232.58,235.92,228.7,,,
"2026-07-28 12:25",232.05,235.552,225.979,0.355,1.049,9.431
"2026-07-28 12:30",232.466,235.724,231.019,0.356,0.9,1.593
"2026-07-28 12:35",233.585,236.661,232.294,0.353,0.892,1.577
"2026-07-28 12:40",232.098,235.446,226.355,0.345,0.763,8.7
"2026-07-28 12:45",231.134,234.42,230.266,0.342,0.556,1.024
"2026-07-28 12:50",231.034,234.505,230.34,0.333,0.552,0.505
"2026-07-28 12:55",232.123,235.077,231.279,0.333,0.555,0.513
"2026-07-28 13:00",230.805,234.335,230.396,0.329,0.55,0.516
"2026-07-28 13:05",231.481,234.883,231.074,0.332,0.563,0.514
"2026-07-28 13:10",230.828,234.652,225.383,0.335,0.546,8.366
"2026-07-28 13:15",232.797,235.747,231.555,0.345,1.034,1.143
"2026-07-28 13:20",233.325,236.719,232.015,0.346,0.837,1.55
"2026-07-28 13:25",231.289,234.569,229.588,0.345,1.024,1.894
"2026-07-28 13:30",231.954,235.558,225.854,0.353,1.175,9.165
"2026-07-28 13:35",232.374,235.42,231.068,0.359,1.057,2
"2026-07-28 13:40",231.598,234.747,230.263,0.348,0.963,2.045
"2026-07-28 13:45",231.562,235.134,225.284,0.35,1.312,9.376
"2026-07-28 13:50",231.191,234.407,229.44,0.354,1.294,2.558
"2026-07-28 13:55",230.66,233.578,228.972,0.344,1.08,2.42
"2026-07-28 14:00",230.325,233.549,228.778,0.356,1.043,1.924
"2026-07-28 14:05",230.547,233.841,228.975,0.358,0.97,1.878
"2026-07-28 14:10",229.863,233.268,228.093,0.354,0.913,1.868
"2026-07-28 14:15",229.164,233.106,223.186,0.357,0.924,9.218
"2026-07-28 14:20",229.043,232.252,227.735,0.354,0.956,1.855
"2026-07-28 14:25",229.035,232.326,227.793,0.356,0.909,1.716
"2026-07-28 14:30",228.565,231.712,227.298,0.352,0.914,1.638
"2026-07-28 14:35",227.478,232.137,226.353,0.34,0.638,1.363
"2026-07-28 14:40",228.756,234.34,223.274,0.35,0.65,8.551
"2026-07-28 14:45",229.146,233.866,228.029,0.351,0.745,1.179
"2026-07-28 14:50",227.387,232.851,221.704,0.344,0.856,8.281
"2026-07-28 14:55",228.959,234.254,228.267,0.341,0.627,0.757
"2026-07-28 15:00",227.651,232.29,226.775,0.33,0.548,0.506
"2026-07-28 15:05",231.712,237.561,231.985,0.34,0.747,0.895
"2026-07-28 15:10",230.238,235.059,230.176,0.335,0.56,0.762
"2026-07-28 15:15",229.638,234.987,224.592,0.344,0.761,8.917
"2026-07-28 15:20",230.466,235.039,229.428,0.34,0.718,1.522
"2026-07-28 15:25",230.488,235.284,229.364,0.341,0.556,1.821
"2026-07-28 15:30",230.191,234.794,229.552,0.333,0.552,0.515
"2026-07-28 15:35",227.393,232.716,222.583,0.327,0.537,7.657
"2026-07-28 15:40",228.418,233.233,222.846,0.349,1.175,8.681
"2026-07-28 15:45",230.115,234.686,229.03,0.352,1.032,1.776
"2026-07-28 15:50",230.558,235.175,229.29,0.352,0.979,1.677
"2026-07-28 15:55",231.948,235.947,230.435,0.347,1.334,2.281
"2026-07-28 16:00",231.656,236.324,225.532,0.354,1.463,9.916
"2026-07-28 16:05",232.09,235.75,228.11,,,
"2026-07-28 16:10",232.529,235.177,230.679,0.351,1.479,2.731
"2026-07-28 16:15",231.884,235.192,225.583,0.351,1.479,9.854
"2026-07-28 16:20",231.056,233.853,229.172,0.344,1.375,2.828
"2026-07-28 16:25",232.653,235.396,230.861,0.354,1.416,2.763
"2026-07-28 16:30",232.717,235.482,230.379,0.354,1.298,2.8
"2026-07-28 16:35",232.033,234.696,230.201,0.352,1.334,2.766
"2026-07-28 16:40",230.87,233.579,228.539,0.345,1.345,2.889
"2026-07-28 16:45",230.544,233.696,223.644,0.348,1.329,9.885
"2026-07-28 16:50",231.685,234.055,229.274,0.355,1.405,2.687
"2026-07-28 16:55",232.111,234.612,229.754,0.355,1.384,2.752
"2026-07-28 17:00",233.085,235.712,230.991,0.356,1.337,2.725
"2026-07-28 17:05",232.12,234.7,229.989,0.354,1.356,2.751
"2026-07-28 17:10",231.113,234.14,224.36,0.348,1.385,10.075
"2026-07-28 17:15",231.857,234.616,229.888,0.353,1.459,2.824
"2026-07-28 17:20",232.132,235.255,230.157,0.353,1.604,2.771
"2026-07-28 17:25",231.878,235.46,225.441,0.35,1.44,9.888
"2026-07-28 17:30",233.664,236.682,231.779,0.351,1.444,2.876
"2026-07-28 17:35",233.633,236.552,231.71,0.352,1.491,2.827
"2026-07-28 17:40",233.378,236.556,231.98,0.35,1.425,2.902
"2026-07-28 17:45",233.376,236.298,231.703,0.353,1.472,2.85
"2026-07-28 17:50",233.972,237.105,232.373,0.352,1.48,2.839
"2026-07-28 17:55",234.113,237.143,227.653,0.35,1.402,9.456
"2026-07-28 18:00",233.49,236.08,229.46,,,
"2026-07-28 18:05",232.868,235.018,231.263,0.349,1.393,2.945
"2026-07-28 18:10",226.051,232.24,223.179,0.34,1.456,2.957
"2026-07-28 18:15",224.699,230.729,222.22,0.336,1.471,2.966
"2026-07-28 18:20",226.688,233.801,224.676,0.334,1.384,3.022
"2026-07-28 18:25",227.784,235.804,221.482,0.342,1.418,10.153
"2026-07-28 18:30",225.477,232.288,223.214,0.337,1.435,2.98
"2026-07-28 18:35",225.285,232.411,223.004,0.335,1.445,3
"2026-07-28 18:40",224.188,231.38,221.663,0.337,1.438,3.002
"2026-07-28 18:45",223.441,231.352,221.226,0.338,1.397,3.055
"2026-07-28 18:50",222.649,232.592,221.383,0.335,1.435,3.01
"2026-07-28 18:55",222.351,233.134,216.95,0.339,1.427,9.985
"2026-07-28 19:00",221.312,231.294,219.698,0.334,1.438,3.015
"2026-07-28 19:05",221.798,231.69,220.035,0.333,1.437,3.01
"2026-07-28 19:10",222.929,232.874,220.819,0.338,1.425,3.02
"2026-07-28 19:15",222.937,233.053,221.096,0.339,1.42,3.026
"2026-07-28 19:20",221.859,232.079,215.546,0.335,1.411,9.791
"2026-07-28 19:25",221.919,232.082,219.977,0.333,1.407,3.042
"2026-07-28 19:30",222.728,233.176,220.843,0.335,1.35,3.1
"2026-07-28 19:35",223.636,234.119,221.871,0.34,1.405,3.032
"2026-07-28 19:40",222.424,232.929,220.747,0.336,1.365,3.065
"2026-07-28 19:45",221.37,231.883,219.968,0.33,1.406,3.06
"2026-07-28 19:50",221.59,232.35,215.472,0.335,1.409,9.934
"2026-07-28 19:55",221.507,231.977,219.677,0.336,1.421,3.04
"2026-07-28 20:00",221.546,231.975,219.743,0.336,1.411,3.05
"2026-07-28 20:05",221.611,231.6,218.81,0.335,1.397,3.077
"2026-07-28 20:10",222.236,231.71,219.141,0.336,1.345,3.1
"2026-07-28 20:15",221.877,231.688,218.9,0.336,1.474,3.002
"2026-07-28 20:20",221.495,231.933,214.466,0.335,1.457,9.877
"2026-07-28 20:25",224.293,234.204,221.49,0.338,1.516,2.904
"2026-07-28 20:30",224.298,233.792,221.13,0.338,1.526,2.898
"2026-07-28 20:35",223.939,233.458,220.902,0.338,1.536,2.901
"2026-07-28 20:40",223.322,232.914,220.3,0.337,1.514,2.922
"2026-07-28 20:45",223.119,232.618,219.953,0.335,1.462,2.99
"2026-07-28 20:50",223.262,232.831,220.194,0.337,1.455,2.999
"2026-07-28 20:55",221.683,231.441,214.478,0.329,1.446,9.819
"2026-07-28 21:00",221.818,231.399,218.939,0.331,1.468,2.993
"2026-07-28 21:05",222.364,231.653,219.176,0.333,1.493,2.934
"2026-07-28 21:10",222.539,231.686,219.193,0.334,1.503,2.959
"2026-07-28 21:15",222.314,231.543,219.125,0.332,1.446,3.024
"2026-07-28 21:20",222.372,231.63,219.169,0.332,1.46,3.03
"2026-07-28 21:25",223.103,232.995,215.564,0.336,1.478,9.891
"2026-07-28 21:30",223.489,233.155,220.416,0.337,1.437,3.01
"2026-07-28 21:35",223.49,233.006,220.275,0.336,1.509,2.932
"2026-07-28 21:40",223.334,232.865,220.169,0.337,1.507,2.931
"2026-07-28 21:45",223.815,233.272,220.319,0.337,1.437,3.013
"2026-07-28 21:50",223.077,232.377,219.947,0.337,1.453,3.009
"2026-07-28 21:55",223.113,232.744,215.728,0.337,1.492,9.832
"2026-07-28 22:00",223.965,232.958,220.461,0.337,1.449,3.003
"2026-07-28 22:05",222.691,232.134,219.574,0.337,1.458,3.001
"2026-07-28 22:10",222.171,231.586,218.939,0.336,1.478,2.979
"2026-07-28 22:15",222.109,231.137,218.711,0.335,1.479,2.99
"2026-07-28 22:20",221.414,230.173,217.937,0.333,1.524,2.938
"2026-07-28 22:25",221.111,230.013,212.628,0.333,1.478,10.154
"2026-07-28 22:30",222.319,230.234,216.985,0.332,1.471,3.013
"2026-07-28 22:35",222.882,230.692,217.776,0.334,1.478,2.996
"2026-07-28 22:40",222.737,230.379,217.401,0.332,1.542,2.923
"2026-07-28 22:45",223.019,231.011,217.944,0.335,1.481,3.003
"2026-07-28 22:50",223.581,231.378,218.473,0.337,1.488,2.983
"2026-07-28 22:55",223.318,231.743,214.123,0.336,1.523,10.068
"2026-07-28 23:00",223.832,231.759,218.838,0.336,1.519,2.933
"2026-07-28 23:05",223.177,231.111,218.333,0.334,1.543,2.901
"2026-07-28 23:10",223.278,231.168,218.138,0.335,1.563,2.906
"2026-07-28 23:15",222.851,230.888,217.929,0.335,1.489,2.988
"2026-07-28 23:20",223.065,231.335,218.099,0.336,1.476,2.998
"2026-07-28 23:25",223.57,231.472,218.171,0.335,1.486,2.992
"2026-07-28 23:30",222.678,231.16,213.599,0.336,1.475,9.884
"2026-07-28 23:35",222.902,230.781,217.507,0.335,1.49,2.983
"2026-07-28 23:40",223.401,231.106,218.046,0.336,1.487,2.979
"2026-07-28 23:45",223.647,231.241,218.027,0.335,1.532,2.926
"2026-07-28 23:50",223.632,231.492,218.152,0.335,1.553,2.909
"2026-07-28 23:55",223.582,231.476,218.114,0.336,1.465,3.013
"2026-07-29 00:00",223.95,231.913,218.559,0.336,1.543,2.936
"2026-07-29 00:05",225.68,233.482,220.383,0.339,1.518,2.913
"2026-07-29 00:10",225.794,233.517,220.216,0.341,1.504,2.965
"2026-07-29 00:15",225.546,233.491,220.462,0.339,1.55,2.891
"2026-07-29 00:20",226.121,233.963,220.634,0.341,1.478,2.967
"2026-07-29 00:25",226.297,234.209,220.963,0.342,1.487,2.949
"2026-07-29 00:30",225.938,234.599,216.543,0.343,1.507,9.768
"2026-07-29 00:35",225.399,233.464,220.276,0.337,1.475,2.969
"2026-07-29 00:40",225.402,233.199,220.05,0.337,1.467,2.981
"2026-07-29 00:45",225.27,233.447,220.44,0.341,1.467,2.975
"2026-07-29 00:50",225.737,233.494,220.596,0.34,1.516,2.92
"2026-07-29 00:55",224.407,231.973,218.816,0.335,1.519,2.948
"2026-07-29 01:00",224.82,232.899,215.169,0.34,1.51,10.094
"2026-07-29 01:05",224.824,232.591,219.298,0.34,1.465,2.99
"2026-07-29 01:10",226.892,234.368,221.24,0.342,1.521,2.901
"2026-07-29 01:15",227.19,235.321,222.723,0.342,1.497,2.906
"2026-07-29 01:20",227.359,235.724,223.015,0.344,1.452,2.959
"2026-07-29 01:25",226.887,235.243,222.651,0.343,1.525,2.904
"2026-07-29 01:30",226.88,235.96,218.729,0.345,1.462,9.695
"2026-07-29 01:35",226.883,236.197,223.691,0.343,1.447,2.946
"2026-07-29 01:40",226.815,236.018,223.68,0.344,1.483,2.883
"2026-07-29 01:45",227.033,236.042,223.655,0.344,1.493,2.895
"2026-07-29 01:50",225.178,234.115,221.96,0.342,1.506,2.902
"2026-07-29 01:55",225.719,235.001,222.39,0.34,1.459,2.96
"2026-07-29 02:00",225.988,235.077,222.765,0.34,1.466,2.952
"2026-07-29 02:05",224.925,234.609,217.276,0.339,1.453,10.009
"2026-07-29 02:10",225.067,234.051,221.652,0.338,1.507,2.905
"2026-07-29 02:15",225.521,234.561,222.037,0.338,1.515,2.899
"2026-07-29 02:20",227.103,236.322,223.775,0.342,1.432,2.967
"2026-07-29 02:25",227.132,236.358,223.684,0.342,1.497,2.888
"2026-07-29 02:30",226.136,236.371,224.243,0.342,1.538,2.854
"2026-07-29 02:35",226.047,236.751,219.623,0.344,1.487,9.918
"2026-07-29 02:40",226.977,236.868,224.945,0.343,1.49,2.87
"2026-07-29 02:45",226.504,236.456,224.207,0.344,1.436,2.954
"2026-07-29 02:50",226.372,236.437,224.062,0.344,1.451,2.943
"2026-07-29 02:55",226.15,236.119,223.909,0.342,1.446,2.95
"2026-07-29 03:00",224.505,234.643,222.386,0.339,1.48,2.966
"2026-07-29 03:05",225.288,235.243,222.96,0.34,1.51,2.893
"2026-07-29 03:10",225.771,236.084,219.563,0.336,1.446,9.929
"2026-07-29 03:15",225.197,235.142,223.321,0.334,1.428,2.958
"2026-07-29 03:20",226.652,236.502,224.41,0.342,1.416,2.955
"2026-07-29 03:25",225.578,234.102,223.845,0.347,1.515,2.888
"2026-07-29 03:30",224.683,233.412,222.775,0.345,1.441,2.967
"2026-07-29 03:35",226.09,234.751,224.409,0.347,1.454,2.933
"2026-07-29 03:40",224.285,232.996,218.319,0.344,1.507,9.799
"2026-07-29 03:45",225.008,233.956,223.482,0.344,1.498,2.881
"2026-07-29 03:50",224.008,232.45,222.257,0.34,1.514,2.88
"2026-07-29 03:55",223.544,231.432,220.781,0.338,1.447,2.959
"2026-07-29 04:00",224.958,233.786,222.701,0.341,1.491,2.902
"2026-07-29 04:05",227.297,236.633,225.315,0.348,1.485,2.879
"2026-07-29 04:10",226.543,235.294,224.041,0.346,1.494,2.873
"2026-07-29 04:15",225.571,235.303,219.474,0.345,1.444,9.895
"2026-07-29 04:20",226.944,236.154,224.997,0.345,1.491,2.869
"2026-07-29 04:25",227.887,237.23,225.726,0.348,1.483,2.873
"2026-07-29 04:30",227.657,236.897,225.432,0.348,1.461,2.903
"2026-07-29 04:35",227.001,236.276,225.178,0.342,1.497,2.873
"2026-07-29 04:40",227.036,236.133,225.05,0.343,1.499,2.861
"2026-07-29 04:45",226.472,235.892,220.239,0.343,1.494,9.907
"2026-07-29 04:50",227.335,236.38,225.351,0.344,1.457,2.906
"2026-07-29 04:55",227.966,237.192,225.931,0.346,1.486,2.858
"2026-07-29 05:00",227.197,235.97,226.058,0.346,1.479,2.868
"2026-07-29 05:05",226.501,235.34,225.224,0.341,1.437,2.935
"2026-07-29 05:10",226.274,235.286,225.138,0.345,1.489,2.876
"2026-07-29 05:15",226.664,235.517,225.379,0.346,1.476,2.895
"2026-07-29 05:20",225.465,234.943,220.203,0.346,1.439,9.906
"2026-07-29 05:25",226.138,234.88,224.873,0.343,1.45,2.923
"2026-07-29 05:30",226.517,235.534,225.825,0.345,1.499,2.856
"2026-07-29 05:35",226.643,235.394,225.595,0.345,1.451,2.925
"2026-07-29 05:40",227.472,236.586,226.682,0.344,1.5,2.854
"2026-07-29 05:45",228.731,236.802,227.269,0.35,1.439,2.918
"2026-07-29 05:50",225.289,233.786,220.021,0.344,1.496,9.841
"2026-07-29 05:55",226.38,234.81,222.55,,,
"2026-07-29 06:00",227.47,235.83,225.08,,,
"2026-07-29 06:05",228.558,236.847,227.611,0.344,1.494,2.817
"2026-07-29 06:10",228.63,237.366,227.954,0.343,1.445,2.911
"2026-07-29 06:15",227.642,235.22,226.774,0.339,1.442,2.919
"2026-07-29 06:20",229.533,236.783,228.307,0.344,1.5,2.838
"2026-07-29 06:25",234.251,238.376,232.634,0.355,1.423,3.201
"2026-07-29 06:30",232.768,235.627,227.454,0.356,1.528,9.689
"2026-07-29 06:35",233.279,235.647,232.269,0.356,1.459,2.855
"2026-07-29 06:40",231.09,233.713,230.195,0.348,1.482,2.859
"2026-07-29 06:45",231.848,234.353,230.822,0.353,1.468,2.869
"2026-07-29 06:50",232.976,235.717,231.725,0.354,1.437,2.911
"2026-07-29 06:55",232.426,235.195,231.227,0.352,1.476,2.873
"2026-07-29 07:00",231.206,234.302,225.636,0.35,1.503,9.787
"2026-07-29 07:05",231.518,234.382,230.47,0.35,1.493,2.847
"2026-07-29 07:10",231.742,234.103,230.146,0.349,1.812,3.469
"2026-07-29 07:15",232.128,234.468,230.861,0.357,1.452,2.609
"2026-07-29 07:20",231.08,233.805,230.172,0.351,1.361,2.889
"2026-07-29 07:25",230.635,233.307,229.711,0.354,1.438,2.713
"2026-07-29 07:30",229.554,232.626,224.049,0.344,1.388,10.023
"2026-07-29 07:35",230.003,232.755,228.978,0.351,1.455,2.754
"2026-07-29 07:40",229.437,232.187,228.624,0.35,1.485,2.708
"2026-07-29 07:45",232.487,234.753,230.527,0.349,1.315,2.684
"2026-07-29 07:50",233.479,235.95,231.382,0.358,1.272,2.584
"2026-07-29 07:55",232.173,234.406,230.161,0.353,1.281,2.605
"2026-07-29 08:00",231.593,234.251,224.949,0.352,1.288,9.348
"2026-07-29 08:05",231.615,233.508,228.856,0.35,1.238,2.554
"2026-07-29 08:10",230.698,232.533,228.342,0.346,1.326,2.428
"2026-07-29 08:15",230.021,232.075,227.457,0.35,1.329,2.461
"2026-07-29 08:20",231.23,234.425,229.348,0.353,1.246,2.525
"2026-07-29 08:25",230.946,234.299,229.161,0.354,1.211,2.516
"2026-07-29 08:30",231.399,235.153,225.571,0.357,1.151,9.471
"2026-07-29 08:35",231.764,235.153,230.023,0.355,1.08,2.352
"2026-07-29 08:40",230.853,233.957,229.119,0.35,1.148,2.074
"2026-07-29 08:45",230.972,234.159,229.243,0.357,0.961,2.021
"2026-07-29 08:50",229.906,233.567,228.734,0.357,0.966,1.957
"2026-07-29 08:55",230.705,234.054,229.645,0.357,0.994,1.78
"2026-07-29 09:00",230.357,234.096,224.945,0.358,1.078,9.102
"2026-07-29 09:05",230.613,233.501,229.282,0.358,1.074,1.773
"2026-07-29 09:10",231.233,233.962,229.806,0.352,1.172,2.203
"2026-07-29 09:15",230.678,233.93,229.476,0.351,1.065,2.179
"2026-07-29 09:20",230.421,233.55,228.997,0.35,1.06,2.176
"2026-07-29 09:25",230.085,233.141,228.821,0.356,1.04,2.057
"2026-07-29 09:30",230.344,234.708,224.877,0.361,1.005,9.178
"2026-07-29 09:35",231.795,234.806,230.513,0.352,1.171,2.235
"2026-07-29 09:40",231.293,234.742,230.091,0.351,1.237,2.289
"2026-07-29 09:45",230.723,234.251,225.088,0.357,1.174,9.178
"2026-07-29 09:50",231.039,234.295,229.717,0.357,1.133,2.093
"2026-07-29 09:55",231.201,234.584,229.862,0.349,1.248,2.267
"2026-07-29 10:00",230.686,234.167,229.428,0.351,1.265,2.473
"2026-07-29 10:05",231.585,234.688,230.304,0.353,1.195,2.51
"2026-07-29 10:10",229.35,232.697,227.925,0.345,1.298,2.559
"2026-07-29 10:15",229.888,232.96,228.257,0.351,1.218,2.624
"2026-07-29 10:20",228.246,232.356,222.378,0.345,1.273,9.831
"2026-07-29 10:25",229.16,232.567,227.542,0.351,1.17,2.547
"2026-07-29 10:30",229.506,232.302,227.398,0.348,1.348,2.543
"2026-07-29 10:35",231.018,234.022,229.27,0.355,1.305,2.63
"2026-07-29 10:40",230.514,233.962,224.534,0.351,1.318,9.498
"2026-07-29 10:45",230.811,233.916,229.227,0.353,1.406,2.515
"2026-07-29 10:50",229.205,232.109,227.478,0.343,1.306,2.642
"2026-07-29 10:55",230.824,234.129,229.419,0.354,1.148,2.521
"2026-07-29 11:00",231.166,233.741,229.141,0.356,1.13,2.532
"2026-07-29 11:05",231.448,234.685,229.839,0.356,1.155,2.496
"2026-07-29 11:10",231.234,234.831,225.438,0.353,1.171,9.542
"2026-07-29 11:15",231.864,234.851,230.571,0.357,1.118,2.278
"2026-07-29 11:20",230.761,234.267,229.671,0.352,1.085,2.304
"2026-07-29 11:25",229.935,233.165,228.845,0.351,0.988,2.029
"2026-07-29 11:30",231.109,234.134,230.062,0.349,1.228,2.127
"2026-07-29 11:35",230.823,234.124,224.905,0.35,1.198,9.415
"2026-07-29 11:40",231.639,234.647,230.198,0.363,1.061,1.927
"2026-07-29 11:45",232.539,235.233,230.969,0.352,1.233,2.311
"2026-07-29 11:50",232.055,235.412,230.582,0.357,1.153,2.107
"2026-07-29 11:55",232.948,236.24,231.943,0.36,1.011,2.124
"2026-07-29 12:00",233.16,236.18,231.7,,,
"2026-07-29 12:05",233.368,236.12,231.459,0.357,1.282,2.235
"2026-07-29 12:10",233.69,236.612,232.128,0.356,0.636,1.426
"2026-07-29 12:15",233.275,236.494,232.094,0.347,0.558,0.896
"2026-07-29 12:20",231.992,235.25,230.802,0.352,1.041,1.542
"2026-07-29 12:25",231.817,234.558,229.792,0.354,1.15,2.138
"2026-07-29 12:30",231.214,234.729,224.9,0.356,1.177,9.431
"2026-07-29 12:35",232.922,235.806,230.632,0.363,1.299,2.603
"2026-07-29 12:40",233.326,236.345,231.704,0.361,1.031,1.989
"2026-07-29 12:45",233.169,236.567,227.648,0.357,0.944,8.461
"2026-07-29 12:50",232.828,236.329,231.91,0.357,0.937,1.46
"2026-07-29 12:55",231.358,234.778,230.867,0.337,0.555,0.658
"2026-07-29 13:00",230.655,234.391,230.473,0.333,0.544,0.512
"2026-07-29 13:05",231.606,234.647,230.068,0.357,1.129,1.753
"2026-07-29 13:10",232.245,235.596,230.848,0.358,1.009,2.137
"2026-07-29 13:15",232.575,236.587,227.342,0.342,0.551,7.926
"2026-07-29 13:20",232.389,235.93,231.822,0.339,0.553,0.503
"2026-07-29 13:25",232.258,235.769,230.884,0.355,0.936,1.644
"2026-07-29 13:30",232.014,235.395,230.768,0.348,0.684,1.562
"2026-07-29 13:35",232.158,235.763,230.757,0.354,1.055,1.624
"2026-07-29 13:40",231.264,235.252,225.104,0.35,1.329,9.732
"2026-07-29 13:45",231.089,234.37,229.387,0.352,1.294,2.415
"2026-07-29 13:50",230.412,233.526,228.875,0.348,1.294,2.52
"2026-07-29 13:55",232.132,236.071,225.907,0.36,1.07,9.637
"2026-07-29 14:00",233.051,236.091,231.561,0.365,0.92,1.795
"2026-07-29 14:05",231.776,235.087,230.132,0.359,1.206,2.252
"2026-07-29 14:10",231.477,234.3,229.192,0.353,1.379,2.736
"2026-07-29 14:15",231.282,234.361,229.34,0.36,1.275,2.673
"2026-07-29 14:20",229.742,232.704,228.073,0.353,1.205,2.574
"2026-07-29 14:25",230.484,234.415,224.661,0.359,0.925,9.084
"2026-07-29 14:30",231.138,234.729,230.199,0.352,0.654,1.244
"2026-07-29 14:35",229.935,233.117,229.27,0.341,0.546,0.502
"2026-07-29 14:40",229.442,232.559,228.593,0.339,0.544,0.501
"2026-07-29 14:45",229.042,232.289,228.251,0.345,0.623,0.507
"2026-07-29 14:50",228.442,232.472,222.609,0.362,0.882,8.998
"2026-07-29 14:55",229.884,233.521,228.682,0.355,0.794,1.482
"2026-07-29 15:00",230.37,234.088,229.129,0.365,1.052,1.919
"2026-07-29 15:05",229.411,233.602,223.532,0.359,1.007,9.252
"2026-07-29 15:10",229.504,232.826,228.057,0.359,0.891,1.805
"2026-07-29 15:15",230.623,236.224,228.207,0.35,0.862,1.844
"2026-07-29 15:20",230.668,236.586,229.007,0.359,1.134,1.905
"2026-07-29 15:25",230.921,237.089,229.387,0.361,1.289,2.318
"2026-07-29 15:30",231.269,236.722,229.066,0.364,1.202,2.523
"2026-07-29 15:35",234.596,240.578,233.894,0.357,2.975,3.56
"2026-07-29 15:40",233.184,233.213,229.551,0.353,1.31,2.693
"2026-07-29 15:45",231.057,232.069,227.768,0.351,1.38,2.534
"2026-07-29 15:50",229.72,233.193,222.836,0.355,1.208,9.537
"2026-07-29 15:55",229.191,232.464,227.14,0.354,0.884,1.758
"2026-07-29 16:00",229.824,233.104,228.052,0.349,0.643,1.324
"2026-07-29 16:05",228.571,232.52,222.969,0.341,0.547,7.869
"2026-07-29 16:10",230.97,234.228,229.234,0.354,0.91,1.186
"2026-07-29 16:15",228.999,231.915,226.889,0.356,1.095,2.098
"2026-07-29 16:20",231.454,235.951,229.923,0.357,1.029,2.068
"2026-07-29 16:25",231.652,235.808,230.54,0.359,1.007,1.872
"2026-07-29 16:30",231.78,236.388,230.279,0.358,1.229,2.394
"2026-07-29 16:35",230.679,235.156,224.67,0.351,1.445,9.694
"2026-07-29 16:40",231.574,235.715,230.099,0.356,1.397,2.66
"2026-07-29 16:45",230.304,234.373,228.743,0.349,1.543,2.763
"2026-07-29 16:50",229.686,233.606,227.73,0.344,1.529,2.801
"2026-07-29 16:55",231.058,234.768,228.993,0.347,1.465,2.859
"2026-07-29 17:00",230.843,234.961,224.244,0.346,1.472,9.926
"2026-07-29 17:05",232.699,236.625,230.903,0.354,1.461,2.868
"2026-07-29 17:10",232.925,236.572,231.07,0.355,1.531,2.791
"2026-07-29 17:15",233.778,237.431,231.873,0.356,1.525,2.814
"2026-07-29 17:20",233.066,237.601,227.103,0.355,1.561,9.801
"2026-07-29 17:25",233.562,237.343,231.853,0.359,1.382,2.78
"2026-07-29 17:30",233.562,237.544,231.587,0.36,1.359,2.782
"2026-07-29 17:35",233.311,237.22,231.328,0.358,1.419,2.731
"2026-07-29 17:40",233.358,237.119,231.699,0.36,1.44,2.73
"2026-07-29 17:45",233.202,237.384,231.34,0.359,1.371,2.82
"2026-07-29 17:50",232.751,237.011,226.381,0.355,1.361,9.84
"2026-07-29 17:55",232.744,236.919,231.072,0.357,1.382,2.895
"2026-07-29 18:00",231.62,235.21,230.28,,,
"2026-07-29 18:05",230.5,233.5,229.482,0.356,1.467,2.893
"2026-07-29 18:10",226.858,234.829,224.025,0.342,1.449,2.951
"2026-07-29 18:15",227.291,236.744,220.693,0.348,1.376,10.221
"2026-07-29 18:20",226.435,234.805,224.217,0.343,1.43,2.963
"2026-07-29 18:25",228.069,237.162,226.143,0.349,1.373,3.005
"2026-07-29 18:30",225.513,233.867,223.056,0.346,1.41,3.012
"2026-07-29 18:35",225.823,234.369,223.081,0.346,1.445,2.96
"2026-07-29 18:40",226.215,234.978,223.765,0.348,1.378,3.036
"2026-07-29 18:45",227.057,236.555,220.558,0.347,1.376,10.129
"2026-07-29 18:50",227.285,235.573,224.826,0.343,1.398,3.006
"2026-07-29 18:55",225.385,233.63,222.967,0.347,1.39,3.032
"2026-07-29 19:00",224.373,232.541,222.098,0.346,1.411,3.017
"2026-07-29 19:05",224.224,232.304,221.597,0.344,1.394,3.049
"2026-07-29 19:10",223.196,232.052,221.027,0.341,1.448,2.989
"2026-07-29 19:15",221.825,231.506,215.612,0.341,1.438,10.024
"2026-07-29 19:20",222.005,232.202,220.068,0.34,1.435,3.007
"2026-07-29 19:25",224.025,234.229,222.035,0.343,1.433,2.986
"2026-07-29 19:30",224.045,234.038,221.805,0.345,1.38,3.047
"2026-07-29 19:35",223.694,233.735,221.458,0.345,1.394,3.05
"2026-07-29 19:40",223.137,233.292,220.948,0.343,1.391,3.056
"2026-07-29 19:45",222.894,233.681,216.718,0.344,1.384,10.199
"2026-07-29 19:50",226.256,236.571,224.34,0.347,1.372,3.014
"2026-07-29 19:55",225.438,235.731,223.828,0.348,1.418,2.974
"2026-07-29 20:00",226.649,236.909,225.15,0.35,1.381,3.036
"2026-07-29 20:05",225.46,235.663,223.981,0.349,1.423,2.973
"2026-07-29 20:10",225.903,236.471,224.444,0.347,1.427,2.992
"2026-07-29 20:15",223.661,234.702,217.943,0.342,1.37,10.016
"2026-07-29 20:20",223.463,233.859,221.83,0.347,1.428,2.978
"2026-07-29 20:25",224.722,235.414,223.179,0.348,1.353,3.062
"2026-07-29 20:30",225.447,236.164,224.189,0.348,1.413,2.98
"2026-07-29 20:35",225.17,235.867,223.601,0.343,1.406,2.994
"2026-07-29 20:40",225.509,236.208,223.998,0.347,1.413,2.984
"2026-07-29 20:45",225.216,235.95,223.522,0.346,1.426,2.977
"2026-07-29 20:50",224.946,235.94,218.987,0.346,1.406,9.864
"2026-07-29 20:55",225.363,235.953,223.42,0.348,1.368,3.038
"2026-07-29 21:00",225.149,235.802,223.396,0.347,1.432,2.963
"2026-07-29 21:05",225.368,235.991,223.574,0.346,1.429,2.968
"2026-07-29 21:10",224.829,235.397,223.134,0.345,1.378,3.024
"2026-07-29 21:15",224.859,235.263,223.008,0.346,1.423,2.989
"2026-07-29 21:20",224.456,235.533,218.43,0.344,1.42,10.052
"2026-07-29 21:25",225.179,235.814,223.811,0.344,1.425,2.968
"2026-07-29 21:30",225.182,235.888,223.656,0.344,1.434,2.957
"2026-07-29 21:35",225.629,236.149,224.205,0.346,1.367,3.028
"2026-07-29 21:40",225.934,236.464,224.394,0.345,1.403,2.985
"2026-07-29 21:45",226.557,237.358,225.008,0.347,1.413,2.975
"2026-07-29 21:50",226.025,237.179,220.485,0.345,1.408,9.729
"2026-07-29 21:55",226.263,235.798,224.398,0.345,1.368,3.026
"2026-07-29 22:00",226.416,235.943,224.355,0.346,1.373,3.027
"2026-07-29 22:05",226.085,235.435,223.865,0.344,1.366,3.043
"2026-07-29 22:10",225.169,234.349,223.021,0.343,1.371,3.047
"2026-07-29 22:15",224.539,233.663,222.026,0.346,1.412,3.007
"2026-07-29 22:20",224.724,233.993,222.48,0.346,1.415,3.005
"2026-07-29 22:25",224.41,234.37,218.039,0.346,1.367,10.134
"2026-07-29 22:30",225.471,234.924,223.146,0.343,1.414,2.985
"2026-07-29 22:35",225.225,234.685,223.292,0.342,1.419,2.981
"2026-07-29 22:40",225.522,234.532,223.244,0.345,1.41,2.982
"2026-07-29 22:45",225.297,234.274,223.213,0.345,1.364,3.059
"2026-07-29 22:50",225.27,234.269,222.91,0.345,1.369,3.074
"2026-07-29 22:55",225.923,235.607,219.926,0.347,1.405,9.63
"2026-07-29 23:00",226.499,235.656,224.234,0.346,1.361,3.046
"2026-07-29 23:05",225.774,234.854,223.724,0.344,1.365,3.042
"2026-07-29 23:10",226.101,235.274,223.793,0.344,1.423,2.973
"2026-07-29 23:15",226.18,235.272,224.021,0.344,1.431,2.969
"2026-07-29 23:20",226.037,235.32,224.003,0.344,1.357,3.044
"2026-07-29 23:25",225.531,234.746,223.206,0.343,1.38,3.057
"2026-07-29 23:30",225.071,234.67,218.583,0.344,1.406,9.689
"2026-07-29 23:35",225.566,234.608,223.279,0.343,1.364,3.046
"2026-07-29 23:40",225.658,234.724,223.271,0.345,1.37,3.045
"2026-07-29 23:45",225.813,234.968,223.609,0.343,1.427,2.972
"2026-07-29 23:50",225.877,234.901,223.638,0.343,1.419,2.981
"2026-07-29 23:55",225.243,234.61,223.204,0.344,1.375,3.04
"2026-07-30 00:00",225.91,235.465,220.049,0.347,1.366,9.488
"2026-07-30 00:05",225.847,234.914,223.526,0.346,1.362,3.063
"2026-07-30 00:10",225.918,235.013,223.727,0.344,1.422,2.974
"2026-07-30 00:15",225.728,234.883,223.651,0.344,1.427,2.974
"2026-07-30 00:20",226.189,235.28,224.198,0.345,1.368,3.035
"2026-07-30 00:25",227.082,236.29,224.927,0.346,1.417,2.969
"2026-07-30 00:30",227.291,236.161,224.985,0.348,1.377,3.036
"2026-07-30 00:35",226.996,236.311,220.173,0.35,1.36,10.185
"2026-07-30 00:40",225.937,234.825,223.883,0.346,1.419,2.98
"2026-07-30 00:45",225.917,234.98,223.59,0.344,1.368,3.053
"2026-07-30 00:50",225.965,234.925,223.752,0.345,1.418,2.984
"2026-07-30 00:55",226.463,235.758,224.149,0.346,1.372,3.038
"2026-07-30 01:00",226.688,235.456,224.126,0.347,1.415,2.991
"2026-07-30 01:05",225.805,235.093,223.682,0.345,1.363,3.058
"2026-07-30 01:10",224.226,233.724,217.662,0.348,1.369,9.982
"2026-07-30 01:15",225.311,234.184,223.109,0.347,1.374,3.048
"2026-07-30 01:20",225.08,233.998,222.727,0.344,1.452,2.976
"2026-07-30 01:25",224.261,233.005,221.626,0.342,1.428,3.004
"2026-07-30 01:30",224.582,233.679,222.013,0.346,1.425,3.01
"2026-07-30 01:35",224.055,232.957,221.547,0.345,1.443,2.989
"2026-07-30 01:40",224.435,233.256,221.738,0.344,1.379,3.071
"2026-07-30 01:45",223.247,232.645,216.851,0.345,1.437,9.742
"2026-07-30 01:50",226.412,235.551,223.902,0.348,1.393,3.01
"2026-07-30 01:55",226.8,235.881,224.531,0.348,1.418,2.972
"2026-07-30 02:00",226.77,235.961,224.645,0.349,1.37,3.035
"2026-07-30 02:05",227.104,236.151,224.672,0.35,1.42,2.977
"2026-07-30 02:10",227.129,236.238,224.871,0.349,1.35,3.061
"2026-07-30 02:15",226.562,236.025,219.988,0.348,1.36,10.188
"2026-07-30 02:20",227.329,236.187,224.871,0.348,1.406,2.983
"2026-07-30 02:25",227.767,236.836,225.219,0.35,1.349,3.048
"2026-07-30 02:30",228.162,237.352,225.814,0.351,1.357,3.03
"2026-07-30 02:35",227.512,237.388,226.378,0.351,1.385,2.976
"2026-07-30 02:40",227.094,237.192,225.992,0.345,1.39,2.986
"2026-07-30 02:45",227.749,236.674,226.182,0.35,1.362,3.03
"2026-07-30 02:50",227.662,237.187,222.233,0.352,1.358,9.892
"2026-07-30 02:55",228.317,237.315,226.918,0.351,1.355,3.023
"2026-07-30 03:00",228.792,237.643,227.487,0.354,1.347,3.019
"2026-07-30 03:05",226.129,234.093,224.413,0.349,1.416,2.991
"2026-07-30 03:10",227.029,234.938,225.385,0.349,1.41,2.975
"2026-07-30 03:15",227.12,235.082,225.425,0.35,1.371,3.037
"2026-07-30 03:20",226.683,235.399,221.058,0.352,1.35,10.143
"2026-07-30 03:25",227.676,235.638,226.072,0.351,1.402,2.974
"2026-07-30 03:30",228.164,236.123,226.775,0.352,1.4,2.966
"2026-07-30 03:35",228.323,236.394,227.014,0.35,1.4,2.964
"2026-07-30 03:40",228.273,236.375,226.844,0.35,1.399,2.963
"2026-07-30 03:45",228.189,236.21,226.735,0.35,1.407,2.933
"2026-07-30 03:50",227.106,234.855,225.507,0.348,1.4,2.987
"2026-07-30 03:55",225.607,233.817,219.681,0.349,1.424,10.068
"2026-07-30 04:00",225.752,233.691,224.261,0.346,1.442,2.949
"2026-07-30 04:05",225.219,233.196,223.763,0.347,1.423,2.973
"2026-07-30 04:10",225.493,233.587,223.853,0.35,1.427,2.976
"2026-07-30 04:15",225.193,232.901,223.645,0.344,1.434,2.974
"2026-07-30 04:20",225.805,233.892,223.974,0.349,1.45,2.951
"2026-07-30 04:25",226.266,234.332,224.763,0.351,1.397,3.006
"2026-07-30 04:30",226.155,234.751,220.395,0.349,1.447,9.797
"2026-07-30 04:35",226.405,234.428,224.672,0.348,1.447,2.933
"2026-07-30 04:40",226.891,234.763,225.216,0.348,1.434,2.944
"2026-07-30 04:45",226.932,235.017,225.397,0.348,1.433,2.945
"2026-07-30 04:50",226.909,235.007,225.206,0.349,1.427,2.952
"2026-07-30 04:55",227.024,235.053,225.415,0.35,1.428,2.949
"2026-07-30 05:00",226.8,235.268,220.876,0.352,1.424,9.671
"2026-07-30 05:05",225.63,233.505,223.94,0.344,1.43,2.94
"2026-07-30 05:10",225.178,233.282,223.296,0.348,1.397,3.027
"2026-07-30 05:15",226.041,234.238,224.428,0.348,1.415,2.966
"2026-07-30 05:20",233.593,239.127,231.866,0.37,1.243,3.088
"2026-07-30 05:25",226.796,231.784,225.476,0.358,1.485,2.932
"2026-07-30 05:30",226.795,231.618,225.635,0.355,1.405,3
"2026-07-30 05:35",227.12,232.745,221.566,0.356,1.442,10.026
"2026-07-30 05:40",228.712,233.806,227.397,0.358,1.432,2.926
"2026-07-30 05:45",229.207,234.09,227.875,0.358,1.394,2.969
"2026-07-30 05:50",229.425,234.394,227.877,0.357,1.388,2.979
"2026-07-30 05:55",229.47,234.54,228.14,,,
"2026-07-30 06:00",229.52,234.68,228.4,,,
"2026-07-30 06:05",229.57,234.828,228.662,0.357,1.443,2.913
"2026-07-30 06:10",229.212,234.42,228.291,0.351,1.388,2.973
"2026-07-30 06:15",230.085,236.342,225.035,0.359,1.424,10.057
"2026-07-30 06:20",230.477,235.938,229.792,0.359,1.431,2.907
"2026-07-30 06:25",236.222,235.713,234.928,0.366,1.429,2.88
"2026-07-30 06:30",233.264,231.9,231.921,0.365,2.02,2.461
"2026-07-30 06:35",232.299,231.542,230.825,0.364,1.45,2.911
"2026-07-30 06:40",232.273,231.723,230.158,0.36,1.468,2.899
"2026-07-30 06:45",230.219,230.814,228.542,0.349,1.497,2.815
"2026-07-30 06:50",234.759,237.493,229.364,0.363,1.378,9.976
"2026-07-30 06:55",236.756,232.505,232.729,0.364,1.422,2.88
"2026-07-30 07:00",234.965,231.492,231.721,0.36,1.476,2.855
"2026-07-30 07:05",234.261,231.545,231.301,0.358,1.298,2.871
"2026-07-30 07:10",232.537,231.102,229.937,0.353,1.398,2.565
"2026-07-30 07:15",235.282,233.805,232.655,0.37,1.52,2.627
"2026-07-30 07:20",233.986,232.687,227.015,0.362,1.431,9.695
"2026-07-30 07:25",235.02,233.766,232.851,0.368,1.503,2.702
"2026-07-30 07:30",234.393,230.677,231.108,0.356,1.498,2.719
"2026-07-30 07:35",232.683,233.79,229.509,0.351,1.418,2.737
"2026-07-30 07:40",235.759,237.919,233.76,0.368,1.254,2.621
"2026-07-30 07:45",233.343,235.883,232.182,0.364,1.242,2.731
"2026-07-30 07:50",232.59,235.714,227.542,0.37,1.329,9.37
"2026-07-30 07:55",232.73,235.226,232.011,0.366,1.395,2.584
"2026-07-30 08:00",232.394,235.011,231.599,0.362,1.415,2.677
"2026-07-30 08:05",231.858,234.499,231.052,0.359,1.376,2.71
"2026-07-30 08:10",231.171,233.276,230.253,0.356,1.359,2.711
"2026-07-30 08:15",231.016,233.177,230.23,0.356,1.364,2.674
"2026-07-30 08:20",229.753,232.684,224.611,0.357,1.365,9.479
"2026-07-30 08:25",232.741,236.789,231.64,0.362,1.233,2.574
"2026-07-30 08:30",234.042,237.946,233.031,0.362,1.395,2.597
"2026-07-30 08:35",230.96,235.116,230.26,0.353,1.245,2.464
"2026-07-30 08:40",234.216,237.657,233.191,0.364,1.085,2.156
"2026-07-30 08:45",233.039,236.354,231.9,0.363,1.322,2.366
"2026-07-30 08:50",231.878,235.396,226.458,0.359,1.192,9.102
"2026-07-30 08:55",233.251,236.539,231.869,0.36,1.166,2.349
"2026-07-30 09:00",233.132,236.547,231.876,0.36,1.031,2.181
"2026-07-30 09:05",232.906,235.997,231.729,0.36,0.956,1.787
"2026-07-30 09:10",229.381,231.744,227.925,0.349,1.005,1.877
"2026-07-30 09:15",242.27,245.111,242.565,0.363,1.953,2.257
"2026-07-30 09:20",231.101,231.871,224.831,0.358,0.96,8.068
"2026-07-30 09:25",230.67,232.828,228.842,0.354,1.003,1.565
"2026-07-30 09:30",229.786,232.795,230.31,0.35,0.714,1.237
"2026-07-30 09:35",232.197,234.976,230.835,0.355,1.112,1.385
"2026-07-30 09:40",232.381,234.99,230.507,0.356,1.034,2.061
"2026-07-30 09:45",233.178,236.055,231.843,0.355,0.907,1.7
"2026-07-30 09:50",231.568,234.779,225.571,0.359,1.072,8.715
"2026-07-30 09:55",233.173,235.916,231.597,0.356,1.073,1.943
"2026-07-30 10:00",233.7,236.539,232.117,0.355,0.94,1.914
"2026-07-30 10:05",232.226,234.733,230.88,0.344,0.658,1.255
"2026-07-30 10:10",232.462,235.216,231.5,0.347,0.795,1.282
"2026-07-30 10:15",231.428,234.605,225.372,0.342,1.372,9.726
"2026-07-30 10:20",233.159,235.498,231.163,0.343,1.373,2.627
"2026-07-30 10:25",233.583,235.908,231.499,0.347,1.333,2.649
"2026-07-30 10:30",234.088,236.704,232.18,0.357,1.187,2.387
"2026-07-30 10:35",231.527,234.751,225.371,0.353,1.071,9.234
"2026-07-30 10:40",231.032,233.875,229.371,0.35,1.118,2.271
"2026-07-30 10:45",233.016,235.788,231.017,0.35,1.269,2.409
"2026-07-30 10:50",231.581,234.105,229.703,0.341,1.379,2.471
"2026-07-30 10:55",231.6,234.138,229.662,0.339,1.429,2.55
"2026-07-30 11:00",233.704,236.416,231.682,0.35,1.325,2.455
"2026-07-30 11:05",231.2,234.44,224.894,0.354,1.113,9.235
"2026-07-30 11:10",231.811,234.834,230.399,0.347,0.856,1.637
"2026-07-30 11:15",231.778,234.928,231.221,0.339,0.581,0.756
"2026-07-30 11:20",233.162,236.091,232.118,0.339,0.554,0.5
"2026-07-30 11:25",231.862,235.16,231.607,0.333,0.548,0.492
"2026-07-30 11:30",232.279,236.233,227.754,0.338,0.549,7.761
"2026-07-30 11:35",232.183,235.066,231.347,0.334,0.553,0.498
"2026-07-30 11:40",231.773,235.43,231.113,0.345,0.764,1.499
"2026-07-30 11:45",232.885,236.106,232.356,0.344,0.763,0.947
"2026-07-30 11:50",233.372,237.457,228.454,0.347,0.888,8.099
"2026-07-30 11:55",233.151,236.78,232.475,0.348,0.96,1.856
"2026-07-30 12:00",233.98,236.93,233.15,,,
"2026-07-30 12:05",234.805,237.088,233.827,0.354,0.973,1.624
"2026-07-30 12:10",230.764,232.647,230.077,0.354,1.12,1.736
"2026-07-30 12:15",229.245,231.317,223.873,0.348,0.783,8.643
"2026-07-30 12:20",231.23,233.332,229.822,0.348,0.739,1.39
"2026-07-30 12:25",230.733,232.857,229.347,0.344,0.621,1.422
"2026-07-30 12:30",229.995,233.398,229.012,0.34,0.573,1.04
"2026-07-30 12:35",231.604,235.023,231.136,0.338,0.555,0.512
"2026-07-30 12:40",229.883,233.004,229.014,0.334,0.55,0.506
"2026-07-30 12:45",229.526,235.633,225.642,0.325,0.539,7.799
"2026-07-30 12:50",230.467,236.532,231.097,0.327,0.552,0.509
"2026-07-30 12:55",232.755,237.276,232.71,0.333,0.559,0.508
"2026-07-30 13:00",233.327,237.735,232.863,0.338,0.689,0.978
"2026-07-30 13:05",230.545,234.315,224.028,0.336,0.545,10.299
"2026-07-30 13:10",232.834,235.996,231.871,0.345,1.151,1.324
"2026-07-30 13:15",232.523,235.813,231.411,0.345,0.956,1.514
"2026-07-30 13:20",230.816,234.47,225.214,0.337,0.724,8.548
"2026-07-30 13:25",231.256,234.86,229.872,0.333,0.551,2.337
"2026-07-30 13:30",231.703,234.752,230.478,0.345,0.947,2.02
"2026-07-30 13:35",230.625,234.029,230.003,0.328,0.548,0.51
"2026-07-30 13:40",230.447,233.482,229.355,0.338,0.987,0.955
"2026-07-30 13:45",231.601,235.311,226.053,0.339,0.677,8.636
"2026-07-30 13:50",232.397,235.681,230.863,0.349,1.02,1.787
"2026-07-30 13:55",231.954,235.456,230.477,0.352,1.135,2.093
"2026-07-30 14:00",231.581,235.204,230.251,0.351,1.087,2.109
"2026-07-30 14:05",230.905,234.077,229.388,0.342,1.248,2.424
"2026-07-30 14:10",229.88,233.747,224.482,0.38,0.661,8.449
"2026-07-30 14:15",230.758,233.923,229.844,0.387,0.929,1.094
"2026-07-30 14:20",231.24,234.698,230.026,0.388,1.024,1.096
"2026-07-30 14:25",229.519,233.102,223.689,0.386,0.966,8.699
"2026-07-30 14:30",228.402,231.631,227.056,0.391,1.254,2.096
"2026-07-30 14:35",228.453,231.734,227.005,0.388,1.148,2.324
"2026-07-30 14:40",229.581,232.992,228.604,0.394,0.952,1.889
"2026-07-30 14:45",229.477,232.683,228.043,0.394,0.932,1.792
"2026-07-30 14:50",228.823,232.384,222.936,0.392,1.18,9.245
"2026-07-30 14:55",229.365,233.798,228.193,0.39,1.122,2.288
"2026-07-30 15:00",230.032,234.602,228.861,0.416,0.969,2.117
"2026-07-30 15:05",229.953,234.624,229.262,0.39,0.685,1.484
"2026-07-30 15:10",231.087,235.665,230.515,0.385,0.572,0.749
"2026-07-30 15:15",229.404,234.787,224.412,0.388,0.645,8.605
"2026-07-30 15:20",229.252,233.653,228.281,0.393,1.276,1.465
"2026-07-30 15:25",228.556,233.237,227.496,0.386,0.991,1.659
"2026-07-30 15:30",230.856,235.599,225.326,0.398,1.239,9.244
"2026-07-30 15:35",231.992,236.747,231.599,0.387,0.557,2.487
"2026-07-30 15:40",230.87,235.039,230.615,0.386,0.558,1.317
"2026-07-30 15:45",229.45,233.237,229.388,0.387,1.027,0.952
"2026-07-30 15:50",228.838,232.464,228.476,0.387,0.828,1.502
"2026-07-30 15:55",228.728,232.998,224.589,0.377,0.542,7.884
"2026-07-30 16:00",228.965,231.656,227.514,0.388,1.166,2.16
"2026-07-30 16:05",229.976,233.04,228.174,0.39,1.103,2.118
"2026-07-30 16:10",231.203,234.369,229.175,0.392,1.145,2.127
"2026-07-30 16:15",230.237,233.93,223.967,0.387,1.044,9.32
"2026-07-30 16:20",231.309,234.257,229.038,0.386,1.064,2.286
"2026-07-30 16:25",230.477,233.379,228.463,0.389,1.261,2.404
"2026-07-30 16:30",231.161,234.475,224.768,0.391,1.3,9.495
"2026-07-30 16:35",232.173,235.052,230.104,0.388,1.05,2.245
"2026-07-30 16:40",232.396,235.172,230.579,0.392,1.234,2.277
"2026-07-30 16:45",232.557,234.911,230.178,0.392,1.368,2.49
"2026-07-30 16:50",231.122,233.555,228.856,0.387,1.43,2.709
"2026-07-30 16:55",231.105,233.937,228.975,0.393,1.102,2.224
"2026-07-30 17:00",229.677,232.698,223.151,0.395,1.181,9.298
"2026-07-30 17:05",230.432,232.867,227.571,0.392,1.316,2.469
"2026-07-30 17:10",230.574,232.778,227.911,0.392,1.32,2.585
"2026-07-30 17:15",230.369,232.778,227.981,0.392,1.37,2.563
"2026-07-30 17:20",230.884,234.277,229.685,0.385,1.396,2.686
"2026-07-30 17:25",230.72,234.572,225.579,0.389,1.431,9.646
"2026-07-30 17:30",231.608,234.954,230.488,0.388,1.355,2.457
"2026-07-30 17:35",231.105,234.408,229.717,0.387,1.507,2.657
"2026-07-30 17:40",230.867,234.699,225.388,0.384,1.411,9.787
"2026-07-30 17:45",231.762,235.091,230.637,0.385,1.508,2.773
"2026-07-30 17:50",232.719,236.053,231.488,0.386,1.447,2.793
"2026-07-30 17:55",231.991,235.485,230.51,0.386,1.47,2.787
"2026-07-30 18:00",231.83,235.53,228.28,,,
"2026-07-30 18:05",231.665,235.572,226.041,0.389,1.473,10.103
"2026-07-30 18:10",228.421,235.012,224.777,0.383,1.432,2.957
"2026-07-30 18:15",229.408,236.559,227.165,0.384,1.422,2.942
"2026-07-30 18:20",226.984,234.117,224.585,0.38,1.487,2.94
"2026-07-30 18:25",229.214,236.38,227.013,0.383,1.406,2.98
"2026-07-30 18:30",224.865,231.495,222.361,0.376,1.469,2.954
"2026-07-30 18:35",226.449,234.125,219.758,0.385,1.438,9.925
"2026-07-30 18:40",225.558,232.682,222.689,0.384,1.472,2.957
"2026-07-30 18:45",224.875,231.675,222.132,0.384,1.419,3.005
"2026-07-30 18:50",227.876,236.927,225.694,0.387,1.4,2.994
"2026-07-30 18:55",225.755,234.681,223.481,0.388,1.479,2.946
"2026-07-30 19:00",223.677,232.787,216.796,0.385,1.457,9.933
"2026-07-30 19:05",221.777,231.175,219.526,0.383,1.479,3.016
"2026-07-30 19:10",225.068,234.677,222.592,0.388,1.41,3.027
"2026-07-30 19:15",223.344,232.763,220.95,0.39,1.461,2.984
"2026-07-30 19:20",222.617,232.22,220.35,0.39,1.469,2.995
"2026-07-30 19:25",224.568,233.872,221.838,0.39,1.415,3.039
"2026-07-30 19:30",224.767,234.335,217.261,0.388,1.399,9.994
"2026-07-30 19:35",223.374,232.337,219.998,0.386,1.454,3.003
"2026-07-30 19:40",229.497,235.277,226.127,0.39,1.452,2.964
"2026-07-30 19:45",223.492,231.902,221.7,0.391,1.477,2.96
"2026-07-30 19:50",223.489,231.295,220.9,0.391,1.47,2.985
"2026-07-30 19:55",222.243,230.902,220.201,0.388,1.4,3.059
"2026-07-30 20:00",222.134,232.291,216.353,0.389,1.426,9.904
"2026-07-30 20:05",222.456,232.217,220.606,0.389,1.386,3.082
"2026-07-30 20:10",221.525,231.294,219.436,0.391,1.446,3.02
"2026-07-30 20:15",220.707,230.03,218.757,0.39,1.453,3.028
"2026-07-30 20:20",221.883,230.535,218.543,0.389,1.448,3.036
"2026-07-30 20:25",221.638,230.641,218.626,0.389,1.41,3.064
"2026-07-30 20:30",222.039,231.574,214.724,0.389,1.483,9.864
"2026-07-30 20:35",223.458,232.228,220.099,0.39,1.449,3.008
"2026-07-30 20:40",223.195,232.139,220.093,0.39,1.459,2.927
"2026-07-30 20:45",223.059,231.728,219.685,0.389,1.46,3.005
"2026-07-30 20:50",222.951,231.531,219.704,0.388,1.426,3.046
"2026-07-30 20:55",222.3,230.848,219.076,0.388,1.418,3.073
"2026-07-30 21:00",221.444,230.563,214.112,0.387,1.433,10.135
"2026-07-30 21:05",221.666,230.578,218.273,0.388,1.436,3.061
"2026-07-30 21:10",221.955,230.897,218.612,0.389,1.473,3.005
"2026-07-30 21:15",223.829,232.844,220.527,0.389,1.465,2.986
"2026-07-30 21:20",223.324,232.211,219.855,0.388,1.456,3.002
"2026-07-30 21:25",224.008,232.87,220.582,0.387,1.389,3.077
"2026-07-30 21:30",223.395,232.685,215.981,0.387,1.435,10.104
"2026-07-30 21:35",224.18,232.811,220.868,0.388,1.447,3.021
"2026-07-30 21:40",224.549,233.061,220.852,0.389,1.447,3.003
"2026-07-30 21:45",224.335,232.805,220.772,0.389,1.452,2.999
"2026-07-30 21:50",224.471,233.072,220.723,0.388,1.399,3.072
"2026-07-30 21:55",224.431,233.341,221.151,0.39,1.447,3.002
"2026-07-30 22:00",224.58,234.01,216.922,0.39,1.385,9.807
"2026-07-30 22:05",224.707,233.574,221.118,0.388,1.442,3
"2026-07-30 22:10",224.218,232.715,220.238,0.387,1.442,3.008
"2026-07-30 22:15",222.9,231.495,219.24,0.386,1.455,3.012
"2026-07-30 22:20",223.166,231.277,218.958,0.386,1.461,3.011
"2026-07-30 22:25",222.982,231.208,218.996,0.385,1.4,3.092
"2026-07-30 22:30",222.533,230.755,218.282,0.387,1.468,3.022
"2026-07-30 22:35",221.667,230.374,213.57,0.385,1.468,9.864
"2026-07-30 22:40",222.374,230.604,218.278,0.386,1.455,3.019
"2026-07-30 22:45",222.569,230.758,218.343,0.386,1.403,3.078
"2026-07-30 22:50",223.268,231.875,219.342,0.387,1.414,3.063
"2026-07-30 22:55",223.442,232.182,219.429,0.386,1.465,2.997
"2026-07-30 23:00",222.114,230.568,218.179,0.386,1.489,3.021
"2026-07-30 23:05",223.094,231.664,219.086,0.386,1.416,3.058
"2026-07-30 23:10",222.684,231.826,215.026,0.386,1.443,9.986
"2026-07-30 23:15",223.023,231.431,219.265,0.384,1.463,3.004
"2026-07-30 23:20",223.03,231.582,219.254,0.385,1.452,3.017
"2026-07-30 23:25",223.825,232.013,219.716,0.385,1.408,3.058
"2026-07-30 23:30",223.7,232.022,219.715,0.386,1.464,2.987
"2026-07-30 23:35",224.542,233.063,221.042,0.387,1.465,2.974
"2026-07-30 23:40",225.178,233.631,221.346,0.388,1.458,2.977
"2026-07-30 23:45",224.804,233.894,217.248,0.388,1.407,9.729
"2026-07-30 23:50",225.694,234.279,222.116,0.388,1.476,2.961
"2026-07-30 23:55",226.15,234.666,222.596,0.387,1.413,3.015
"2026-07-31 00:00",225.529,234.167,222.179,0.388,1.463,2.961
"2026-07-31 00:05",223.711,232.946,221.266,0.388,1.467,2.966
"2026-07-31 00:10",222.596,232.306,215.933,0.388,1.455,9.75
"2026-07-31 00:15",222.693,231.989,220.354,0.38,1.468,2.981
"2026-07-31 00:20",222.569,231.525,219.904,0.376,1.486,2.965
"2026-07-31 00:25",222.693,231.187,219.124,0.373,1.468,2.993
"2026-07-31 00:30",225.256,233.87,221.444,0.371,1.408,3.037
"2026-07-31 00:35",225.357,233.731,221.637,0.368,1.449,2.987
"2026-07-31 00:40",226.052,234.506,222.044,0.367,1.433,2.995
"2026-07-31 00:45",223.966,233.017,216.228,0.362,1.446,10.068
"2026-07-31 00:50",225.702,235.927,224.492,0.36,1.426,2.98
"2026-07-31 00:55",224.523,234.669,223.153,0.357,1.443,2.979
"2026-07-31 01:00",224.684,234.735,223.091,0.356,1.442,2.974
"2026-07-31 01:05",223.781,233.624,222.166,0.352,1.438,2.984
"2026-07-31 01:10",223.456,233.7,222.028,0.351,1.394,3.046
"2026-07-31 01:15",223.015,232.813,221.546,0.348,1.438,3
"2026-07-31 01:20",222.789,233.356,216.88,0.348,1.438,9.876
"2026-07-31 01:25",225.483,235.779,224.193,0.347,1.433,2.966
"2026-07-31 01:30",224.772,234.774,223.27,0.346,1.441,2.963
"2026-07-31 01:35",224.07,234.124,222.635,0.345,1.453,2.982
"2026-07-31 01:40",224.562,234.432,223.128,0.345,1.424,2.987
"2026-07-31 01:45",224.099,234.226,223.014,0.342,1.434,2.979
"2026-07-31 01:50",225.213,235.36,223.708,0.346,1.44,2.961
"2026-07-31 01:55",223.939,234.751,218.486,0.345,1.382,9.806
"2026-07-31 02:00",225.153,235.564,223.723,0.344,1.432,2.957
"2026-07-31 02:05",224.085,234.103,222.774,0.343,1.432,2.973
"2026-07-31 02:10",223.776,233.72,222.207,0.345,1.457,2.935
"2026-07-31 02:15",223.744,233.984,222.435,0.341,1.467,2.945
"2026-07-31 02:20",224.132,234.026,222.671,0.341,1.453,2.965
"2026-07-31 02:25",223.868,233.969,222.49,0.342,1.444,2.985
"2026-07-31 02:30",224.564,235.261,219.334,0.342,1.365,9.777
"2026-07-31 02:35",225.966,236.378,224.725,0.342,1.378,3.012
"2026-07-31 02:40",226.071,236.503,224.742,0.343,1.431,2.944
"2026-07-31 02:45",226.199,235.869,224.746,0.342,1.431,2.955
"2026-07-31 02:50",225.457,234.824,223.849,0.343,1.442,2.931
"2026-07-31 02:55",224.09,233.741,222.721,0.342,1.447,2.966
"2026-07-31 03:00",224.33,234.352,218.746,0.341,1.439,9.579
"2026-07-31 03:05",225.5,234.974,224.149,0.342,1.428,2.969
"2026-07-31 03:10",225.801,235.192,224.138,0.342,1.437,2.963
"2026-07-31 03:15",225.712,235.16,224.302,0.342,1.41,2.982
"2026-07-31 03:20",225.593,235.072,224.092,0.342,1.427,2.972
"2026-07-31 03:25",226.588,236.186,225.242,0.344,1.424,2.951
"2026-07-31 03:30",226.864,236.415,225.228,0.345,1.437,2.915
"2026-07-31 03:35",225.991,236.2,220.444,0.344,1.385,10.098
"2026-07-31 03:40",226.807,236.472,225.458,0.344,1.433,2.925
"2026-07-31 03:45",226.393,235.934,224.637,0.344,1.388,3.004
"2026-07-31 03:50",227.237,236.744,225.795,0.345,1.43,2.932
"2026-07-31 03:55",227.063,236.591,225.715,0.344,1.453,2.919
"2026-07-31 04:00",227.267,236.885,226.009,0.345,1.406,2.972
"2026-07-31 04:05",227.096,236.688,225.713,0.346,1.403,2.976
"2026-07-31 04:10",226.18,236.139,220.609,0.345,1.415,10.046
"2026-07-31 04:15",226.838,236.294,225.41,0.344,1.395,2.981
"2026-07-31 04:20",227.085,236.449,225.477,0.344,1.391,2.987
"2026-07-31 04:25",226.96,236.396,225.417,0.344,1.395,3.008
"2026-07-31 04:30",227.397,236.841,225.956,0.344,1.4,2.971
"2026-07-31 04:35",227.318,236.561,225.442,0.345,1.437,2.933
"2026-07-31 04:40",226.847,236.317,225.326,0.344,1.393,2.992
"2026-07-31 04:45",225.494,235.243,219.413,0.343,1.403,10.02
"2026-07-31 04:50",226.376,235.656,224.821,0.341,1.444,2.928
"2026-07-31 04:55",226.311,235.751,224.631,0.345,1.439,2.943
"2026-07-31 05:00",226.341,235.693,224.439,0.345,1.439,2.94
"2026-07-31 05:05",226.198,235.643,224.498,0.344,1.462,2.92
"2026-07-31 05:10",226.307,235.737,224.862,0.343,1.446,2.931
"2026-07-31 05:15",226.963,236.362,225.566,0.345,1.441,2.932
"2026-07-31 05:20",227.399,237.355,221.423,0.347,1.378,9.837
"2026-07-31 05:25",228.3,237.013,226.601,0.345,1.381,2.976
"2026-07-31 05:30",229.2,236.638,227.116,0.346,1.427,2.927
"2026-07-31 05:35",229.022,236.767,227.13,0.345,1.386,2.979
"2026-07-31 05:40",229.112,236.768,227.051,0.342,1.43,2.92
"2026-07-31 05:45",228.104,235.749,225.891,0.346,1.379,3.007
"2026-07-31 05:50",227.702,235.654,221.434,0.346,1.43,9.685
"2026-07-31 05:55",227.74,235.06,222.96,,,
"2026-07-31 06:00",227.79,234.47,224.48,,,
"2026-07-31 06:05",227.828,233.871,226.001,0.345,1.429,2.95
"2026-07-31 06:10",226.605,233.074,225.382,0.343,1.427,2.956
"2026-07-31 06:15",227.642,233.02,224.818,0.343,1.375,3.029
"2026-07-31 06:20",227.914,233.514,225.273,0.344,1.452,2.94
"2026-07-31 06:25",232.643,236.374,233.167,0.349,1.416,2.893
"2026-07-31 06:30",231.793,235.565,227.783,0.351,1.487,9.936
"2026-07-31 06:35",232.413,236.016,232.91,0.351,1.559,3.17
"2026-07-31 06:40",230.646,233.35,230.192,0.354,1.478,2.752
"2026-07-31 06:45",230.703,233.253,229.702,0.349,1.41,2.938
"2026-07-31 06:50",231.81,234.408,230.976,0.35,1.449,2.876
"2026-07-31 06:55",231.403,234.2,230.755,0.348,1.41,2.942
"2026-07-31 07:00",231.371,234.153,230.545,0.35,1.432,2.941
"2026-07-31 07:05",230.977,234.023,225.576,0.35,1.446,10.023
"2026-07-31 07:10",230.452,233.434,229.646,0.347,1.439,2.94
"2026-07-31 07:15",229.927,232.933,229.955,0.34,0.554,4.386
"2026-07-31 07:20",232.269,234.446,230.264,0.351,1.424,2.826
"2026-07-31 07:25",232.519,234.583,230.576,0.353,1.387,2.737
"2026-07-31 07:30",232.522,235.106,226.193,0.353,1.429,9.825
"2026-07-31 07:35",232.792,234.639,230.791,0.352,1.442,2.725
"2026-07-31 07:40",231.652,233.577,229.569,0.352,1.463,2.696
"2026-07-31 07:45",231.331,233.544,229.307,0.351,1.393,2.78
"2026-07-31 07:50",231.147,233.24,228.992,0.352,1.32,2.769
"2026-07-31 07:55",230.726,232.787,228.577,0.351,1.242,2.721
"2026-07-31 08:00",230.414,232.492,228.377,0.352,1.161,2.529
"2026-07-31 08:05",229.994,233.268,223.374,0.351,1.196,9.547
"2026-07-31 08:10",232.413,234.747,229.849,0.356,1.361,2.5
"2026-07-31 08:15",232.488,235.153,230.264,0.358,1.281,2.578
"2026-07-31 08:20",232.7,235.678,230.353,0.358,1.122,2.308
"2026-07-31 08:25",232.195,235.202,229.932,0.362,0.938,1.807
"2026-07-31 08:30",231.456,234.584,224.53,0.359,1.223,9.207
"2026-07-31 08:35",231.698,234.139,229.049,0.348,1.307,2.403
"2026-07-31 08:40",230.155,233.007,227.693,0.349,1.193,2.405
"2026-07-31 08:45",232.319,236.667,226.184,0.363,1.102,9.125
"2026-07-31 08:50",233.938,238.338,232.502,0.351,0.564,1.743
"2026-07-31 08:55",232.358,237.484,232.167,0.347,0.676,1.029
"2026-07-31 09:00",230.918,236.015,230.24,0.357,0.94,1.935
"2026-07-31 09:05",231.285,235.831,230.715,0.358,0.976,1.812
"2026-07-31 09:10",231.201,235.795,230.433,0.359,0.995,1.912
"2026-07-31 09:15",230.885,235.558,230.216,0.357,1.018,1.984
"2026-07-31 09:20",230.025,235.74,224.935,0.35,0.547,9.321
"2026-07-31 09:25",230.48,235.309,230.619,0.339,0.55,0.817
"2026-07-31 09:30",230.087,234.706,230.036,0.348,1.028,1.207
"2026-07-31 09:35",230.331,235.158,230.45,0.341,0.561,0.965
"2026-07-31 09:40",229.956,234.488,224.39,0.348,1.385,9.422
"2026-07-31 09:45",229.354,233.841,228.946,0.352,1.081,1.68
"2026-07-31 09:50",230.139,234.757,229.861,0.334,0.562,0.52
"2026-07-31 09:55",230.555,235.379,230.362,0.348,0.975,1.574
"2026-07-31 10:00",230.045,234.55,229.474,0.344,1.145,2.315
"2026-07-31 10:05",231.192,236.296,226.181,0.349,0.993,9.514
"2026-07-31 10:10",228.476,233.148,228.205,0.34,0.605,1.189
"2026-07-31 10:15",228.153,232.189,227.453,0.352,1.167,1.765
"2026-07-31 10:20",228.216,232.472,227.021,0.352,1.141,1.843
"2026-07-31 10:25",227.414,231.542,226.649,0.35,0.967,1.827
"2026-07-31 10:30",226.611,231.818,221.23,0.331,0.531,8.604
"2026-07-31 10:35",230.711,235.737,229.595,0.346,0.886,1.642
"2026-07-31 10:40",227.847,233.086,226.984,0.335,0.546,1.19
"2026-07-31 10:45",227.959,233.737,222.99,0.331,0.54,7.87
"2026-07-31 10:50",229.007,234.193,228.232,0.336,0.603,1.235
"2026-07-31 10:55",230.404,235.448,229.181,0.344,0.989,1.518
"2026-07-31 11:00",228.313,233.715,227.796,0.332,0.585,0.48
"2026-07-31 11:05",228.934,234.285,227.948,0.33,0.548,0.509
"2026-07-31 11:10",227.537,233.542,222.408,0.33,0.542,8.033
"2026-07-31 11:15",229.97,235.21,228.759,0.334,0.551,0.504
"2026-07-31 11:20",229.28,234.48,227.84,,,
"2026-07-31 11:25",228.598,233.751,226.921,0.344,0.753,1.764
"2026-07-31 11:30",229.225,234.97,227.845,0.331,0.546,0.451
"2026-07-31 11:35",228.746,234.559,223.564,0.333,0.541,7.898
"2026-07-31 11:40",228.951,234.502,228.469,0.332,0.548,0.482
"2026-07-31 11:45",229.525,235.112,229.058,0.332,0.55,0.505
"2026-07-31 11:50",229.587,235.559,228.992,0.333,0.549,0.503
"2026-07-31 11:55",228.78,235.03,223.703,0.333,0.544,8.129
"2026-07-31 12:00",229.8,235.7,226.84,,,
"2026-07-31 12:05",230.816,236.365,229.974,0.334,0.553,0.504
"2026-07-31 12:10",231.09,236.419,229.913,0.345,0.692,1.141
"2026-07-31 12:15",230.338,235.68,229.243,0.34,0.627,0.984
"2026-07-31 12:20",229.552,235.661,224.673,0.336,0.545,7.937
"2026-07-31 12:25",229.939,235.596,229.099,0.334,0.552,0.503
"2026-07-31 12:30",229.111,234.883,223.587,0.345,0.749,8.615
"2026-07-31 12:35",229.527,235.444,223.923,0.351,0.981,8.858
"2026-07-31 12:40",230.404,235.755,228.716,0.347,0.959,1.756
"2026-07-31 12:45",230.13,235.608,229.099,0.337,0.736,1.444
"2026-07-31 12:50",228.815,234.517,227.86,0.335,0.685,1.348
"2026-07-31 12:55",227.059,233.187,222.065,0.329,0.538,7.944
"2026-07-31 13:00",226.69,232.291,226.227,0.325,0.544,0.502
"2026-07-31 13:05",226.492,231.726,225.788,0.333,0.747,1.085
"2026-07-31 13:10",227.199,232.751,226.697,0.324,0.545,0.5
"2026-07-31 13:15",226.202,231.976,220.659,0.335,0.934,8.524
"2026-07-31 13:20",226.603,232.312,226.243,0.324,0.543,0.496
"2026-07-31 13:25",226.913,232.457,226.155,0.327,0.542,0.495
"2026-07-31 13:30",228.489,234.799,222.58,0.323,0.539,8.137
"2026-07-31 13:35",229.402,235.377,228.122,0.33,0.55,0.497
"2026-07-31 13:40",229.101,234.993,227.512,0.34,0.832,1.2
"2026-07-31 13:45",228.819,235,227.58,0.327,0.548,0.504
"2026-07-31 13:50",229.201,236.093,223.498,0.328,0.545,7.905
"2026-07-31 13:55",230.094,236.273,228.788,0.327,0.55,0.5
"2026-07-31 14:00",228.797,235.04,227.408,0.336,0.546,0.501
"2026-07-31 14:05",227.748,234.634,222.26,0.324,0.537,7.975
"2026-07-31 14:10",227.851,234.406,227.247,0.326,0.546,0.499
"2026-07-31 14:15",226.942,233.313,226.128,0.328,0.546,0.494
"2026-07-31 14:20",226.872,233.557,221.592,0.328,0.541,7.843
"2026-07-31 14:25",226.945,233.156,226.119,0.327,0.545,0.494
"2026-07-31 14:30",226.594,233.244,221.217,0.328,0.54,8.358
"2026-07-31 14:35",226.152,232.747,220.857,0.325,0.537,7.83
"2026-07-31 14:40",225.832,232.659,219.727,0.324,0.536,8.155
"2026-07-31 14:45",228.838,235.703,223.167,0.326,0.542,7.971
"2026-07-31 14:50",227.248,233.531,220.874,0.326,0.538,8.235
"2026-07-31 14:55",227.489,234.209,221.834,0.33,0.54,8.002
"2026-07-31 15:00",226.766,233.597,220.923,0.322,0.535,8.257
"2026-07-31 15:05",227.975,234.24,226.672,0.399,0.549,0.703
"2026-07-31 15:10",225.817,231.912,224.163,0.397,0.538,0.664
"2026-07-31 15:15",227.206,233.197,225.574,0.326,0.541,0.667
"2026-07-31 15:20",226.12,232.695,220.028,0.327,0.539,8.47
"2026-07-31 15:25",226.788,233.636,220.894,0.326,0.541,8.261
"2026-07-31 15:30",228.129,235.06,222.537,0.329,0.545,7.87
"2026-07-31 15:35",228.548,234.582,227.048,0.344,1.027,2.156
"2026-07-31 15:40",228.951,234.796,226.726,0.344,1.111,2.221
"2026-07-31 15:45",228.07,234.563,221.329,0.338,1.031,10.164
"2026-07-31 15:50",227.901,234.644,221.546,0.338,1.101,9.819
"2026-07-31 15:55",227.111,233.559,220.758,0.367,1.155,9.506
"2026-07-31 16:00",228.142,234.971,221.73,0.35,1.05,9.575
"2026-07-31 16:05",228.183,234.809,221.454,0.346,1.053,9.989
"2026-07-31 16:10",228.711,235.182,221.98,0.347,1.012,9.931
"2026-07-31 16:15",229.509,235.975,222.773,0.349,1.134,10.023
"2026-07-31 16:20",228.41,235.39,222.221,0.349,1.217,10.157
"2026-07-31 16:25",229.405,236.103,223.029,0.349,1.289,10.225
"2026-07-31 16:30",230.195,236.986,223.538,0.351,1.331,10.242
"2026-07-31 16:35",230.345,236.901,223.643,0.363,1.281,10.408
"2026-07-31 16:40",231.024,237.493,224.08,0.422,1.439,10.089
"2026-07-31 16:45",230.77,237.19,224.097,0.341,1.364,9.914
"2026-07-31 16:50",231.772,236.835,225.259,0.34,1.439,9.709
"2026-07-31 16:55",231.593,236.026,229.507,0.339,1.392,2.663
"2026-07-31 17:00",232.324,236.577,230.224,0.343,1.494,2.592
"2026-07-31 17:05",230.118,234.186,227.772,0.34,1.473,2.626
"2026-07-31 17:10",230.678,235.025,228.761,0.341,1.467,2.659
"2026-07-31 17:15",230.916,235.051,228.768,0.342,1.51,2.66
"2026-07-31 17:20",229.406,234.201,223.041,0.336,1.467,9.878
"2026-07-31 17:25",230.411,234.742,228.46,0.34,1.471,2.681
"2026-07-31 17:30",230.293,235.357,223.849,0.351,1.464,10.406
"2026-07-31 17:35",230.044,235.046,223.501,0.35,1.439,10.516
"2026-07-31 17:40",229.667,234.951,223.13,0.348,1.426,10.52
"2026-07-31 17:45",230.487,235.367,223.714,0.337,1.402,10.544
"2026-07-31 17:50",231.077,235.525,224.637,0.338,1.559,9.806
"2026-07-31 17:55",231.267,235.324,229.179,0.337,1.465,2.878
"2026-07-31 18:00",231.61,235.59,229.59,,,
"2026-07-31 18:05",231.947,235.854,230.006,0.336,1.41,2.923
"2026-07-31 18:10",226.586,234.586,223.85,0.331,1.451,2.961
"2026-07-31 18:15",226.915,235.861,219.427,0.33,1.396,10.387
"2026-07-31 18:20",226.131,234.325,222.998,0.326,1.441,2.967
"2026-07-31 18:25",226.984,235.218,223.954,0.331,1.454,2.959
"2026-07-31 18:30",224.142,232.142,220.358,0.326,1.44,3.006
"2026-07-31 18:35",223.52,232.475,220.818,0.325,1.427,3.016
"2026-07-31 18:40",224.365,233.563,217.125,0.323,1.424,9.691
"2026-07-31 18:45",224.937,233.728,221.554,0.33,1.379,3.068
"2026-07-31 18:50",223.875,232.667,220.639,0.332,1.425,3.033
"2026-07-31 18:55",222.164,231.054,218.612,0.329,1.362,3.128
"2026-07-31 19:00",224.602,233.23,221.324,0.332,1.346,3.105
"2026-07-31 19:05",221.907,230.523,218.787,0.33,1.557,2.92
"2026-07-31 19:10",220.945,229.902,213.525,0.329,1.485,10.018
"2026-07-31 19:15",221.362,229.841,218.148,0.329,1.543,2.924
"2026-07-31 19:20",221.93,229.747,217.477,0.332,1.544,2.943
"2026-07-31 19:25",225.61,232.756,220.185,0.336,1.543,2.898
"2026-07-31 19:30",225.711,232.836,220.018,0.336,1.474,2.983
"2026-07-31 19:35",225.988,233.384,216.044,0.337,1.464,10.042
"2026-07-31 19:40",226.37,233.348,220.752,0.338,1.513,2.924
"2026-07-31 19:45",225.752,233.004,220.174,0.337,1.514,2.93
"2026-07-31 19:50",225.824,233.028,220.671,0.336,1.506,2.938
"2026-07-31 19:55",224.958,232.195,219.702,0.334,1.468,2.994
"2026-07-31 20:00",225.852,232.941,220.591,0.336,1.513,2.939
"2026-07-31 20:05",225.934,233.834,216.299,0.337,1.444,10.206
"2026-07-31 20:10",225.817,232.913,219.967,0.335,1.46,2.996
"2026-07-31 20:15",225.248,232.426,219.822,0.336,1.529,2.922
"2026-07-31 20:20",225.138,231.578,219.343,0.336,1.525,2.936
"2026-07-31 20:25",226.057,233.069,220.195,0.337,1.479,2.981
"2026-07-31 20:30",225.035,232.162,219.451,0.337,1.475,2.998
"2026-07-31 20:35",224.936,232.668,215.45,0.337,1.474,9.937
"2026-07-31 20:40",225.101,232.072,219.229,0.34,1.481,2.984
"2026-07-31 20:45",225.134,232.171,219.302,0.338,1.515,2.941
"2026-07-31 20:50",225.414,232.606,219.772,0.339,1.462,3.001
"2026-07-31 20:55",225.548,232.488,219.844,0.339,1.465,2.999